bash: warning: setlocale: LC_ALL: cannot change locale (C.UTF-8)
bash: warning: setlocale: LC_ALL: cannot change locale (C.UTF-8)
bash: warning: setlocale: LC_ALL: cannot change locale (C.UTF-8)
bash: warning: setlocale: LC_ALL: cannot change locale (C.UTF-8)
GET maize_ZEAMAP/variation/AMP_SNP_anno.vcf.gz
GET maize_ZEAMAP/variation/AMP_SNP_anno.vcf.gz.tbi
GET maize_ZEAMAP/epigenome/dna_methylation/01_regions/AMP_mCG_bed/04K5686.bedgraph.gz
GET maize_ZEAMAP/epigenome/dna_methylation/01_regions/AMP_mCG_bed/04K5686.bedgraph.gz.tbi
bash: warning: setlocale: LC_ALL: cannot change locale (C.UTF-8)
GET maize_ZEAMAP/epigenome/dna_methylation/01_regions/AMP_mCG_bed/05WN230.bedgraph.gz
bash: warning: setlocale: LC_ALL: cannot change locale (C.UTF-8)
GET maize_ZEAMAP/epigenome/dna_methylation/01_regions/AMP_mCG_bed/05WN230.bedgraph.gz.tbi
bash: warning: setlocale: LC_ALL: cannot change locale (C.UTF-8)
GET maize_ZEAMAP/epigenome/dna_methylation/01_regions/AMP_mCG_bed/07KS4.bedgraph.gz
bash: warning: setlocale: LC_ALL: cannot change locale (C.UTF-8)
bash: warning: setlocale: LC_ALL: cannot change locale (C.UTF-8)
GET maize_ZEAMAP/epigenome/dna_methylation/01_regions/AMP_mCG_bed/07KS4.bedgraph.gz.tbi
GET maize_ZEAMAP/epigenome/dna_methylation/01_regions/AMP_mCG_bed/1323.bedgraph.gz
bash: warning: setlocale: LC_ALL: cannot change locale (C.UTF-8)
GET maize_ZEAMAP/epigenome/dna_methylation/01_regions/AMP_mCG_bed/1323.bedgraph.gz.tbi
bash: warning: setlocale: LC_ALL: cannot change locale (C.UTF-8)
GET maize_ZEAMAP/epigenome/dna_methylation/01_regions/AMP_mCG_bed/150.bedgraph.gz
bash: warning: setlocale: LC_ALL: cannot change locale (C.UTF-8)
GET maize_ZEAMAP/epigenome/dna_methylation/01_regions/AMP_mCG_bed/150.bedgraph.gz.tbi
bash: warning: setlocale: LC_ALL: cannot change locale (C.UTF-8)
GET maize_ZEAMAP/epigenome/dna_methylation/01_regions/AMP_mCG_bed/177.bedgraph.gz
bash: warning: setlocale: LC_ALL: cannot change locale (C.UTF-8)
GET maize_ZEAMAP/epigenome/dna_methylation/01_regions/AMP_mCG_bed/177.bedgraph.gz.tbi
bash: warning: setlocale: LC_ALL: cannot change locale (C.UTF-8)
GET maize_ZEAMAP/epigenome/dna_methylation/01_regions/AMP_mCG_bed/238.bedgraph.gz
bash: warning: setlocale: LC_ALL: cannot change locale (C.UTF-8)
GET maize_ZEAMAP/epigenome/dna_methylation/01_regions/AMP_mCG_bed/238.bedgraph.gz.tbi
bash: warning: setlocale: LC_ALL: cannot change locale (C.UTF-8)
GET maize_ZEAMAP/epigenome/dna_methylation/01_regions/AMP_mCG_bed/268.bedgraph.gz
bash: warning: setlocale: LC_ALL: cannot change locale (C.UTF-8)
GET maize_ZEAMAP/epigenome/dna_methylation/01_regions/AMP_mCG_bed/268.bedgraph.gz.tbi
bash: warning: setlocale: LC_ALL: cannot change locale (C.UTF-8)
GET maize_ZEAMAP/epigenome/dna_methylation/01_regions/AMP_mCG_bed/384-2.bedgraph.gz
bash: warning: setlocale: LC_ALL: cannot change locale (C.UTF-8)
GET maize_ZEAMAP/epigenome/dna_methylation/01_regions/AMP_mCG_bed/384-2.bedgraph.gz.tbi
bash: warning: setlocale: LC_ALL: cannot change locale (C.UTF-8)
GET maize_ZEAMAP/epigenome/dna_methylation/01_regions/AMP_mCG_bed/4019.bedgraph.gz
bash: warning: setlocale: LC_ALL: cannot change locale (C.UTF-8)
GET maize_ZEAMAP/epigenome/dna_methylation/01_regions/AMP_mCG_bed/4019.bedgraph.gz.tbi
bash: warning: setlocale: LC_ALL: cannot change locale (C.UTF-8)
GET maize_ZEAMAP/epigenome/dna_methylation/01_regions/AMP_mCG_bed/4F1.bedgraph.gz
bash: warning: setlocale: LC_ALL: cannot change locale (C.UTF-8)
GET maize_ZEAMAP/epigenome/dna_methylation/01_regions/AMP_mCG_bed/4F1.bedgraph.gz.tbi
bash: warning: setlocale: LC_ALL: cannot change locale (C.UTF-8)
GET maize_ZEAMAP/epigenome/dna_methylation/01_regions/AMP_mCG_bed/501.bedgraph.gz
bash: warning: setlocale: LC_ALL: cannot change locale (C.UTF-8)
GET maize_ZEAMAP/epigenome/dna_methylation/01_regions/AMP_mCG_bed/501.bedgraph.gz.tbi
bash: warning: setlocale: LC_ALL: cannot change locale (C.UTF-8)
GET maize_ZEAMAP/epigenome/dna_methylation/01_regions/AMP_mCG_bed/5213.bedgraph.gz
bash: warning: setlocale: LC_ALL: cannot change locale (C.UTF-8)
GET maize_ZEAMAP/epigenome/dna_methylation/01_regions/AMP_mCG_bed/5213.bedgraph.gz.tbi
bash: warning: setlocale: LC_ALL: cannot change locale (C.UTF-8)
bash: warning: setlocale: LC_ALL: cannot change locale (C.UTF-8)
GET maize_ZEAMAP/epigenome/dna_methylation/01_regions/AMP_mCG_bed/7327.bedgraph.gz
GET maize_ZEAMAP/epigenome/dna_methylation/01_regions/AMP_mCG_bed/7327.bedgraph.gz.tbi
bash: warning: setlocale: LC_ALL: cannot change locale (C.UTF-8)
GET maize_ZEAMAP/epigenome/dna_methylation/01_regions/AMP_mCG_bed/7381.bedgraph.gz
bash: warning: setlocale: LC_ALL: cannot change locale (C.UTF-8)
GET maize_ZEAMAP/epigenome/dna_methylation/01_regions/AMP_mCG_bed/7381.bedgraph.gz.tbi
bash: warning: setlocale: LC_ALL: cannot change locale (C.UTF-8)
GET maize_ZEAMAP/epigenome/dna_methylation/01_regions/AMP_mCG_bed/812.bedgraph.gz
bash: warning: setlocale: LC_ALL: cannot change locale (C.UTF-8)
GET maize_ZEAMAP/epigenome/dna_methylation/01_regions/AMP_mCG_bed/812.bedgraph.gz.tbi
bash: warning: setlocale: LC_ALL: cannot change locale (C.UTF-8)
GET maize_ZEAMAP/epigenome/dna_methylation/01_regions/AMP_mCG_bed/832.bedgraph.gz
bash: warning: setlocale: LC_ALL: cannot change locale (C.UTF-8)
GET maize_ZEAMAP/epigenome/dna_methylation/01_regions/AMP_mCG_bed/832.bedgraph.gz.tbi
bash: warning: setlocale: LC_ALL: cannot change locale (C.UTF-8)
GET maize_ZEAMAP/epigenome/dna_methylation/01_regions/AMP_mCG_bed/835A.bedgraph.gz
bash: warning: setlocale: LC_ALL: cannot change locale (C.UTF-8)
GET maize_ZEAMAP/epigenome/dna_methylation/01_regions/AMP_mCG_bed/835A.bedgraph.gz.tbi
bash: warning: setlocale: LC_ALL: cannot change locale (C.UTF-8)
GET maize_ZEAMAP/epigenome/dna_methylation/01_regions/AMP_mCG_bed/8902.bedgraph.gz
bash: warning: setlocale: LC_ALL: cannot change locale (C.UTF-8)
GET maize_ZEAMAP/epigenome/dna_methylation/01_regions/AMP_mCG_bed/8902.bedgraph.gz.tbi
bash: warning: setlocale: LC_ALL: cannot change locale (C.UTF-8)
GET maize_ZEAMAP/epigenome/dna_methylation/01_regions/AMP_mCG_bed/975-12.bedgraph.gz
bash: warning: setlocale: LC_ALL: cannot change locale (C.UTF-8)
bash: warning: setlocale: LC_ALL: cannot change locale (C.UTF-8)
GET maize_ZEAMAP/epigenome/dna_methylation/01_regions/AMP_mCG_bed/975-12.bedgraph.gz.tbi
GET maize_ZEAMAP/epigenome/dna_methylation/01_regions/AMP_mCG_bed/A619.bedgraph.gz
bash: warning: setlocale: LC_ALL: cannot change locale (C.UTF-8)
GET maize_ZEAMAP/epigenome/dna_methylation/01_regions/AMP_mCG_bed/A619.bedgraph.gz.tbi
bash: warning: setlocale: LC_ALL: cannot change locale (C.UTF-8)
GET maize_ZEAMAP/epigenome/dna_methylation/01_regions/AMP_mCG_bed/B11.bedgraph.gz
bash: warning: setlocale: LC_ALL: cannot change locale (C.UTF-8)
GET maize_ZEAMAP/epigenome/dna_methylation/01_regions/AMP_mCG_bed/B11.bedgraph.gz.tbi
bash: warning: setlocale: LC_ALL: cannot change locale (C.UTF-8)
GET maize_ZEAMAP/epigenome/dna_methylation/01_regions/AMP_mCG_bed/B110.bedgraph.gz
bash: warning: setlocale: LC_ALL: cannot change locale (C.UTF-8)
GET maize_ZEAMAP/epigenome/dna_methylation/01_regions/AMP_mCG_bed/B110.bedgraph.gz.tbi
bash: warning: setlocale: LC_ALL: cannot change locale (C.UTF-8)
GET maize_ZEAMAP/epigenome/dna_methylation/01_regions/AMP_mCG_bed/B111.bedgraph.gz
bash: warning: setlocale: LC_ALL: cannot change locale (C.UTF-8)
GET maize_ZEAMAP/epigenome/dna_methylation/01_regions/AMP_mCG_bed/B111.bedgraph.gz.tbi
bash: warning: setlocale: LC_ALL: cannot change locale (C.UTF-8)
GET maize_ZEAMAP/epigenome/dna_methylation/01_regions/AMP_mCG_bed/B73.bedgraph.gz
bash: warning: setlocale: LC_ALL: cannot change locale (C.UTF-8)
GET maize_ZEAMAP/epigenome/dna_methylation/01_regions/AMP_mCG_bed/B73.bedgraph.gz.tbi
bash: warning: setlocale: LC_ALL: cannot change locale (C.UTF-8)
GET maize_ZEAMAP/epigenome/dna_methylation/01_regions/AMP_mCG_bed/BEM.bedgraph.gz
bash: warning: setlocale: LC_ALL: cannot change locale (C.UTF-8)
GET maize_ZEAMAP/epigenome/dna_methylation/01_regions/AMP_mCG_bed/BEM.bedgraph.gz.tbi
bash: warning: setlocale: LC_ALL: cannot change locale (C.UTF-8)
GET maize_ZEAMAP/epigenome/dna_methylation/01_regions/AMP_mCG_bed/BS16.bedgraph.gz
bash: warning: setlocale: LC_ALL: cannot change locale (C.UTF-8)
GET maize_ZEAMAP/epigenome/dna_methylation/01_regions/AMP_mCG_bed/BS16.bedgraph.gz.tbi
bash: warning: setlocale: LC_ALL: cannot change locale (C.UTF-8)
GET maize_ZEAMAP/epigenome/dna_methylation/01_regions/AMP_mCG_bed/BY4839.bedgraph.gz
bash: warning: setlocale: LC_ALL: cannot change locale (C.UTF-8)
GET maize_ZEAMAP/epigenome/dna_methylation/01_regions/AMP_mCG_bed/BY4839.bedgraph.gz.tbi
bash: warning: setlocale: LC_ALL: cannot change locale (C.UTF-8)
GET maize_ZEAMAP/epigenome/dna_methylation/01_regions/AMP_mCG_bed/BY4944.bedgraph.gz
bash: warning: setlocale: LC_ALL: cannot change locale (C.UTF-8)
GET maize_ZEAMAP/epigenome/dna_methylation/01_regions/AMP_mCG_bed/BY4944.bedgraph.gz.tbi
bash: warning: setlocale: LC_ALL: cannot change locale (C.UTF-8)
GET maize_ZEAMAP/epigenome/dna_methylation/01_regions/AMP_mCG_bed/BY4960.bedgraph.gz
bash: warning: setlocale: LC_ALL: cannot change locale (C.UTF-8)
bash: warning: setlocale: LC_ALL: cannot change locale (C.UTF-8)
GET maize_ZEAMAP/epigenome/dna_methylation/01_regions/AMP_mCG_bed/BY4960.bedgraph.gz.tbi
GET maize_ZEAMAP/epigenome/dna_methylation/01_regions/AMP_mCG_bed/BY809.bedgraph.gz
bash: warning: setlocale: LC_ALL: cannot change locale (C.UTF-8)
GET maize_ZEAMAP/epigenome/dna_methylation/01_regions/AMP_mCG_bed/BY809.bedgraph.gz.tbi
bash: warning: setlocale: LC_ALL: cannot change locale (C.UTF-8)
GET maize_ZEAMAP/epigenome/dna_methylation/01_regions/AMP_mCG_bed/BY813.bedgraph.gz
bash: warning: setlocale: LC_ALL: cannot change locale (C.UTF-8)
GET maize_ZEAMAP/epigenome/dna_methylation/01_regions/AMP_mCG_bed/BY813.bedgraph.gz.tbi
bash: warning: setlocale: LC_ALL: cannot change locale (C.UTF-8)
GET maize_ZEAMAP/epigenome/dna_methylation/01_regions/AMP_mCG_bed/BY815.bedgraph.gz
bash: warning: setlocale: LC_ALL: cannot change locale (C.UTF-8)
GET maize_ZEAMAP/epigenome/dna_methylation/01_regions/AMP_mCG_bed/BY815.bedgraph.gz.tbi
bash: warning: setlocale: LC_ALL: cannot change locale (C.UTF-8)
GET maize_ZEAMAP/epigenome/dna_methylation/01_regions/AMP_mCG_bed/BY855.bedgraph.gz
bash: warning: setlocale: LC_ALL: cannot change locale (C.UTF-8)
GET maize_ZEAMAP/epigenome/dna_methylation/01_regions/AMP_mCG_bed/BY855.bedgraph.gz.tbi
bash: warning: setlocale: LC_ALL: cannot change locale (C.UTF-8)
GET maize_ZEAMAP/epigenome/dna_methylation/01_regions/AMP_mCG_bed/CF3.bedgraph.gz
bash: warning: setlocale: LC_ALL: cannot change locale (C.UTF-8)
GET maize_ZEAMAP/epigenome/dna_methylation/01_regions/AMP_mCG_bed/CF3.bedgraph.gz.tbi
bash: warning: setlocale: LC_ALL: cannot change locale (C.UTF-8)
GET maize_ZEAMAP/epigenome/dna_methylation/01_regions/AMP_mCG_bed/CHENG698.bedgraph.gz
bash: warning: setlocale: LC_ALL: cannot change locale (C.UTF-8)
bash: warning: setlocale: LC_ALL: cannot change locale (C.UTF-8)
GET maize_ZEAMAP/epigenome/dna_methylation/01_regions/AMP_mCG_bed/CHENG698.bedgraph.gz.tbi
GET maize_ZEAMAP/epigenome/dna_methylation/01_regions/AMP_mCG_bed/CIMBL10.bedgraph.gz
bash: warning: setlocale: LC_ALL: cannot change locale (C.UTF-8)
GET maize_ZEAMAP/epigenome/dna_methylation/01_regions/AMP_mCG_bed/CIMBL10.bedgraph.gz.tbi
bash: warning: setlocale: LC_ALL: cannot change locale (C.UTF-8)
bash: warning: setlocale: LC_ALL: cannot change locale (C.UTF-8)
GET maize_ZEAMAP/epigenome/dna_methylation/01_regions/AMP_mCG_bed/CIMBL105.bedgraph.gz
GET maize_ZEAMAP/epigenome/dna_methylation/01_regions/AMP_mCG_bed/CIMBL105.bedgraph.gz.tbi
bash: warning: setlocale: LC_ALL: cannot change locale (C.UTF-8)
GET maize_ZEAMAP/epigenome/dna_methylation/01_regions/AMP_mCG_bed/CIMBL107.bedgraph.gz
bash: warning: setlocale: LC_ALL: cannot change locale (C.UTF-8)
GET maize_ZEAMAP/epigenome/dna_methylation/01_regions/AMP_mCG_bed/CIMBL107.bedgraph.gz.tbi
bash: warning: setlocale: LC_ALL: cannot change locale (C.UTF-8)
GET maize_ZEAMAP/epigenome/dna_methylation/01_regions/AMP_mCG_bed/CIMBL108.bedgraph.gz
bash: warning: setlocale: LC_ALL: cannot change locale (C.UTF-8)
GET maize_ZEAMAP/epigenome/dna_methylation/01_regions/AMP_mCG_bed/CIMBL108.bedgraph.gz.tbi
bash: warning: setlocale: LC_ALL: cannot change locale (C.UTF-8)
GET maize_ZEAMAP/epigenome/dna_methylation/01_regions/AMP_mCG_bed/CIMBL109.bedgraph.gz
bash: warning: setlocale: LC_ALL: cannot change locale (C.UTF-8)
GET maize_ZEAMAP/epigenome/dna_methylation/01_regions/AMP_mCG_bed/CIMBL109.bedgraph.gz.tbi
bash: warning: setlocale: LC_ALL: cannot change locale (C.UTF-8)
GET maize_ZEAMAP/epigenome/dna_methylation/01_regions/AMP_mCG_bed/CIMBL11.bedgraph.gz
bash: warning: setlocale: LC_ALL: cannot change locale (C.UTF-8)
GET maize_ZEAMAP/epigenome/dna_methylation/01_regions/AMP_mCG_bed/CIMBL11.bedgraph.gz.tbi
bash: warning: setlocale: LC_ALL: cannot change locale (C.UTF-8)
GET maize_ZEAMAP/epigenome/dna_methylation/01_regions/AMP_mCG_bed/CIMBL110.bedgraph.gz
bash: warning: setlocale: LC_ALL: cannot change locale (C.UTF-8)
GET maize_ZEAMAP/epigenome/dna_methylation/01_regions/AMP_mCG_bed/CIMBL110.bedgraph.gz.tbi
bash: warning: setlocale: LC_ALL: cannot change locale (C.UTF-8)
GET maize_ZEAMAP/epigenome/dna_methylation/01_regions/AMP_mCG_bed/CIMBL112.bedgraph.gz
bash: warning: setlocale: LC_ALL: cannot change locale (C.UTF-8)
bash: warning: setlocale: LC_ALL: cannot change locale (C.UTF-8)
GET maize_ZEAMAP/epigenome/dna_methylation/01_regions/AMP_mCG_bed/CIMBL112.bedgraph.gz.tbi
GET maize_ZEAMAP/epigenome/dna_methylation/01_regions/AMP_mCG_bed/CIMBL114.bedgraph.gz
bash: warning: setlocale: LC_ALL: cannot change locale (C.UTF-8)
GET maize_ZEAMAP/epigenome/dna_methylation/01_regions/AMP_mCG_bed/CIMBL114.bedgraph.gz.tbi
bash: warning: setlocale: LC_ALL: cannot change locale (C.UTF-8)
GET maize_ZEAMAP/epigenome/dna_methylation/01_regions/AMP_mCG_bed/CIMBL116.bedgraph.gz
bash: warning: setlocale: LC_ALL: cannot change locale (C.UTF-8)
GET maize_ZEAMAP/epigenome/dna_methylation/01_regions/AMP_mCG_bed/CIMBL116.bedgraph.gz.tbi
bash: warning: setlocale: LC_ALL: cannot change locale (C.UTF-8)
bash: warning: setlocale: LC_ALL: cannot change locale (C.UTF-8)
bash: warning: setlocale: LC_ALL: cannot change locale (C.UTF-8)
GET maize_ZEAMAP/epigenome/dna_methylation/01_regions/AMP_mCG_bed/CIMBL12.bedgraph.gz
GET maize_ZEAMAP/epigenome/dna_methylation/01_regions/AMP_mCG_bed/CIMBL12.bedgraph.gz.tbi
GET maize_ZEAMAP/epigenome/dna_methylation/01_regions/AMP_mCG_bed/CIMBL125.bedgraph.gz
bash: warning: setlocale: LC_ALL: cannot change locale (C.UTF-8)
bash: warning: setlocale: LC_ALL: cannot change locale (C.UTF-8)
GET maize_ZEAMAP/epigenome/dna_methylation/01_regions/AMP_mCG_bed/CIMBL125.bedgraph.gz.tbi
GET maize_ZEAMAP/epigenome/dna_methylation/01_regions/AMP_mCG_bed/CIMBL126.bedgraph.gz
bash: warning: setlocale: LC_ALL: cannot change locale (C.UTF-8)
GET maize_ZEAMAP/epigenome/dna_methylation/01_regions/AMP_mCG_bed/CIMBL126.bedgraph.gz.tbi
bash: warning: setlocale: LC_ALL: cannot change locale (C.UTF-8)
bash: warning: setlocale: LC_ALL: cannot change locale (C.UTF-8)
GET maize_ZEAMAP/epigenome/dna_methylation/01_regions/AMP_mCG_bed/CIMBL127.bedgraph.gz
GET maize_ZEAMAP/epigenome/dna_methylation/01_regions/AMP_mCG_bed/CIMBL127.bedgraph.gz.tbi
bash: warning: setlocale: LC_ALL: cannot change locale (C.UTF-8)
GET maize_ZEAMAP/epigenome/dna_methylation/01_regions/AMP_mCG_bed/CIMBL129.bedgraph.gz
bash: warning: setlocale: LC_ALL: cannot change locale (C.UTF-8)
GET maize_ZEAMAP/epigenome/dna_methylation/01_regions/AMP_mCG_bed/CIMBL129.bedgraph.gz.tbi
bash: warning: setlocale: LC_ALL: cannot change locale (C.UTF-8)
GET maize_ZEAMAP/epigenome/dna_methylation/01_regions/AMP_mCG_bed/CIMBL13.bedgraph.gz
bash: warning: setlocale: LC_ALL: cannot change locale (C.UTF-8)
GET maize_ZEAMAP/epigenome/dna_methylation/01_regions/AMP_mCG_bed/CIMBL13.bedgraph.gz.tbi
bash: warning: setlocale: LC_ALL: cannot change locale (C.UTF-8)
GET maize_ZEAMAP/epigenome/dna_methylation/01_regions/AMP_mCG_bed/CIMBL130.bedgraph.gz
bash: warning: setlocale: LC_ALL: cannot change locale (C.UTF-8)
bash: warning: setlocale: LC_ALL: cannot change locale (C.UTF-8)
GET maize_ZEAMAP/epigenome/dna_methylation/01_regions/AMP_mCG_bed/CIMBL130.bedgraph.gz.tbi
GET maize_ZEAMAP/epigenome/dna_methylation/01_regions/AMP_mCG_bed/CIMBL131.bedgraph.gz
bash: warning: setlocale: LC_ALL: cannot change locale (C.UTF-8)
GET maize_ZEAMAP/epigenome/dna_methylation/01_regions/AMP_mCG_bed/CIMBL131.bedgraph.gz.tbi
bash: warning: setlocale: LC_ALL: cannot change locale (C.UTF-8)
GET maize_ZEAMAP/epigenome/dna_methylation/01_regions/AMP_mCG_bed/CIMBL133.bedgraph.gz
bash: warning: setlocale: LC_ALL: cannot change locale (C.UTF-8)
GET maize_ZEAMAP/epigenome/dna_methylation/01_regions/AMP_mCG_bed/CIMBL133.bedgraph.gz.tbi
bash: warning: setlocale: LC_ALL: cannot change locale (C.UTF-8)
GET maize_ZEAMAP/epigenome/dna_methylation/01_regions/AMP_mCG_bed/CIMBL137.bedgraph.gz
bash: warning: setlocale: LC_ALL: cannot change locale (C.UTF-8)
bash: warning: setlocale: LC_ALL: cannot change locale (C.UTF-8)
GET maize_ZEAMAP/epigenome/dna_methylation/01_regions/AMP_mCG_bed/CIMBL137.bedgraph.gz.tbi
GET maize_ZEAMAP/epigenome/dna_methylation/01_regions/AMP_mCG_bed/CIMBL138.bedgraph.gz
bash: warning: setlocale: LC_ALL: cannot change locale (C.UTF-8)
GET maize_ZEAMAP/epigenome/dna_methylation/01_regions/AMP_mCG_bed/CIMBL138.bedgraph.gz.tbi
bash: warning: setlocale: LC_ALL: cannot change locale (C.UTF-8)
GET maize_ZEAMAP/epigenome/dna_methylation/01_regions/AMP_mCG_bed/CIMBL14.bedgraph.gz
bash: warning: setlocale: LC_ALL: cannot change locale (C.UTF-8)
GET maize_ZEAMAP/epigenome/dna_methylation/01_regions/AMP_mCG_bed/CIMBL14.bedgraph.gz.tbi
bash: warning: setlocale: LC_ALL: cannot change locale (C.UTF-8)
GET maize_ZEAMAP/epigenome/dna_methylation/01_regions/AMP_mCG_bed/CIMBL140.bedgraph.gz
bash: warning: setlocale: LC_ALL: cannot change locale (C.UTF-8)
GET maize_ZEAMAP/epigenome/dna_methylation/01_regions/AMP_mCG_bed/CIMBL140.bedgraph.gz.tbi
bash: warning: setlocale: LC_ALL: cannot change locale (C.UTF-8)
GET maize_ZEAMAP/epigenome/dna_methylation/01_regions/AMP_mCG_bed/CIMBL141.bedgraph.gz
bash: warning: setlocale: LC_ALL: cannot change locale (C.UTF-8)
GET maize_ZEAMAP/epigenome/dna_methylation/01_regions/AMP_mCG_bed/CIMBL141.bedgraph.gz.tbi
bash: warning: setlocale: LC_ALL: cannot change locale (C.UTF-8)
GET maize_ZEAMAP/epigenome/dna_methylation/01_regions/AMP_mCG_bed/CIMBL145.bedgraph.gz
bash: warning: setlocale: LC_ALL: cannot change locale (C.UTF-8)
GET maize_ZEAMAP/epigenome/dna_methylation/01_regions/AMP_mCG_bed/CIMBL145.bedgraph.gz.tbi
bash: warning: setlocale: LC_ALL: cannot change locale (C.UTF-8)
bash: warning: setlocale: LC_ALL: cannot change locale (C.UTF-8)
GET maize_ZEAMAP/epigenome/dna_methylation/01_regions/AMP_mCG_bed/CIMBL148.bedgraph.gz
GET maize_ZEAMAP/epigenome/dna_methylation/01_regions/AMP_mCG_bed/CIMBL148.bedgraph.gz.tbi
bash: warning: setlocale: LC_ALL: cannot change locale (C.UTF-8)
GET maize_ZEAMAP/epigenome/dna_methylation/01_regions/AMP_mCG_bed/CIMBL150.bedgraph.gz
bash: warning: setlocale: LC_ALL: cannot change locale (C.UTF-8)
bash: warning: setlocale: LC_ALL: cannot change locale (C.UTF-8)
GET maize_ZEAMAP/epigenome/dna_methylation/01_regions/AMP_mCG_bed/CIMBL150.bedgraph.gz.tbi
GET maize_ZEAMAP/epigenome/dna_methylation/01_regions/AMP_mCG_bed/CIMBL151.bedgraph.gz
bash: warning: setlocale: LC_ALL: cannot change locale (C.UTF-8)
GET maize_ZEAMAP/epigenome/dna_methylation/01_regions/AMP_mCG_bed/CIMBL151.bedgraph.gz.tbi
bash: warning: setlocale: LC_ALL: cannot change locale (C.UTF-8)
GET maize_ZEAMAP/epigenome/dna_methylation/01_regions/AMP_mCG_bed/CIMBL152.bedgraph.gz
bash: warning: setlocale: LC_ALL: cannot change locale (C.UTF-8)
GET maize_ZEAMAP/epigenome/dna_methylation/01_regions/AMP_mCG_bed/CIMBL152.bedgraph.gz.tbi
bash: warning: setlocale: LC_ALL: cannot change locale (C.UTF-8)
GET maize_ZEAMAP/epigenome/dna_methylation/01_regions/AMP_mCG_bed/CIMBL154.bedgraph.gz
bash: warning: setlocale: LC_ALL: cannot change locale (C.UTF-8)
bash: warning: setlocale: LC_ALL: cannot change locale (C.UTF-8)
GET maize_ZEAMAP/epigenome/dna_methylation/01_regions/AMP_mCG_bed/CIMBL154.bedgraph.gz.tbi
GET maize_ZEAMAP/epigenome/dna_methylation/01_regions/AMP_mCG_bed/CIMBL155.bedgraph.gz
bash: warning: setlocale: LC_ALL: cannot change locale (C.UTF-8)
GET maize_ZEAMAP/epigenome/dna_methylation/01_regions/AMP_mCG_bed/CIMBL155.bedgraph.gz.tbi
bash: warning: setlocale: LC_ALL: cannot change locale (C.UTF-8)
bash: warning: setlocale: LC_ALL: cannot change locale (C.UTF-8)
GET maize_ZEAMAP/epigenome/dna_methylation/01_regions/AMP_mCG_bed/CIMBL17.bedgraph.gz
GET maize_ZEAMAP/epigenome/dna_methylation/01_regions/AMP_mCG_bed/CIMBL17.bedgraph.gz.tbi
bash: warning: setlocale: LC_ALL: cannot change locale (C.UTF-8)
GET maize_ZEAMAP/epigenome/dna_methylation/01_regions/AMP_mCG_bed/CIMBL18.bedgraph.gz
bash: warning: setlocale: LC_ALL: cannot change locale (C.UTF-8)
bash: warning: setlocale: LC_ALL: cannot change locale (C.UTF-8)
GET maize_ZEAMAP/epigenome/dna_methylation/01_regions/AMP_mCG_bed/CIMBL18.bedgraph.gz.tbi
GET maize_ZEAMAP/epigenome/dna_methylation/01_regions/AMP_mCG_bed/CIMBL2.bedgraph.gz
bash: warning: setlocale: LC_ALL: cannot change locale (C.UTF-8)
GET maize_ZEAMAP/epigenome/dna_methylation/01_regions/AMP_mCG_bed/CIMBL2.bedgraph.gz.tbi
bash: warning: setlocale: LC_ALL: cannot change locale (C.UTF-8)
bash: warning: setlocale: LC_ALL: cannot change locale (C.UTF-8)
GET maize_ZEAMAP/epigenome/dna_methylation/01_regions/AMP_mCG_bed/CIMBL20.bedgraph.gz
GET maize_ZEAMAP/epigenome/dna_methylation/01_regions/AMP_mCG_bed/CIMBL20.bedgraph.gz.tbi
bash: warning: setlocale: LC_ALL: cannot change locale (C.UTF-8)
GET maize_ZEAMAP/epigenome/dna_methylation/01_regions/AMP_mCG_bed/CIMBL22.bedgraph.gz
bash: warning: setlocale: LC_ALL: cannot change locale (C.UTF-8)
GET maize_ZEAMAP/epigenome/dna_methylation/01_regions/AMP_mCG_bed/CIMBL22.bedgraph.gz.tbi
bash: warning: setlocale: LC_ALL: cannot change locale (C.UTF-8)
GET maize_ZEAMAP/epigenome/dna_methylation/01_regions/AMP_mCG_bed/CIMBL23.bedgraph.gz
bash: warning: setlocale: LC_ALL: cannot change locale (C.UTF-8)
GET maize_ZEAMAP/epigenome/dna_methylation/01_regions/AMP_mCG_bed/CIMBL23.bedgraph.gz.tbi
bash: warning: setlocale: LC_ALL: cannot change locale (C.UTF-8)
bash: warning: setlocale: LC_ALL: cannot change locale (C.UTF-8)
GET maize_ZEAMAP/epigenome/dna_methylation/01_regions/AMP_mCG_bed/CIMBL25.bedgraph.gz
GET maize_ZEAMAP/epigenome/dna_methylation/01_regions/AMP_mCG_bed/CIMBL25.bedgraph.gz.tbi
bash: warning: setlocale: LC_ALL: cannot change locale (C.UTF-8)
GET maize_ZEAMAP/epigenome/dna_methylation/01_regions/AMP_mCG_bed/CIMBL28.bedgraph.gz
bash: warning: setlocale: LC_ALL: cannot change locale (C.UTF-8)
GET maize_ZEAMAP/epigenome/dna_methylation/01_regions/AMP_mCG_bed/CIMBL28.bedgraph.gz.tbi
bash: warning: setlocale: LC_ALL: cannot change locale (C.UTF-8)
GET maize_ZEAMAP/epigenome/dna_methylation/01_regions/AMP_mCG_bed/CIMBL29.bedgraph.gz
bash: warning: setlocale: LC_ALL: cannot change locale (C.UTF-8)
bash: warning: setlocale: LC_ALL: cannot change locale (C.UTF-8)
GET maize_ZEAMAP/epigenome/dna_methylation/01_regions/AMP_mCG_bed/CIMBL29.bedgraph.gz.tbi
GET maize_ZEAMAP/epigenome/dna_methylation/01_regions/AMP_mCG_bed/CIMBL3.bedgraph.gz
bash: warning: setlocale: LC_ALL: cannot change locale (C.UTF-8)
GET maize_ZEAMAP/epigenome/dna_methylation/01_regions/AMP_mCG_bed/CIMBL3.bedgraph.gz.tbi
bash: warning: setlocale: LC_ALL: cannot change locale (C.UTF-8)
GET maize_ZEAMAP/epigenome/dna_methylation/01_regions/AMP_mCG_bed/CIMBL33.bedgraph.gz
bash: warning: setlocale: LC_ALL: cannot change locale (C.UTF-8)
bash: warning: setlocale: LC_ALL: cannot change locale (C.UTF-8)
GET maize_ZEAMAP/epigenome/dna_methylation/01_regions/AMP_mCG_bed/CIMBL33.bedgraph.gz.tbi
GET maize_ZEAMAP/epigenome/dna_methylation/01_regions/AMP_mCG_bed/CIMBL37.bedgraph.gz
bash: warning: setlocale: LC_ALL: cannot change locale (C.UTF-8)
bash: warning: setlocale: LC_ALL: cannot change locale (C.UTF-8)
GET maize_ZEAMAP/epigenome/dna_methylation/01_regions/AMP_mCG_bed/CIMBL37.bedgraph.gz.tbi
bash: warning: setlocale: LC_ALL: cannot change locale (C.UTF-8)
GET maize_ZEAMAP/epigenome/dna_methylation/01_regions/AMP_mCG_bed/CIMBL39.bedgraph.gz
GET maize_ZEAMAP/epigenome/dna_methylation/01_regions/AMP_mCG_bed/CIMBL39.bedgraph.gz.tbi
bash: warning: setlocale: LC_ALL: cannot change locale (C.UTF-8)
GET maize_ZEAMAP/epigenome/dna_methylation/01_regions/AMP_mCG_bed/CIMBL4.bedgraph.gz
bash: warning: setlocale: LC_ALL: cannot change locale (C.UTF-8)
GET maize_ZEAMAP/epigenome/dna_methylation/01_regions/AMP_mCG_bed/CIMBL4.bedgraph.gz.tbi
bash: warning: setlocale: LC_ALL: cannot change locale (C.UTF-8)
GET maize_ZEAMAP/epigenome/dna_methylation/01_regions/AMP_mCG_bed/CIMBL40.bedgraph.gz
bash: warning: setlocale: LC_ALL: cannot change locale (C.UTF-8)
GET maize_ZEAMAP/epigenome/dna_methylation/01_regions/AMP_mCG_bed/CIMBL40.bedgraph.gz.tbi
bash: warning: setlocale: LC_ALL: cannot change locale (C.UTF-8)
GET maize_ZEAMAP/epigenome/dna_methylation/01_regions/AMP_mCG_bed/CIMBL41.bedgraph.gz
bash: warning: setlocale: LC_ALL: cannot change locale (C.UTF-8)
GET maize_ZEAMAP/epigenome/dna_methylation/01_regions/AMP_mCG_bed/CIMBL41.bedgraph.gz.tbi
bash: warning: setlocale: LC_ALL: cannot change locale (C.UTF-8)
GET maize_ZEAMAP/epigenome/dna_methylation/01_regions/AMP_mCG_bed/CIMBL42.bedgraph.gz
bash: warning: setlocale: LC_ALL: cannot change locale (C.UTF-8)
GET maize_ZEAMAP/epigenome/dna_methylation/01_regions/AMP_mCG_bed/CIMBL42.bedgraph.gz.tbi
bash: warning: setlocale: LC_ALL: cannot change locale (C.UTF-8)
GET maize_ZEAMAP/epigenome/dna_methylation/01_regions/AMP_mCG_bed/CIMBL43.bedgraph.gz
bash: warning: setlocale: LC_ALL: cannot change locale (C.UTF-8)
GET maize_ZEAMAP/epigenome/dna_methylation/01_regions/AMP_mCG_bed/CIMBL43.bedgraph.gz.tbi
bash: warning: setlocale: LC_ALL: cannot change locale (C.UTF-8)
GET maize_ZEAMAP/epigenome/dna_methylation/01_regions/AMP_mCG_bed/CIMBL44.bedgraph.gz
bash: warning: setlocale: LC_ALL: cannot change locale (C.UTF-8)
GET maize_ZEAMAP/epigenome/dna_methylation/01_regions/AMP_mCG_bed/CIMBL44.bedgraph.gz.tbi
bash: warning: setlocale: LC_ALL: cannot change locale (C.UTF-8)
GET maize_ZEAMAP/epigenome/dna_methylation/01_regions/AMP_mCG_bed/CIMBL48.bedgraph.gz
bash: warning: setlocale: LC_ALL: cannot change locale (C.UTF-8)
GET maize_ZEAMAP/epigenome/dna_methylation/01_regions/AMP_mCG_bed/CIMBL48.bedgraph.gz.tbi
bash: warning: setlocale: LC_ALL: cannot change locale (C.UTF-8)
GET maize_ZEAMAP/epigenome/dna_methylation/01_regions/AMP_mCG_bed/CIMBL49.bedgraph.gz
bash: warning: setlocale: LC_ALL: cannot change locale (C.UTF-8)
GET maize_ZEAMAP/epigenome/dna_methylation/01_regions/AMP_mCG_bed/CIMBL49.bedgraph.gz.tbi
bash: warning: setlocale: LC_ALL: cannot change locale (C.UTF-8)
GET maize_ZEAMAP/epigenome/dna_methylation/01_regions/AMP_mCG_bed/CIMBL51.bedgraph.gz
bash: warning: setlocale: LC_ALL: cannot change locale (C.UTF-8)
GET maize_ZEAMAP/epigenome/dna_methylation/01_regions/AMP_mCG_bed/CIMBL51.bedgraph.gz.tbi
bash: warning: setlocale: LC_ALL: cannot change locale (C.UTF-8)
GET maize_ZEAMAP/epigenome/dna_methylation/01_regions/AMP_mCG_bed/CIMBL53.bedgraph.gz
bash: warning: setlocale: LC_ALL: cannot change locale (C.UTF-8)
GET maize_ZEAMAP/epigenome/dna_methylation/01_regions/AMP_mCG_bed/CIMBL53.bedgraph.gz.tbi
bash: warning: setlocale: LC_ALL: cannot change locale (C.UTF-8)
GET maize_ZEAMAP/epigenome/dna_methylation/01_regions/AMP_mCG_bed/CIMBL56.bedgraph.gz
bash: warning: setlocale: LC_ALL: cannot change locale (C.UTF-8)
GET maize_ZEAMAP/epigenome/dna_methylation/01_regions/AMP_mCG_bed/CIMBL56.bedgraph.gz.tbi
bash: warning: setlocale: LC_ALL: cannot change locale (C.UTF-8)
GET maize_ZEAMAP/epigenome/dna_methylation/01_regions/AMP_mCG_bed/CIMBL60.bedgraph.gz
bash: warning: setlocale: LC_ALL: cannot change locale (C.UTF-8)
GET maize_ZEAMAP/epigenome/dna_methylation/01_regions/AMP_mCG_bed/CIMBL60.bedgraph.gz.tbi
bash: warning: setlocale: LC_ALL: cannot change locale (C.UTF-8)
GET maize_ZEAMAP/epigenome/dna_methylation/01_regions/AMP_mCG_bed/CIMBL63.bedgraph.gz
bash: warning: setlocale: LC_ALL: cannot change locale (C.UTF-8)
GET maize_ZEAMAP/epigenome/dna_methylation/01_regions/AMP_mCG_bed/CIMBL63.bedgraph.gz.tbi
bash: warning: setlocale: LC_ALL: cannot change locale (C.UTF-8)
GET maize_ZEAMAP/epigenome/dna_methylation/01_regions/AMP_mCG_bed/CIMBL66.bedgraph.gz
bash: warning: setlocale: LC_ALL: cannot change locale (C.UTF-8)
GET maize_ZEAMAP/epigenome/dna_methylation/01_regions/AMP_mCG_bed/CIMBL66.bedgraph.gz.tbi
bash: warning: setlocale: LC_ALL: cannot change locale (C.UTF-8)
GET maize_ZEAMAP/epigenome/dna_methylation/01_regions/AMP_mCG_bed/CIMBL68.bedgraph.gz
bash: warning: setlocale: LC_ALL: cannot change locale (C.UTF-8)
GET maize_ZEAMAP/epigenome/dna_methylation/01_regions/AMP_mCG_bed/CIMBL68.bedgraph.gz.tbi
bash: warning: setlocale: LC_ALL: cannot change locale (C.UTF-8)
GET maize_ZEAMAP/epigenome/dna_methylation/01_regions/AMP_mCG_bed/CIMBL69.bedgraph.gz
bash: warning: setlocale: LC_ALL: cannot change locale (C.UTF-8)
GET maize_ZEAMAP/epigenome/dna_methylation/01_regions/AMP_mCG_bed/CIMBL69.bedgraph.gz.tbi
bash: warning: setlocale: LC_ALL: cannot change locale (C.UTF-8)
bash: warning: setlocale: LC_ALL: cannot change locale (C.UTF-8)
GET maize_ZEAMAP/epigenome/dna_methylation/01_regions/AMP_mCG_bed/CIMBL7.bedgraph.gz
GET maize_ZEAMAP/epigenome/dna_methylation/01_regions/AMP_mCG_bed/CIMBL7.bedgraph.gz.tbi
bash: warning: setlocale: LC_ALL: cannot change locale (C.UTF-8)
GET maize_ZEAMAP/epigenome/dna_methylation/01_regions/AMP_mCG_bed/CIMBL70.bedgraph.gz
bash: warning: setlocale: LC_ALL: cannot change locale (C.UTF-8)
GET maize_ZEAMAP/epigenome/dna_methylation/01_regions/AMP_mCG_bed/CIMBL70.bedgraph.gz.tbi
bash: warning: setlocale: LC_ALL: cannot change locale (C.UTF-8)
GET maize_ZEAMAP/epigenome/dna_methylation/01_regions/AMP_mCG_bed/CIMBL71.bedgraph.gz
bash: warning: setlocale: LC_ALL: cannot change locale (C.UTF-8)
GET maize_ZEAMAP/epigenome/dna_methylation/01_regions/AMP_mCG_bed/CIMBL71.bedgraph.gz.tbi
bash: warning: setlocale: LC_ALL: cannot change locale (C.UTF-8)
GET maize_ZEAMAP/epigenome/dna_methylation/01_regions/AMP_mCG_bed/CIMBL72.bedgraph.gz
bash: warning: setlocale: LC_ALL: cannot change locale (C.UTF-8)
GET maize_ZEAMAP/epigenome/dna_methylation/01_regions/AMP_mCG_bed/CIMBL72.bedgraph.gz.tbi
bash: warning: setlocale: LC_ALL: cannot change locale (C.UTF-8)
GET maize_ZEAMAP/epigenome/dna_methylation/01_regions/AMP_mCG_bed/CIMBL74.bedgraph.gz
bash: warning: setlocale: LC_ALL: cannot change locale (C.UTF-8)
GET maize_ZEAMAP/epigenome/dna_methylation/01_regions/AMP_mCG_bed/CIMBL74.bedgraph.gz.tbi
bash: warning: setlocale: LC_ALL: cannot change locale (C.UTF-8)
bash: warning: setlocale: LC_ALL: cannot change locale (C.UTF-8)
bash: warning: setlocale: LC_ALL: cannot change locale (C.UTF-8)
GET maize_ZEAMAP/epigenome/dna_methylation/01_regions/AMP_mCG_bed/CIMBL75.bedgraph.gz
GET maize_ZEAMAP/epigenome/dna_methylation/01_regions/AMP_mCG_bed/CIMBL75.bedgraph.gz.tbi
GET maize_ZEAMAP/epigenome/dna_methylation/01_regions/AMP_mCG_bed/CIMBL76.bedgraph.gz
bash: warning: setlocale: LC_ALL: cannot change locale (C.UTF-8)
GET maize_ZEAMAP/epigenome/dna_methylation/01_regions/AMP_mCG_bed/CIMBL76.bedgraph.gz.tbi
bash: warning: setlocale: LC_ALL: cannot change locale (C.UTF-8)
bash: warning: setlocale: LC_ALL: cannot change locale (C.UTF-8)
GET maize_ZEAMAP/epigenome/dna_methylation/01_regions/AMP_mCG_bed/CIMBL77.bedgraph.gz
GET maize_ZEAMAP/epigenome/dna_methylation/01_regions/AMP_mCG_bed/CIMBL77.bedgraph.gz.tbi
bash: warning: setlocale: LC_ALL: cannot change locale (C.UTF-8)
GET maize_ZEAMAP/epigenome/dna_methylation/01_regions/AMP_mCG_bed/CIMBL8.bedgraph.gz
bash: warning: setlocale: LC_ALL: cannot change locale (C.UTF-8)
bash: warning: setlocale: LC_ALL: cannot change locale (C.UTF-8)
GET maize_ZEAMAP/epigenome/dna_methylation/01_regions/AMP_mCG_bed/CIMBL8.bedgraph.gz.tbi
GET maize_ZEAMAP/epigenome/dna_methylation/01_regions/AMP_mCG_bed/CIMBL82.bedgraph.gz
bash: warning: setlocale: LC_ALL: cannot change locale (C.UTF-8)
GET maize_ZEAMAP/epigenome/dna_methylation/01_regions/AMP_mCG_bed/CIMBL82.bedgraph.gz.tbi
bash: warning: setlocale: LC_ALL: cannot change locale (C.UTF-8)
GET maize_ZEAMAP/epigenome/dna_methylation/01_regions/AMP_mCG_bed/CIMBL83.bedgraph.gz
bash: warning: setlocale: LC_ALL: cannot change locale (C.UTF-8)
GET maize_ZEAMAP/epigenome/dna_methylation/01_regions/AMP_mCG_bed/CIMBL83.bedgraph.gz.tbi
bash: warning: setlocale: LC_ALL: cannot change locale (C.UTF-8)
GET maize_ZEAMAP/epigenome/dna_methylation/01_regions/AMP_mCG_bed/CIMBL86.bedgraph.gz
bash: warning: setlocale: LC_ALL: cannot change locale (C.UTF-8)
GET maize_ZEAMAP/epigenome/dna_methylation/01_regions/AMP_mCG_bed/CIMBL86.bedgraph.gz.tbi
bash: warning: setlocale: LC_ALL: cannot change locale (C.UTF-8)
GET maize_ZEAMAP/epigenome/dna_methylation/01_regions/AMP_mCG_bed/CIMBL88.bedgraph.gz
bash: warning: setlocale: LC_ALL: cannot change locale (C.UTF-8)
GET maize_ZEAMAP/epigenome/dna_methylation/01_regions/AMP_mCG_bed/CIMBL88.bedgraph.gz.tbi
bash: warning: setlocale: LC_ALL: cannot change locale (C.UTF-8)
GET maize_ZEAMAP/epigenome/dna_methylation/01_regions/AMP_mCG_bed/CIMBL9.bedgraph.gz
bash: warning: setlocale: LC_ALL: cannot change locale (C.UTF-8)
GET maize_ZEAMAP/epigenome/dna_methylation/01_regions/AMP_mCG_bed/CIMBL9.bedgraph.gz.tbi
bash: warning: setlocale: LC_ALL: cannot change locale (C.UTF-8)
GET maize_ZEAMAP/epigenome/dna_methylation/01_regions/AMP_mCG_bed/CIMBL91.bedgraph.gz
bash: warning: setlocale: LC_ALL: cannot change locale (C.UTF-8)
GET maize_ZEAMAP/epigenome/dna_methylation/01_regions/AMP_mCG_bed/CIMBL91.bedgraph.gz.tbi
bash: warning: setlocale: LC_ALL: cannot change locale (C.UTF-8)
GET maize_ZEAMAP/epigenome/dna_methylation/01_regions/AMP_mCG_bed/CIMBL92.bedgraph.gz
bash: warning: setlocale: LC_ALL: cannot change locale (C.UTF-8)
bash: warning: setlocale: LC_ALL: cannot change locale (C.UTF-8)
GET maize_ZEAMAP/epigenome/dna_methylation/01_regions/AMP_mCG_bed/CIMBL92.bedgraph.gz.tbi
GET maize_ZEAMAP/epigenome/dna_methylation/01_regions/AMP_mCG_bed/CIMBL94.bedgraph.gz
bash: warning: setlocale: LC_ALL: cannot change locale (C.UTF-8)
GET maize_ZEAMAP/epigenome/dna_methylation/01_regions/AMP_mCG_bed/CIMBL94.bedgraph.gz.tbi
bash: warning: setlocale: LC_ALL: cannot change locale (C.UTF-8)
GET maize_ZEAMAP/epigenome/dna_methylation/01_regions/AMP_mCG_bed/CIMBL95.bedgraph.gz
bash: warning: setlocale: LC_ALL: cannot change locale (C.UTF-8)
GET maize_ZEAMAP/epigenome/dna_methylation/01_regions/AMP_mCG_bed/CIMBL95.bedgraph.gz.tbi
bash: warning: setlocale: LC_ALL: cannot change locale (C.UTF-8)
GET maize_ZEAMAP/epigenome/dna_methylation/01_regions/AMP_mCG_bed/CIMBL96.bedgraph.gz
bash: warning: setlocale: LC_ALL: cannot change locale (C.UTF-8)
GET maize_ZEAMAP/epigenome/dna_methylation/01_regions/AMP_mCG_bed/CIMBL96.bedgraph.gz.tbi
bash: warning: setlocale: LC_ALL: cannot change locale (C.UTF-8)
GET maize_ZEAMAP/epigenome/dna_methylation/01_regions/AMP_mCG_bed/CIMBL99.bedgraph.gz
bash: warning: setlocale: LC_ALL: cannot change locale (C.UTF-8)
GET maize_ZEAMAP/epigenome/dna_methylation/01_regions/AMP_mCG_bed/CIMBL99.bedgraph.gz.tbi
bash: warning: setlocale: LC_ALL: cannot change locale (C.UTF-8)
GET maize_ZEAMAP/epigenome/dna_methylation/01_regions/AMP_mCG_bed/CML114.bedgraph.gz
bash: warning: setlocale: LC_ALL: cannot change locale (C.UTF-8)
GET maize_ZEAMAP/epigenome/dna_methylation/01_regions/AMP_mCG_bed/CML114.bedgraph.gz.tbi
bash: warning: setlocale: LC_ALL: cannot change locale (C.UTF-8)
GET maize_ZEAMAP/epigenome/dna_methylation/01_regions/AMP_mCG_bed/CML121.bedgraph.gz
bash: warning: setlocale: LC_ALL: cannot change locale (C.UTF-8)
GET maize_ZEAMAP/epigenome/dna_methylation/01_regions/AMP_mCG_bed/CML121.bedgraph.gz.tbi
bash: warning: setlocale: LC_ALL: cannot change locale (C.UTF-8)
GET maize_ZEAMAP/epigenome/dna_methylation/01_regions/AMP_mCG_bed/CML122.bedgraph.gz
bash: warning: setlocale: LC_ALL: cannot change locale (C.UTF-8)
GET maize_ZEAMAP/epigenome/dna_methylation/01_regions/AMP_mCG_bed/CML122.bedgraph.gz.tbi
bash: warning: setlocale: LC_ALL: cannot change locale (C.UTF-8)
GET maize_ZEAMAP/epigenome/dna_methylation/01_regions/AMP_mCG_bed/CML130.bedgraph.gz
bash: warning: setlocale: LC_ALL: cannot change locale (C.UTF-8)
GET maize_ZEAMAP/epigenome/dna_methylation/01_regions/AMP_mCG_bed/CML130.bedgraph.gz.tbi
bash: warning: setlocale: LC_ALL: cannot change locale (C.UTF-8)
GET maize_ZEAMAP/epigenome/dna_methylation/01_regions/AMP_mCG_bed/CML134.bedgraph.gz
bash: warning: setlocale: LC_ALL: cannot change locale (C.UTF-8)
GET maize_ZEAMAP/epigenome/dna_methylation/01_regions/AMP_mCG_bed/CML134.bedgraph.gz.tbi
bash: warning: setlocale: LC_ALL: cannot change locale (C.UTF-8)
GET maize_ZEAMAP/epigenome/dna_methylation/01_regions/AMP_mCG_bed/CML139.bedgraph.gz
bash: warning: setlocale: LC_ALL: cannot change locale (C.UTF-8)
GET maize_ZEAMAP/epigenome/dna_methylation/01_regions/AMP_mCG_bed/CML139.bedgraph.gz.tbi
bash: warning: setlocale: LC_ALL: cannot change locale (C.UTF-8)
GET maize_ZEAMAP/epigenome/dna_methylation/01_regions/AMP_mCG_bed/CML162.bedgraph.gz
bash: warning: setlocale: LC_ALL: cannot change locale (C.UTF-8)
GET maize_ZEAMAP/epigenome/dna_methylation/01_regions/AMP_mCG_bed/CML162.bedgraph.gz.tbi
bash: warning: setlocale: LC_ALL: cannot change locale (C.UTF-8)
GET maize_ZEAMAP/epigenome/dna_methylation/01_regions/AMP_mCG_bed/CML163.bedgraph.gz
bash: warning: setlocale: LC_ALL: cannot change locale (C.UTF-8)
GET maize_ZEAMAP/epigenome/dna_methylation/01_regions/AMP_mCG_bed/CML163.bedgraph.gz.tbi
bash: warning: setlocale: LC_ALL: cannot change locale (C.UTF-8)
GET maize_ZEAMAP/epigenome/dna_methylation/01_regions/AMP_mCG_bed/CML166.bedgraph.gz
bash: warning: setlocale: LC_ALL: cannot change locale (C.UTF-8)
GET maize_ZEAMAP/epigenome/dna_methylation/01_regions/AMP_mCG_bed/CML166.bedgraph.gz.tbi
bash: warning: setlocale: LC_ALL: cannot change locale (C.UTF-8)
GET maize_ZEAMAP/epigenome/dna_methylation/01_regions/AMP_mCG_bed/CML168.bedgraph.gz
bash: warning: setlocale: LC_ALL: cannot change locale (C.UTF-8)
GET maize_ZEAMAP/epigenome/dna_methylation/01_regions/AMP_mCG_bed/CML168.bedgraph.gz.tbi
bash: warning: setlocale: LC_ALL: cannot change locale (C.UTF-8)
GET maize_ZEAMAP/epigenome/dna_methylation/01_regions/AMP_mCG_bed/CML170.bedgraph.gz
bash: warning: setlocale: LC_ALL: cannot change locale (C.UTF-8)
GET maize_ZEAMAP/epigenome/dna_methylation/01_regions/AMP_mCG_bed/CML170.bedgraph.gz.tbi
bash: warning: setlocale: LC_ALL: cannot change locale (C.UTF-8)
GET maize_ZEAMAP/epigenome/dna_methylation/01_regions/AMP_mCG_bed/CML171.bedgraph.gz
bash: warning: setlocale: LC_ALL: cannot change locale (C.UTF-8)
GET maize_ZEAMAP/epigenome/dna_methylation/01_regions/AMP_mCG_bed/CML171.bedgraph.gz.tbi
bash: warning: setlocale: LC_ALL: cannot change locale (C.UTF-8)
GET maize_ZEAMAP/epigenome/dna_methylation/01_regions/AMP_mCG_bed/CML172.bedgraph.gz
bash: warning: setlocale: LC_ALL: cannot change locale (C.UTF-8)
GET maize_ZEAMAP/epigenome/dna_methylation/01_regions/AMP_mCG_bed/CML172.bedgraph.gz.tbi
bash: warning: setlocale: LC_ALL: cannot change locale (C.UTF-8)
GET maize_ZEAMAP/epigenome/dna_methylation/01_regions/AMP_mCG_bed/CML189.bedgraph.gz
bash: warning: setlocale: LC_ALL: cannot change locale (C.UTF-8)
GET maize_ZEAMAP/epigenome/dna_methylation/01_regions/AMP_mCG_bed/CML189.bedgraph.gz.tbi
bash: warning: setlocale: LC_ALL: cannot change locale (C.UTF-8)
GET maize_ZEAMAP/epigenome/dna_methylation/01_regions/AMP_mCG_bed/CML192.bedgraph.gz
bash: warning: setlocale: LC_ALL: cannot change locale (C.UTF-8)
GET maize_ZEAMAP/epigenome/dna_methylation/01_regions/AMP_mCG_bed/CML192.bedgraph.gz.tbi
bash: warning: setlocale: LC_ALL: cannot change locale (C.UTF-8)
GET maize_ZEAMAP/epigenome/dna_methylation/01_regions/AMP_mCG_bed/CML223.bedgraph.gz
bash: warning: setlocale: LC_ALL: cannot change locale (C.UTF-8)
GET maize_ZEAMAP/epigenome/dna_methylation/01_regions/AMP_mCG_bed/CML223.bedgraph.gz.tbi
bash: warning: setlocale: LC_ALL: cannot change locale (C.UTF-8)
GET maize_ZEAMAP/epigenome/dna_methylation/01_regions/AMP_mCG_bed/CML226.bedgraph.gz
bash: warning: setlocale: LC_ALL: cannot change locale (C.UTF-8)
GET maize_ZEAMAP/epigenome/dna_methylation/01_regions/AMP_mCG_bed/CML226.bedgraph.gz.tbi
bash: warning: setlocale: LC_ALL: cannot change locale (C.UTF-8)
GET maize_ZEAMAP/epigenome/dna_methylation/01_regions/AMP_mCG_bed/CML26.bedgraph.gz
bash: warning: setlocale: LC_ALL: cannot change locale (C.UTF-8)
GET maize_ZEAMAP/epigenome/dna_methylation/01_regions/AMP_mCG_bed/CML26.bedgraph.gz.tbi
bash: warning: setlocale: LC_ALL: cannot change locale (C.UTF-8)
GET maize_ZEAMAP/epigenome/dna_methylation/01_regions/AMP_mCG_bed/CML27.bedgraph.gz
bash: warning: setlocale: LC_ALL: cannot change locale (C.UTF-8)
GET maize_ZEAMAP/epigenome/dna_methylation/01_regions/AMP_mCG_bed/CML27.bedgraph.gz.tbi
bash: warning: setlocale: LC_ALL: cannot change locale (C.UTF-8)
GET maize_ZEAMAP/epigenome/dna_methylation/01_regions/AMP_mCG_bed/CML28.bedgraph.gz
bash: warning: setlocale: LC_ALL: cannot change locale (C.UTF-8)
bash: warning: setlocale: LC_ALL: cannot change locale (C.UTF-8)
GET maize_ZEAMAP/epigenome/dna_methylation/01_regions/AMP_mCG_bed/CML28.bedgraph.gz.tbi
GET maize_ZEAMAP/epigenome/dna_methylation/01_regions/AMP_mCG_bed/CML285.bedgraph.gz
bash: warning: setlocale: LC_ALL: cannot change locale (C.UTF-8)
GET maize_ZEAMAP/epigenome/dna_methylation/01_regions/AMP_mCG_bed/CML285.bedgraph.gz.tbi
bash: warning: setlocale: LC_ALL: cannot change locale (C.UTF-8)
GET maize_ZEAMAP/epigenome/dna_methylation/01_regions/AMP_mCG_bed/CML286.bedgraph.gz
bash: warning: setlocale: LC_ALL: cannot change locale (C.UTF-8)
GET maize_ZEAMAP/epigenome/dna_methylation/01_regions/AMP_mCG_bed/CML286.bedgraph.gz.tbi
bash: warning: setlocale: LC_ALL: cannot change locale (C.UTF-8)
GET maize_ZEAMAP/epigenome/dna_methylation/01_regions/AMP_mCG_bed/CML287.bedgraph.gz
bash: warning: setlocale: LC_ALL: cannot change locale (C.UTF-8)
GET maize_ZEAMAP/epigenome/dna_methylation/01_regions/AMP_mCG_bed/CML287.bedgraph.gz.tbi
bash: warning: setlocale: LC_ALL: cannot change locale (C.UTF-8)
GET maize_ZEAMAP/epigenome/dna_methylation/01_regions/AMP_mCG_bed/CML29.bedgraph.gz
bash: warning: setlocale: LC_ALL: cannot change locale (C.UTF-8)
GET maize_ZEAMAP/epigenome/dna_methylation/01_regions/AMP_mCG_bed/CML29.bedgraph.gz.tbi
bash: warning: setlocale: LC_ALL: cannot change locale (C.UTF-8)
GET maize_ZEAMAP/epigenome/dna_methylation/01_regions/AMP_mCG_bed/CML307.bedgraph.gz
bash: warning: setlocale: LC_ALL: cannot change locale (C.UTF-8)
GET maize_ZEAMAP/epigenome/dna_methylation/01_regions/AMP_mCG_bed/CML307.bedgraph.gz.tbi
bash: warning: setlocale: LC_ALL: cannot change locale (C.UTF-8)
GET maize_ZEAMAP/epigenome/dna_methylation/01_regions/AMP_mCG_bed/CML32.bedgraph.gz
bash: warning: setlocale: LC_ALL: cannot change locale (C.UTF-8)
bash: warning: setlocale: LC_ALL: cannot change locale (C.UTF-8)
GET maize_ZEAMAP/epigenome/dna_methylation/01_regions/AMP_mCG_bed/CML32.bedgraph.gz.tbi
GET maize_ZEAMAP/epigenome/dna_methylation/01_regions/AMP_mCG_bed/CML323.bedgraph.gz
bash: warning: setlocale: LC_ALL: cannot change locale (C.UTF-8)
GET maize_ZEAMAP/epigenome/dna_methylation/01_regions/AMP_mCG_bed/CML323.bedgraph.gz.tbi
bash: warning: setlocale: LC_ALL: cannot change locale (C.UTF-8)
GET maize_ZEAMAP/epigenome/dna_methylation/01_regions/AMP_mCG_bed/CML324.bedgraph.gz
bash: warning: setlocale: LC_ALL: cannot change locale (C.UTF-8)
GET maize_ZEAMAP/epigenome/dna_methylation/01_regions/AMP_mCG_bed/CML324.bedgraph.gz.tbi
bash: warning: setlocale: LC_ALL: cannot change locale (C.UTF-8)
GET maize_ZEAMAP/epigenome/dna_methylation/01_regions/AMP_mCG_bed/CML325.bedgraph.gz
bash: warning: setlocale: LC_ALL: cannot change locale (C.UTF-8)
GET maize_ZEAMAP/epigenome/dna_methylation/01_regions/AMP_mCG_bed/CML325.bedgraph.gz.tbi
bash: warning: setlocale: LC_ALL: cannot change locale (C.UTF-8)
GET maize_ZEAMAP/epigenome/dna_methylation/01_regions/AMP_mCG_bed/CML327.bedgraph.gz
bash: warning: setlocale: LC_ALL: cannot change locale (C.UTF-8)
GET maize_ZEAMAP/epigenome/dna_methylation/01_regions/AMP_mCG_bed/CML327.bedgraph.gz.tbi
bash: warning: setlocale: LC_ALL: cannot change locale (C.UTF-8)
GET maize_ZEAMAP/epigenome/dna_methylation/01_regions/AMP_mCG_bed/CML360.bedgraph.gz
bash: warning: setlocale: LC_ALL: cannot change locale (C.UTF-8)
GET maize_ZEAMAP/epigenome/dna_methylation/01_regions/AMP_mCG_bed/CML360.bedgraph.gz.tbi
bash: warning: setlocale: LC_ALL: cannot change locale (C.UTF-8)
bash: warning: setlocale: LC_ALL: cannot change locale (C.UTF-8)
bash: warning: setlocale: LC_ALL: cannot change locale (C.UTF-8)
GET maize_ZEAMAP/epigenome/dna_methylation/01_regions/AMP_mCG_bed/CML361.bedgraph.gz
GET maize_ZEAMAP/epigenome/dna_methylation/01_regions/AMP_mCG_bed/CML361.bedgraph.gz.tbi
GET maize_ZEAMAP/epigenome/dna_methylation/01_regions/AMP_mCG_bed/CML40.bedgraph.gz
bash: warning: setlocale: LC_ALL: cannot change locale (C.UTF-8)
GET maize_ZEAMAP/epigenome/dna_methylation/01_regions/AMP_mCG_bed/CML40.bedgraph.gz.tbi
bash: warning: setlocale: LC_ALL: cannot change locale (C.UTF-8)
GET maize_ZEAMAP/epigenome/dna_methylation/01_regions/AMP_mCG_bed/CML411.bedgraph.gz
bash: warning: setlocale: LC_ALL: cannot change locale (C.UTF-8)
GET maize_ZEAMAP/epigenome/dna_methylation/01_regions/AMP_mCG_bed/CML411.bedgraph.gz.tbi
bash: warning: setlocale: LC_ALL: cannot change locale (C.UTF-8)
GET maize_ZEAMAP/epigenome/dna_methylation/01_regions/AMP_mCG_bed/CML423.bedgraph.gz
bash: warning: setlocale: LC_ALL: cannot change locale (C.UTF-8)
GET maize_ZEAMAP/epigenome/dna_methylation/01_regions/AMP_mCG_bed/CML423.bedgraph.gz.tbi
bash: warning: setlocale: LC_ALL: cannot change locale (C.UTF-8)
GET maize_ZEAMAP/epigenome/dna_methylation/01_regions/AMP_mCG_bed/CML426.bedgraph.gz
bash: warning: setlocale: LC_ALL: cannot change locale (C.UTF-8)
bash: warning: setlocale: LC_ALL: cannot change locale (C.UTF-8)
GET maize_ZEAMAP/epigenome/dna_methylation/01_regions/AMP_mCG_bed/CML426.bedgraph.gz.tbi
GET maize_ZEAMAP/epigenome/dna_methylation/01_regions/AMP_mCG_bed/CML428.bedgraph.gz
bash: warning: setlocale: LC_ALL: cannot change locale (C.UTF-8)
GET maize_ZEAMAP/epigenome/dna_methylation/01_regions/AMP_mCG_bed/CML428.bedgraph.gz.tbi
bash: warning: setlocale: LC_ALL: cannot change locale (C.UTF-8)
GET maize_ZEAMAP/epigenome/dna_methylation/01_regions/AMP_mCG_bed/CML430.bedgraph.gz
bash: warning: setlocale: LC_ALL: cannot change locale (C.UTF-8)
GET maize_ZEAMAP/epigenome/dna_methylation/01_regions/AMP_mCG_bed/CML430.bedgraph.gz.tbi
bash: warning: setlocale: LC_ALL: cannot change locale (C.UTF-8)
GET maize_ZEAMAP/epigenome/dna_methylation/01_regions/AMP_mCG_bed/CML431.bedgraph.gz
bash: warning: setlocale: LC_ALL: cannot change locale (C.UTF-8)
GET maize_ZEAMAP/epigenome/dna_methylation/01_regions/AMP_mCG_bed/CML431.bedgraph.gz.tbi
bash: warning: setlocale: LC_ALL: cannot change locale (C.UTF-8)
GET maize_ZEAMAP/epigenome/dna_methylation/01_regions/AMP_mCG_bed/CML432.bedgraph.gz
bash: warning: setlocale: LC_ALL: cannot change locale (C.UTF-8)
bash: warning: setlocale: LC_ALL: cannot change locale (C.UTF-8)
GET maize_ZEAMAP/epigenome/dna_methylation/01_regions/AMP_mCG_bed/CML432.bedgraph.gz.tbi
GET maize_ZEAMAP/epigenome/dna_methylation/01_regions/AMP_mCG_bed/CML451.bedgraph.gz
bash: warning: setlocale: LC_ALL: cannot change locale (C.UTF-8)
GET maize_ZEAMAP/epigenome/dna_methylation/01_regions/AMP_mCG_bed/CML451.bedgraph.gz.tbi
bash: warning: setlocale: LC_ALL: cannot change locale (C.UTF-8)
bash: warning: setlocale: LC_ALL: cannot change locale (C.UTF-8)
GET maize_ZEAMAP/epigenome/dna_methylation/01_regions/AMP_mCG_bed/CML470.bedgraph.gz
GET maize_ZEAMAP/epigenome/dna_methylation/01_regions/AMP_mCG_bed/CML470.bedgraph.gz.tbi
bash: warning: setlocale: LC_ALL: cannot change locale (C.UTF-8)
GET maize_ZEAMAP/epigenome/dna_methylation/01_regions/AMP_mCG_bed/CML471.bedgraph.gz
bash: warning: setlocale: LC_ALL: cannot change locale (C.UTF-8)
bash: warning: setlocale: LC_ALL: cannot change locale (C.UTF-8)
GET maize_ZEAMAP/epigenome/dna_methylation/01_regions/AMP_mCG_bed/CML471.bedgraph.gz.tbi
GET maize_ZEAMAP/epigenome/dna_methylation/01_regions/AMP_mCG_bed/CML493.bedgraph.gz
bash: warning: setlocale: LC_ALL: cannot change locale (C.UTF-8)
GET maize_ZEAMAP/epigenome/dna_methylation/01_regions/AMP_mCG_bed/CML493.bedgraph.gz.tbi
bash: warning: setlocale: LC_ALL: cannot change locale (C.UTF-8)
GET maize_ZEAMAP/epigenome/dna_methylation/01_regions/AMP_mCG_bed/CML69.bedgraph.gz
bash: warning: setlocale: LC_ALL: cannot change locale (C.UTF-8)
GET maize_ZEAMAP/epigenome/dna_methylation/01_regions/AMP_mCG_bed/CML69.bedgraph.gz.tbi
bash: warning: setlocale: LC_ALL: cannot change locale (C.UTF-8)
GET maize_ZEAMAP/epigenome/dna_methylation/01_regions/AMP_mCG_bed/DAN3130.bedgraph.gz
bash: warning: setlocale: LC_ALL: cannot change locale (C.UTF-8)
GET maize_ZEAMAP/epigenome/dna_methylation/01_regions/AMP_mCG_bed/DAN3130.bedgraph.gz.tbi
bash: warning: setlocale: LC_ALL: cannot change locale (C.UTF-8)
GET maize_ZEAMAP/epigenome/dna_methylation/01_regions/AMP_mCG_bed/DAN340.bedgraph.gz
bash: warning: setlocale: LC_ALL: cannot change locale (C.UTF-8)
GET maize_ZEAMAP/epigenome/dna_methylation/01_regions/AMP_mCG_bed/DAN340.bedgraph.gz.tbi
bash: warning: setlocale: LC_ALL: cannot change locale (C.UTF-8)
GET maize_ZEAMAP/epigenome/dna_methylation/01_regions/AMP_mCG_bed/DAN360.bedgraph.gz
bash: warning: setlocale: LC_ALL: cannot change locale (C.UTF-8)
GET maize_ZEAMAP/epigenome/dna_methylation/01_regions/AMP_mCG_bed/DAN360.bedgraph.gz.tbi
bash: warning: setlocale: LC_ALL: cannot change locale (C.UTF-8)
GET maize_ZEAMAP/epigenome/dna_methylation/01_regions/AMP_mCG_bed/DAN598.bedgraph.gz
bash: warning: setlocale: LC_ALL: cannot change locale (C.UTF-8)
GET maize_ZEAMAP/epigenome/dna_methylation/01_regions/AMP_mCG_bed/DAN598.bedgraph.gz.tbi
bash: warning: setlocale: LC_ALL: cannot change locale (C.UTF-8)
GET maize_ZEAMAP/epigenome/dna_methylation/01_regions/AMP_mCG_bed/DAN599.bedgraph.gz
bash: warning: setlocale: LC_ALL: cannot change locale (C.UTF-8)
GET maize_ZEAMAP/epigenome/dna_methylation/01_regions/AMP_mCG_bed/DAN599.bedgraph.gz.tbi
bash: warning: setlocale: LC_ALL: cannot change locale (C.UTF-8)
GET maize_ZEAMAP/epigenome/dna_methylation/01_regions/AMP_mCG_bed/DE.EX.bedgraph.gz
bash: warning: setlocale: LC_ALL: cannot change locale (C.UTF-8)
GET maize_ZEAMAP/epigenome/dna_methylation/01_regions/AMP_mCG_bed/DE.EX.bedgraph.gz.tbi
bash: warning: setlocale: LC_ALL: cannot change locale (C.UTF-8)
GET maize_ZEAMAP/epigenome/dna_methylation/01_regions/AMP_mCG_bed/GEMS10.bedgraph.gz
bash: warning: setlocale: LC_ALL: cannot change locale (C.UTF-8)
GET maize_ZEAMAP/epigenome/dna_methylation/01_regions/AMP_mCG_bed/GEMS10.bedgraph.gz.tbi
bash: warning: setlocale: LC_ALL: cannot change locale (C.UTF-8)
GET maize_ZEAMAP/epigenome/dna_methylation/01_regions/AMP_mCG_bed/GEMS11.bedgraph.gz
bash: warning: setlocale: LC_ALL: cannot change locale (C.UTF-8)
GET maize_ZEAMAP/epigenome/dna_methylation/01_regions/AMP_mCG_bed/GEMS11.bedgraph.gz.tbi
bash: warning: setlocale: LC_ALL: cannot change locale (C.UTF-8)
GET maize_ZEAMAP/epigenome/dna_methylation/01_regions/AMP_mCG_bed/GEMS13.bedgraph.gz
bash: warning: setlocale: LC_ALL: cannot change locale (C.UTF-8)
GET maize_ZEAMAP/epigenome/dna_methylation/01_regions/AMP_mCG_bed/GEMS13.bedgraph.gz.tbi
bash: warning: setlocale: LC_ALL: cannot change locale (C.UTF-8)
GET maize_ZEAMAP/epigenome/dna_methylation/01_regions/AMP_mCG_bed/GEMS14.bedgraph.gz
bash: warning: setlocale: LC_ALL: cannot change locale (C.UTF-8)
GET maize_ZEAMAP/epigenome/dna_methylation/01_regions/AMP_mCG_bed/GEMS14.bedgraph.gz.tbi
bash: warning: setlocale: LC_ALL: cannot change locale (C.UTF-8)
GET maize_ZEAMAP/epigenome/dna_methylation/01_regions/AMP_mCG_bed/GEMS18.bedgraph.gz
bash: warning: setlocale: LC_ALL: cannot change locale (C.UTF-8)
GET maize_ZEAMAP/epigenome/dna_methylation/01_regions/AMP_mCG_bed/GEMS18.bedgraph.gz.tbi
bash: warning: setlocale: LC_ALL: cannot change locale (C.UTF-8)
GET maize_ZEAMAP/epigenome/dna_methylation/01_regions/AMP_mCG_bed/GEMS19.bedgraph.gz
bash: warning: setlocale: LC_ALL: cannot change locale (C.UTF-8)
GET maize_ZEAMAP/epigenome/dna_methylation/01_regions/AMP_mCG_bed/GEMS19.bedgraph.gz.tbi
bash: warning: setlocale: LC_ALL: cannot change locale (C.UTF-8)
GET maize_ZEAMAP/epigenome/dna_methylation/01_regions/AMP_mCG_bed/GEMS21.bedgraph.gz
bash: warning: setlocale: LC_ALL: cannot change locale (C.UTF-8)
GET maize_ZEAMAP/epigenome/dna_methylation/01_regions/AMP_mCG_bed/GEMS21.bedgraph.gz.tbi
bash: warning: setlocale: LC_ALL: cannot change locale (C.UTF-8)
GET maize_ZEAMAP/epigenome/dna_methylation/01_regions/AMP_mCG_bed/GEMS24.bedgraph.gz
bash: warning: setlocale: LC_ALL: cannot change locale (C.UTF-8)
GET maize_ZEAMAP/epigenome/dna_methylation/01_regions/AMP_mCG_bed/GEMS24.bedgraph.gz.tbi
bash: warning: setlocale: LC_ALL: cannot change locale (C.UTF-8)
GET maize_ZEAMAP/epigenome/dna_methylation/01_regions/AMP_mCG_bed/GEMS28.bedgraph.gz
bash: warning: setlocale: LC_ALL: cannot change locale (C.UTF-8)
GET maize_ZEAMAP/epigenome/dna_methylation/01_regions/AMP_mCG_bed/GEMS28.bedgraph.gz.tbi
bash: warning: setlocale: LC_ALL: cannot change locale (C.UTF-8)
GET maize_ZEAMAP/epigenome/dna_methylation/01_regions/AMP_mCG_bed/GEMS29.bedgraph.gz
bash: warning: setlocale: LC_ALL: cannot change locale (C.UTF-8)
GET maize_ZEAMAP/epigenome/dna_methylation/01_regions/AMP_mCG_bed/GEMS29.bedgraph.gz.tbi
bash: warning: setlocale: LC_ALL: cannot change locale (C.UTF-8)
GET maize_ZEAMAP/epigenome/dna_methylation/01_regions/AMP_mCG_bed/GEMS3.bedgraph.gz
bash: warning: setlocale: LC_ALL: cannot change locale (C.UTF-8)
GET maize_ZEAMAP/epigenome/dna_methylation/01_regions/AMP_mCG_bed/GEMS3.bedgraph.gz.tbi
bash: warning: setlocale: LC_ALL: cannot change locale (C.UTF-8)
GET maize_ZEAMAP/epigenome/dna_methylation/01_regions/AMP_mCG_bed/GEMS31.bedgraph.gz
bash: warning: setlocale: LC_ALL: cannot change locale (C.UTF-8)
GET maize_ZEAMAP/epigenome/dna_methylation/01_regions/AMP_mCG_bed/GEMS31.bedgraph.gz.tbi
bash: warning: setlocale: LC_ALL: cannot change locale (C.UTF-8)
GET maize_ZEAMAP/epigenome/dna_methylation/01_regions/AMP_mCG_bed/GEMS32.bedgraph.gz
bash: warning: setlocale: LC_ALL: cannot change locale (C.UTF-8)
GET maize_ZEAMAP/epigenome/dna_methylation/01_regions/AMP_mCG_bed/GEMS32.bedgraph.gz.tbi
bash: warning: setlocale: LC_ALL: cannot change locale (C.UTF-8)
GET maize_ZEAMAP/epigenome/dna_methylation/01_regions/AMP_mCG_bed/GEMS33.bedgraph.gz
bash: warning: setlocale: LC_ALL: cannot change locale (C.UTF-8)
GET maize_ZEAMAP/epigenome/dna_methylation/01_regions/AMP_mCG_bed/GEMS33.bedgraph.gz.tbi
bash: warning: setlocale: LC_ALL: cannot change locale (C.UTF-8)
GET maize_ZEAMAP/epigenome/dna_methylation/01_regions/AMP_mCG_bed/GEMS37.bedgraph.gz
bash: warning: setlocale: LC_ALL: cannot change locale (C.UTF-8)
GET maize_ZEAMAP/epigenome/dna_methylation/01_regions/AMP_mCG_bed/GEMS37.bedgraph.gz.tbi
bash: warning: setlocale: LC_ALL: cannot change locale (C.UTF-8)
GET maize_ZEAMAP/epigenome/dna_methylation/01_regions/AMP_mCG_bed/GEMS47.bedgraph.gz
bash: warning: setlocale: LC_ALL: cannot change locale (C.UTF-8)
GET maize_ZEAMAP/epigenome/dna_methylation/01_regions/AMP_mCG_bed/GEMS47.bedgraph.gz.tbi
bash: warning: setlocale: LC_ALL: cannot change locale (C.UTF-8)
GET maize_ZEAMAP/epigenome/dna_methylation/01_regions/AMP_mCG_bed/GEMS49.bedgraph.gz
bash: warning: setlocale: LC_ALL: cannot change locale (C.UTF-8)
GET maize_ZEAMAP/epigenome/dna_methylation/01_regions/AMP_mCG_bed/GEMS49.bedgraph.gz.tbi
bash: warning: setlocale: LC_ALL: cannot change locale (C.UTF-8)
GET maize_ZEAMAP/epigenome/dna_methylation/01_regions/AMP_mCG_bed/GEMS5.bedgraph.gz
bash: warning: setlocale: LC_ALL: cannot change locale (C.UTF-8)
bash: warning: setlocale: LC_ALL: cannot change locale (C.UTF-8)
GET maize_ZEAMAP/epigenome/dna_methylation/01_regions/AMP_mCG_bed/GEMS5.bedgraph.gz.tbi
GET maize_ZEAMAP/epigenome/dna_methylation/01_regions/AMP_mCG_bed/GEMS53.bedgraph.gz
bash: warning: setlocale: LC_ALL: cannot change locale (C.UTF-8)
GET maize_ZEAMAP/epigenome/dna_methylation/01_regions/AMP_mCG_bed/GEMS53.bedgraph.gz.tbi
bash: warning: setlocale: LC_ALL: cannot change locale (C.UTF-8)
GET maize_ZEAMAP/epigenome/dna_methylation/01_regions/AMP_mCG_bed/GEMS56.bedgraph.gz
bash: warning: setlocale: LC_ALL: cannot change locale (C.UTF-8)
GET maize_ZEAMAP/epigenome/dna_methylation/01_regions/AMP_mCG_bed/GEMS56.bedgraph.gz.tbi
bash: warning: setlocale: LC_ALL: cannot change locale (C.UTF-8)
GET maize_ZEAMAP/epigenome/dna_methylation/01_regions/AMP_mCG_bed/GEMS60.bedgraph.gz
bash: warning: setlocale: LC_ALL: cannot change locale (C.UTF-8)
GET maize_ZEAMAP/epigenome/dna_methylation/01_regions/AMP_mCG_bed/GEMS60.bedgraph.gz.tbi
bash: warning: setlocale: LC_ALL: cannot change locale (C.UTF-8)
GET maize_ZEAMAP/epigenome/dna_methylation/01_regions/AMP_mCG_bed/GEMS62.bedgraph.gz
bash: warning: setlocale: LC_ALL: cannot change locale (C.UTF-8)
bash: warning: setlocale: LC_ALL: cannot change locale (C.UTF-8)
GET maize_ZEAMAP/epigenome/dna_methylation/01_regions/AMP_mCG_bed/GEMS62.bedgraph.gz.tbi
GET maize_ZEAMAP/epigenome/dna_methylation/01_regions/AMP_mCG_bed/GEMS63.bedgraph.gz
bash: warning: setlocale: LC_ALL: cannot change locale (C.UTF-8)
GET maize_ZEAMAP/epigenome/dna_methylation/01_regions/AMP_mCG_bed/GEMS63.bedgraph.gz.tbi
bash: warning: setlocale: LC_ALL: cannot change locale (C.UTF-8)
GET maize_ZEAMAP/epigenome/dna_methylation/01_regions/AMP_mCG_bed/GEMS64.bedgraph.gz
bash: warning: setlocale: LC_ALL: cannot change locale (C.UTF-8)
GET maize_ZEAMAP/epigenome/dna_methylation/01_regions/AMP_mCG_bed/GEMS64.bedgraph.gz.tbi
bash: warning: setlocale: LC_ALL: cannot change locale (C.UTF-8)
GET maize_ZEAMAP/epigenome/dna_methylation/01_regions/AMP_mCG_bed/GEMS65.bedgraph.gz
bash: warning: setlocale: LC_ALL: cannot change locale (C.UTF-8)
bash: warning: setlocale: LC_ALL: cannot change locale (C.UTF-8)
GET maize_ZEAMAP/epigenome/dna_methylation/01_regions/AMP_mCG_bed/GEMS65.bedgraph.gz.tbi
GET maize_ZEAMAP/epigenome/dna_methylation/01_regions/AMP_mCG_bed/GEMS9.bedgraph.gz
bash: warning: setlocale: LC_ALL: cannot change locale (C.UTF-8)
GET maize_ZEAMAP/epigenome/dna_methylation/01_regions/AMP_mCG_bed/GEMS9.bedgraph.gz.tbi
bash: warning: setlocale: LC_ALL: cannot change locale (C.UTF-8)
GET maize_ZEAMAP/epigenome/dna_methylation/01_regions/AMP_mCG_bed/GY220.bedgraph.gz
bash: warning: setlocale: LC_ALL: cannot change locale (C.UTF-8)
GET maize_ZEAMAP/epigenome/dna_methylation/01_regions/AMP_mCG_bed/GY220.bedgraph.gz.tbi
bash: warning: setlocale: LC_ALL: cannot change locale (C.UTF-8)
GET maize_ZEAMAP/epigenome/dna_methylation/01_regions/AMP_mCG_bed/GY237.bedgraph.gz
bash: warning: setlocale: LC_ALL: cannot change locale (C.UTF-8)
GET maize_ZEAMAP/epigenome/dna_methylation/01_regions/AMP_mCG_bed/GY237.bedgraph.gz.tbi
bash: warning: setlocale: LC_ALL: cannot change locale (C.UTF-8)
GET maize_ZEAMAP/epigenome/dna_methylation/01_regions/AMP_mCG_bed/GY386.bedgraph.gz
bash: warning: setlocale: LC_ALL: cannot change locale (C.UTF-8)
GET maize_ZEAMAP/epigenome/dna_methylation/01_regions/AMP_mCG_bed/GY386.bedgraph.gz.tbi
bash: warning: setlocale: LC_ALL: cannot change locale (C.UTF-8)
GET maize_ZEAMAP/epigenome/dna_methylation/01_regions/AMP_mCG_bed/GY462.bedgraph.gz
bash: warning: setlocale: LC_ALL: cannot change locale (C.UTF-8)
GET maize_ZEAMAP/epigenome/dna_methylation/01_regions/AMP_mCG_bed/GY462.bedgraph.gz.tbi
bash: warning: setlocale: LC_ALL: cannot change locale (C.UTF-8)
GET maize_ZEAMAP/epigenome/dna_methylation/01_regions/AMP_mCG_bed/GY798.bedgraph.gz
bash: warning: setlocale: LC_ALL: cannot change locale (C.UTF-8)
GET maize_ZEAMAP/epigenome/dna_methylation/01_regions/AMP_mCG_bed/GY798.bedgraph.gz.tbi
bash: warning: setlocale: LC_ALL: cannot change locale (C.UTF-8)
GET maize_ZEAMAP/epigenome/dna_methylation/01_regions/AMP_mCG_bed/GY923.bedgraph.gz
bash: warning: setlocale: LC_ALL: cannot change locale (C.UTF-8)
GET maize_ZEAMAP/epigenome/dna_methylation/01_regions/AMP_mCG_bed/GY923.bedgraph.gz.tbi
bash: warning: setlocale: LC_ALL: cannot change locale (C.UTF-8)
bash: warning: setlocale: LC_ALL: cannot change locale (C.UTF-8)
GET maize_ZEAMAP/epigenome/dna_methylation/01_regions/AMP_mCG_bed/HU803.bedgraph.gz
GET maize_ZEAMAP/epigenome/dna_methylation/01_regions/AMP_mCG_bed/HU803.bedgraph.gz.tbi
bash: warning: setlocale: LC_ALL: cannot change locale (C.UTF-8)
GET maize_ZEAMAP/epigenome/dna_methylation/01_regions/AMP_mCG_bed/HYS.bedgraph.gz
bash: warning: setlocale: LC_ALL: cannot change locale (C.UTF-8)
bash: warning: setlocale: LC_ALL: cannot change locale (C.UTF-8)
GET maize_ZEAMAP/epigenome/dna_methylation/01_regions/AMP_mCG_bed/HYS.bedgraph.gz.tbi
GET maize_ZEAMAP/epigenome/dna_methylation/01_regions/AMP_mCG_bed/HZS.bedgraph.gz
bash: warning: setlocale: LC_ALL: cannot change locale (C.UTF-8)
GET maize_ZEAMAP/epigenome/dna_methylation/01_regions/AMP_mCG_bed/HZS.bedgraph.gz.tbi
bash: warning: setlocale: LC_ALL: cannot change locale (C.UTF-8)
GET maize_ZEAMAP/epigenome/dna_methylation/01_regions/AMP_mCG_bed/IRF314.bedgraph.gz
bash: warning: setlocale: LC_ALL: cannot change locale (C.UTF-8)
GET maize_ZEAMAP/epigenome/dna_methylation/01_regions/AMP_mCG_bed/IRF314.bedgraph.gz.tbi
bash: warning: setlocale: LC_ALL: cannot change locale (C.UTF-8)
GET maize_ZEAMAP/epigenome/dna_methylation/01_regions/AMP_mCG_bed/J4112.bedgraph.gz
bash: warning: setlocale: LC_ALL: cannot change locale (C.UTF-8)
GET maize_ZEAMAP/epigenome/dna_methylation/01_regions/AMP_mCG_bed/J4112.bedgraph.gz.tbi
bash: warning: setlocale: LC_ALL: cannot change locale (C.UTF-8)
GET maize_ZEAMAP/epigenome/dna_methylation/01_regions/AMP_mCG_bed/JH59.bedgraph.gz
bash: warning: setlocale: LC_ALL: cannot change locale (C.UTF-8)
GET maize_ZEAMAP/epigenome/dna_methylation/01_regions/AMP_mCG_bed/JH59.bedgraph.gz.tbi
bash: warning: setlocale: LC_ALL: cannot change locale (C.UTF-8)
GET maize_ZEAMAP/epigenome/dna_methylation/01_regions/AMP_mCG_bed/JI63.bedgraph.gz
bash: warning: setlocale: LC_ALL: cannot change locale (C.UTF-8)
GET maize_ZEAMAP/epigenome/dna_methylation/01_regions/AMP_mCG_bed/JI63.bedgraph.gz.tbi
bash: warning: setlocale: LC_ALL: cannot change locale (C.UTF-8)
GET maize_ZEAMAP/epigenome/dna_methylation/01_regions/AMP_mCG_bed/JI846.bedgraph.gz
bash: warning: setlocale: LC_ALL: cannot change locale (C.UTF-8)
GET maize_ZEAMAP/epigenome/dna_methylation/01_regions/AMP_mCG_bed/JI846.bedgraph.gz.tbi
bash: warning: setlocale: LC_ALL: cannot change locale (C.UTF-8)
GET maize_ZEAMAP/epigenome/dna_methylation/01_regions/AMP_mCG_bed/JY01.bedgraph.gz
bash: warning: setlocale: LC_ALL: cannot change locale (C.UTF-8)
GET maize_ZEAMAP/epigenome/dna_methylation/01_regions/AMP_mCG_bed/JY01.bedgraph.gz.tbi
bash: warning: setlocale: LC_ALL: cannot change locale (C.UTF-8)
GET maize_ZEAMAP/epigenome/dna_methylation/01_regions/AMP_mCG_bed/K22.bedgraph.gz
bash: warning: setlocale: LC_ALL: cannot change locale (C.UTF-8)
GET maize_ZEAMAP/epigenome/dna_methylation/01_regions/AMP_mCG_bed/K22.bedgraph.gz.tbi
bash: warning: setlocale: LC_ALL: cannot change locale (C.UTF-8)
GET maize_ZEAMAP/epigenome/dna_methylation/01_regions/AMP_mCG_bed/L3180.bedgraph.gz
bash: warning: setlocale: LC_ALL: cannot change locale (C.UTF-8)
GET maize_ZEAMAP/epigenome/dna_methylation/01_regions/AMP_mCG_bed/L3180.bedgraph.gz.tbi
bash: warning: setlocale: LC_ALL: cannot change locale (C.UTF-8)
GET maize_ZEAMAP/epigenome/dna_methylation/01_regions/AMP_mCG_bed/LG001.bedgraph.gz
bash: warning: setlocale: LC_ALL: cannot change locale (C.UTF-8)
GET maize_ZEAMAP/epigenome/dna_methylation/01_regions/AMP_mCG_bed/LG001.bedgraph.gz.tbi
bash: warning: setlocale: LC_ALL: cannot change locale (C.UTF-8)
GET maize_ZEAMAP/epigenome/dna_methylation/01_regions/AMP_mCG_bed/LIAO159.bedgraph.gz
bash: warning: setlocale: LC_ALL: cannot change locale (C.UTF-8)
GET maize_ZEAMAP/epigenome/dna_methylation/01_regions/AMP_mCG_bed/LIAO159.bedgraph.gz.tbi
bash: warning: setlocale: LC_ALL: cannot change locale (C.UTF-8)
GET maize_ZEAMAP/epigenome/dna_methylation/01_regions/AMP_mCG_bed/LIAO5263.bedgraph.gz
bash: warning: setlocale: LC_ALL: cannot change locale (C.UTF-8)
GET maize_ZEAMAP/epigenome/dna_methylation/01_regions/AMP_mCG_bed/LIAO5263.bedgraph.gz.tbi
bash: warning: setlocale: LC_ALL: cannot change locale (C.UTF-8)
GET maize_ZEAMAP/epigenome/dna_methylation/01_regions/AMP_mCG_bed/LV28.bedgraph.gz
bash: warning: setlocale: LC_ALL: cannot change locale (C.UTF-8)
GET maize_ZEAMAP/epigenome/dna_methylation/01_regions/AMP_mCG_bed/LV28.bedgraph.gz.tbi
bash: warning: setlocale: LC_ALL: cannot change locale (C.UTF-8)
GET maize_ZEAMAP/epigenome/dna_methylation/01_regions/AMP_mCG_bed/LX9801.bedgraph.gz
bash: warning: setlocale: LC_ALL: cannot change locale (C.UTF-8)
GET maize_ZEAMAP/epigenome/dna_methylation/01_regions/AMP_mCG_bed/LX9801.bedgraph.gz.tbi
bash: warning: setlocale: LC_ALL: cannot change locale (C.UTF-8)
GET maize_ZEAMAP/epigenome/dna_methylation/01_regions/AMP_mCG_bed/LXN.bedgraph.gz
bash: warning: setlocale: LC_ALL: cannot change locale (C.UTF-8)
bash: warning: setlocale: LC_ALL: cannot change locale (C.UTF-8)
GET maize_ZEAMAP/epigenome/dna_methylation/01_regions/AMP_mCG_bed/LXN.bedgraph.gz.tbi
GET maize_ZEAMAP/epigenome/dna_methylation/01_regions/AMP_mCG_bed/LY.bedgraph.gz
bash: warning: setlocale: LC_ALL: cannot change locale (C.UTF-8)
GET maize_ZEAMAP/epigenome/dna_methylation/01_regions/AMP_mCG_bed/LY.bedgraph.gz.tbi
bash: warning: setlocale: LC_ALL: cannot change locale (C.UTF-8)
GET maize_ZEAMAP/epigenome/dna_methylation/01_regions/AMP_mCG_bed/M97.bedgraph.gz
bash: warning: setlocale: LC_ALL: cannot change locale (C.UTF-8)
GET maize_ZEAMAP/epigenome/dna_methylation/01_regions/AMP_mCG_bed/M97.bedgraph.gz.tbi
bash: warning: setlocale: LC_ALL: cannot change locale (C.UTF-8)
GET maize_ZEAMAP/epigenome/dna_methylation/01_regions/AMP_mCG_bed/MO17.bedgraph.gz
bash: warning: setlocale: LC_ALL: cannot change locale (C.UTF-8)
GET maize_ZEAMAP/epigenome/dna_methylation/01_regions/AMP_mCG_bed/MO17.bedgraph.gz.tbi
bash: warning: setlocale: LC_ALL: cannot change locale (C.UTF-8)
GET maize_ZEAMAP/epigenome/dna_methylation/01_regions/AMP_mCG_bed/P138.bedgraph.gz
bash: warning: setlocale: LC_ALL: cannot change locale (C.UTF-8)
GET maize_ZEAMAP/epigenome/dna_methylation/01_regions/AMP_mCG_bed/P138.bedgraph.gz.tbi
bash: warning: setlocale: LC_ALL: cannot change locale (C.UTF-8)
GET maize_ZEAMAP/epigenome/dna_methylation/01_regions/AMP_mCG_bed/P178.bedgraph.gz
bash: warning: setlocale: LC_ALL: cannot change locale (C.UTF-8)
GET maize_ZEAMAP/epigenome/dna_methylation/01_regions/AMP_mCG_bed/P178.bedgraph.gz.tbi
bash: warning: setlocale: LC_ALL: cannot change locale (C.UTF-8)
GET maize_ZEAMAP/epigenome/dna_methylation/01_regions/AMP_mCG_bed/Q1261.bedgraph.gz
bash: warning: setlocale: LC_ALL: cannot change locale (C.UTF-8)
GET maize_ZEAMAP/epigenome/dna_methylation/01_regions/AMP_mCG_bed/Q1261.bedgraph.gz.tbi
bash: warning: setlocale: LC_ALL: cannot change locale (C.UTF-8)
GET maize_ZEAMAP/epigenome/dna_methylation/01_regions/AMP_mCG_bed/QI205.bedgraph.gz
bash: warning: setlocale: LC_ALL: cannot change locale (C.UTF-8)
GET maize_ZEAMAP/epigenome/dna_methylation/01_regions/AMP_mCG_bed/QI205.bedgraph.gz.tbi
bash: warning: setlocale: LC_ALL: cannot change locale (C.UTF-8)
GET maize_ZEAMAP/epigenome/dna_methylation/01_regions/AMP_mCG_bed/QI319.bedgraph.gz
bash: warning: setlocale: LC_ALL: cannot change locale (C.UTF-8)
GET maize_ZEAMAP/epigenome/dna_methylation/01_regions/AMP_mCG_bed/QI319.bedgraph.gz.tbi
bash: warning: setlocale: LC_ALL: cannot change locale (C.UTF-8)
GET maize_ZEAMAP/epigenome/dna_methylation/01_regions/AMP_mCG_bed/RY697.bedgraph.gz
bash: warning: setlocale: LC_ALL: cannot change locale (C.UTF-8)
GET maize_ZEAMAP/epigenome/dna_methylation/01_regions/AMP_mCG_bed/RY697.bedgraph.gz.tbi
bash: warning: setlocale: LC_ALL: cannot change locale (C.UTF-8)
GET maize_ZEAMAP/epigenome/dna_methylation/01_regions/AMP_mCG_bed/RY713.bedgraph.gz
bash: warning: setlocale: LC_ALL: cannot change locale (C.UTF-8)
GET maize_ZEAMAP/epigenome/dna_methylation/01_regions/AMP_mCG_bed/RY713.bedgraph.gz.tbi
bash: warning: setlocale: LC_ALL: cannot change locale (C.UTF-8)
GET maize_ZEAMAP/epigenome/dna_methylation/01_regions/AMP_mCG_bed/RY732.bedgraph.gz
bash: warning: setlocale: LC_ALL: cannot change locale (C.UTF-8)
GET maize_ZEAMAP/epigenome/dna_methylation/01_regions/AMP_mCG_bed/RY732.bedgraph.gz.tbi
bash: warning: setlocale: LC_ALL: cannot change locale (C.UTF-8)
GET maize_ZEAMAP/epigenome/dna_methylation/01_regions/AMP_mCG_bed/S37.bedgraph.gz
bash: warning: setlocale: LC_ALL: cannot change locale (C.UTF-8)
GET maize_ZEAMAP/epigenome/dna_methylation/01_regions/AMP_mCG_bed/S37.bedgraph.gz.tbi
bash: warning: setlocale: LC_ALL: cannot change locale (C.UTF-8)
GET maize_ZEAMAP/epigenome/dna_methylation/01_regions/AMP_mCG_bed/SHEN137.bedgraph.gz
bash: warning: setlocale: LC_ALL: cannot change locale (C.UTF-8)
GET maize_ZEAMAP/epigenome/dna_methylation/01_regions/AMP_mCG_bed/SHEN137.bedgraph.gz.tbi
bash: warning: setlocale: LC_ALL: cannot change locale (C.UTF-8)
GET maize_ZEAMAP/epigenome/dna_methylation/01_regions/AMP_mCG_bed/SI273.bedgraph.gz
bash: warning: setlocale: LC_ALL: cannot change locale (C.UTF-8)
GET maize_ZEAMAP/epigenome/dna_methylation/01_regions/AMP_mCG_bed/SI273.bedgraph.gz.tbi
bash: warning: setlocale: LC_ALL: cannot change locale (C.UTF-8)
GET maize_ZEAMAP/epigenome/dna_methylation/01_regions/AMP_mCG_bed/SW92E114.bedgraph.gz
bash: warning: setlocale: LC_ALL: cannot change locale (C.UTF-8)
GET maize_ZEAMAP/epigenome/dna_methylation/01_regions/AMP_mCG_bed/SW92E114.bedgraph.gz.tbi
bash: warning: setlocale: LC_ALL: cannot change locale (C.UTF-8)
GET maize_ZEAMAP/epigenome/dna_methylation/01_regions/AMP_mCG_bed/SY1032.bedgraph.gz
bash: warning: setlocale: LC_ALL: cannot change locale (C.UTF-8)
GET maize_ZEAMAP/epigenome/dna_methylation/01_regions/AMP_mCG_bed/SY1032.bedgraph.gz.tbi
bash: warning: setlocale: LC_ALL: cannot change locale (C.UTF-8)
GET maize_ZEAMAP/epigenome/dna_methylation/01_regions/AMP_mCG_bed/SY1035.bedgraph.gz
bash: warning: setlocale: LC_ALL: cannot change locale (C.UTF-8)
GET maize_ZEAMAP/epigenome/dna_methylation/01_regions/AMP_mCG_bed/SY1035.bedgraph.gz.tbi
bash: warning: setlocale: LC_ALL: cannot change locale (C.UTF-8)
GET maize_ZEAMAP/epigenome/dna_methylation/01_regions/AMP_mCG_bed/SY1052.bedgraph.gz
bash: warning: setlocale: LC_ALL: cannot change locale (C.UTF-8)
GET maize_ZEAMAP/epigenome/dna_methylation/01_regions/AMP_mCG_bed/SY1052.bedgraph.gz.tbi
bash: warning: setlocale: LC_ALL: cannot change locale (C.UTF-8)
GET maize_ZEAMAP/epigenome/dna_methylation/01_regions/AMP_mCG_bed/SY3073.bedgraph.gz
bash: warning: setlocale: LC_ALL: cannot change locale (C.UTF-8)
GET maize_ZEAMAP/epigenome/dna_methylation/01_regions/AMP_mCG_bed/SY3073.bedgraph.gz.tbi
bash: warning: setlocale: LC_ALL: cannot change locale (C.UTF-8)
GET maize_ZEAMAP/epigenome/dna_methylation/01_regions/AMP_mCG_bed/TIAN77.bedgraph.gz
bash: warning: setlocale: LC_ALL: cannot change locale (C.UTF-8)
GET maize_ZEAMAP/epigenome/dna_methylation/01_regions/AMP_mCG_bed/TIAN77.bedgraph.gz.tbi
curl: (35) Encountered end of file
bash: warning: setlocale: LC_ALL: cannot change locale (C.UTF-8)
GET maize_ZEAMAP/epigenome/dna_methylation/01_regions/AMP_mCG_bed/TIE7922.bedgraph.gz
curl: (35) Encountered end of file
bash: warning: setlocale: LC_ALL: cannot change locale (C.UTF-8)
bash: warning: setlocale: LC_ALL: cannot change locale (C.UTF-8)
GET maize_ZEAMAP/epigenome/dna_methylation/01_regions/AMP_mCG_bed/TIE7922.bedgraph.gz.tbi
GET maize_ZEAMAP/epigenome/dna_methylation/01_regions/AMP_mCG_bed/TT16.bedgraph.gz
bash: warning: setlocale: LC_ALL: cannot change locale (C.UTF-8)
GET maize_ZEAMAP/epigenome/dna_methylation/01_regions/AMP_mCG_bed/TT16.bedgraph.gz.tbi
bash: warning: setlocale: LC_ALL: cannot change locale (C.UTF-8)
GET maize_ZEAMAP/epigenome/dna_methylation/01_regions/AMP_mCG_bed/TX5.bedgraph.gz
bash: warning: setlocale: LC_ALL: cannot change locale (C.UTF-8)
GET maize_ZEAMAP/epigenome/dna_methylation/01_regions/AMP_mCG_bed/TX5.bedgraph.gz.tbi
bash: warning: setlocale: LC_ALL: cannot change locale (C.UTF-8)
GET maize_ZEAMAP/epigenome/dna_methylation/01_regions/AMP_mCG_bed/TY1.bedgraph.gz
bash: warning: setlocale: LC_ALL: cannot change locale (C.UTF-8)
GET maize_ZEAMAP/epigenome/dna_methylation/01_regions/AMP_mCG_bed/TY1.bedgraph.gz.tbi
bash: warning: setlocale: LC_ALL: cannot change locale (C.UTF-8)
GET maize_ZEAMAP/epigenome/dna_methylation/01_regions/AMP_mCG_bed/TY10.bedgraph.gz
bash: warning: setlocale: LC_ALL: cannot change locale (C.UTF-8)
GET maize_ZEAMAP/epigenome/dna_methylation/01_regions/AMP_mCG_bed/TY10.bedgraph.gz.tbi
bash: warning: setlocale: LC_ALL: cannot change locale (C.UTF-8)
GET maize_ZEAMAP/epigenome/dna_methylation/01_regions/AMP_mCG_bed/TY11.bedgraph.gz
bash: warning: setlocale: LC_ALL: cannot change locale (C.UTF-8)
GET maize_ZEAMAP/epigenome/dna_methylation/01_regions/AMP_mCG_bed/TY11.bedgraph.gz.tbi
bash: warning: setlocale: LC_ALL: cannot change locale (C.UTF-8)
GET maize_ZEAMAP/epigenome/dna_methylation/01_regions/AMP_mCG_bed/TY2.bedgraph.gz
bash: warning: setlocale: LC_ALL: cannot change locale (C.UTF-8)
GET maize_ZEAMAP/epigenome/dna_methylation/01_regions/AMP_mCG_bed/TY2.bedgraph.gz.tbi
bash: warning: setlocale: LC_ALL: cannot change locale (C.UTF-8)
GET maize_ZEAMAP/epigenome/dna_methylation/01_regions/AMP_mCG_bed/TY3.bedgraph.gz
bash: warning: setlocale: LC_ALL: cannot change locale (C.UTF-8)
GET maize_ZEAMAP/epigenome/dna_methylation/01_regions/AMP_mCG_bed/TY3.bedgraph.gz.tbi
bash: warning: setlocale: LC_ALL: cannot change locale (C.UTF-8)
GET maize_ZEAMAP/epigenome/dna_methylation/01_regions/AMP_mCG_bed/TY6.bedgraph.gz
bash: warning: setlocale: LC_ALL: cannot change locale (C.UTF-8)
bash: warning: setlocale: LC_ALL: cannot change locale (C.UTF-8)
GET maize_ZEAMAP/epigenome/dna_methylation/01_regions/AMP_mCG_bed/TY6.bedgraph.gz.tbi
GET maize_ZEAMAP/epigenome/dna_methylation/01_regions/AMP_mCG_bed/TY7.bedgraph.gz
bash: warning: setlocale: LC_ALL: cannot change locale (C.UTF-8)
GET maize_ZEAMAP/epigenome/dna_methylation/01_regions/AMP_mCG_bed/TY7.bedgraph.gz.tbi
bash: warning: setlocale: LC_ALL: cannot change locale (C.UTF-8)
GET maize_ZEAMAP/epigenome/dna_methylation/01_regions/AMP_mCG_bed/TY8.bedgraph.gz
bash: warning: setlocale: LC_ALL: cannot change locale (C.UTF-8)
GET maize_ZEAMAP/epigenome/dna_methylation/01_regions/AMP_mCG_bed/TY8.bedgraph.gz.tbi
bash: warning: setlocale: LC_ALL: cannot change locale (C.UTF-8)
GET maize_ZEAMAP/epigenome/dna_methylation/01_regions/AMP_mCG_bed/W138.bedgraph.gz
bash: warning: setlocale: LC_ALL: cannot change locale (C.UTF-8)
GET maize_ZEAMAP/epigenome/dna_methylation/01_regions/AMP_mCG_bed/W138.bedgraph.gz.tbi
bash: warning: setlocale: LC_ALL: cannot change locale (C.UTF-8)
GET maize_ZEAMAP/epigenome/dna_methylation/01_regions/AMP_mCG_bed/WMR.bedgraph.gz
bash: warning: setlocale: LC_ALL: cannot change locale (C.UTF-8)
GET maize_ZEAMAP/epigenome/dna_methylation/01_regions/AMP_mCG_bed/WMR.bedgraph.gz.tbi
bash: warning: setlocale: LC_ALL: cannot change locale (C.UTF-8)
GET maize_ZEAMAP/epigenome/dna_methylation/01_regions/AMP_mCG_bed/WU109.bedgraph.gz
bash: warning: setlocale: LC_ALL: cannot change locale (C.UTF-8)
bash: warning: setlocale: LC_ALL: cannot change locale (C.UTF-8)
GET maize_ZEAMAP/epigenome/dna_methylation/01_regions/AMP_mCG_bed/WU109.bedgraph.gz.tbi
GET maize_ZEAMAP/epigenome/dna_methylation/01_regions/AMP_mCG_bed/YE488.bedgraph.gz
bash: warning: setlocale: LC_ALL: cannot change locale (C.UTF-8)
GET maize_ZEAMAP/epigenome/dna_methylation/01_regions/AMP_mCG_bed/YE488.bedgraph.gz.tbi
bash: warning: setlocale: LC_ALL: cannot change locale (C.UTF-8)
bash: warning: setlocale: LC_ALL: cannot change locale (C.UTF-8)
GET maize_ZEAMAP/epigenome/dna_methylation/01_regions/AMP_mCG_bed/YU374.bedgraph.gz
GET maize_ZEAMAP/epigenome/dna_methylation/01_regions/AMP_mCG_bed/YU374.bedgraph.gz.tbi
bash: warning: setlocale: LC_ALL: cannot change locale (C.UTF-8)
GET maize_ZEAMAP/epigenome/dna_methylation/01_regions/AMP_mCG_bed/YU87-1.bedgraph.gz
bash: warning: setlocale: LC_ALL: cannot change locale (C.UTF-8)
GET maize_ZEAMAP/epigenome/dna_methylation/01_regions/AMP_mCG_bed/YU87-1.bedgraph.gz.tbi
bash: warning: setlocale: LC_ALL: cannot change locale (C.UTF-8)
GET maize_ZEAMAP/epigenome/dna_methylation/01_regions/AMP_mCG_bed/Z2018F.bedgraph.gz
bash: warning: setlocale: LC_ALL: cannot change locale (C.UTF-8)
GET maize_ZEAMAP/epigenome/dna_methylation/01_regions/AMP_mCG_bed/Z2018F.bedgraph.gz.tbi
bash: warning: setlocale: LC_ALL: cannot change locale (C.UTF-8)
bash: warning: setlocale: LC_ALL: cannot change locale (C.UTF-8)
GET maize_ZEAMAP/epigenome/dna_methylation/01_regions/AMP_mCG_bed/ZB648.bedgraph.gz
GET maize_ZEAMAP/epigenome/dna_methylation/01_regions/AMP_mCG_bed/ZB648.bedgraph.gz.tbi
bash: warning: setlocale: LC_ALL: cannot change locale (C.UTF-8)
GET maize_ZEAMAP/epigenome/dna_methylation/01_regions/AMP_mCG_bed/ZHENG22.bedgraph.gz
bash: warning: setlocale: LC_ALL: cannot change locale (C.UTF-8)
bash: warning: setlocale: LC_ALL: cannot change locale (C.UTF-8)
GET maize_ZEAMAP/epigenome/dna_methylation/01_regions/AMP_mCG_bed/ZHENG22.bedgraph.gz.tbi
GET maize_ZEAMAP/epigenome/dna_methylation/01_regions/AMP_mCG_bed/ZHENG29.bedgraph.gz
bash: warning: setlocale: LC_ALL: cannot change locale (C.UTF-8)
GET maize_ZEAMAP/epigenome/dna_methylation/01_regions/AMP_mCG_bed/ZHENG29.bedgraph.gz.tbi
bash: warning: setlocale: LC_ALL: cannot change locale (C.UTF-8)
GET maize_ZEAMAP/epigenome/dna_methylation/01_regions/AMP_mCG_bed/ZHENG30.bedgraph.gz
bash: warning: setlocale: LC_ALL: cannot change locale (C.UTF-8)
GET maize_ZEAMAP/epigenome/dna_methylation/01_regions/AMP_mCG_bed/ZHENG30.bedgraph.gz.tbi
bash: warning: setlocale: LC_ALL: cannot change locale (C.UTF-8)
GET maize_ZEAMAP/epigenome/dna_methylation/01_regions/AMP_mCG_bed/ZHENG35.bedgraph.gz
bash: warning: setlocale: LC_ALL: cannot change locale (C.UTF-8)
bash: warning: setlocale: LC_ALL: cannot change locale (C.UTF-8)
GET maize_ZEAMAP/epigenome/dna_methylation/01_regions/AMP_mCG_bed/ZHENG35.bedgraph.gz.tbi
GET maize_ZEAMAP/epigenome/dna_methylation/01_regions/AMP_mCG_bed/ZHENG58.bedgraph.gz
bash: warning: setlocale: LC_ALL: cannot change locale (C.UTF-8)
GET maize_ZEAMAP/epigenome/dna_methylation/01_regions/AMP_mCG_bed/ZHENG58.bedgraph.gz.tbi
bash: warning: setlocale: LC_ALL: cannot change locale (C.UTF-8)
GET maize_ZEAMAP/epigenome/dna_methylation/01_regions/AMP_mCG_bed/ZHENG653.bedgraph.gz
bash: warning: setlocale: LC_ALL: cannot change locale (C.UTF-8)
GET maize_ZEAMAP/epigenome/dna_methylation/01_regions/AMP_mCG_bed/ZHENG653.bedgraph.gz.tbi
bash: warning: setlocale: LC_ALL: cannot change locale (C.UTF-8)
bash: warning: setlocale: LC_ALL: cannot change locale (C.UTF-8)
GET maize_ZEAMAP/epigenome/dna_methylation/01_regions/AMP_mCG_bed/ZHI41.bedgraph.gz
GET maize_ZEAMAP/epigenome/dna_methylation/01_regions/AMP_mCG_bed/ZHI41.bedgraph.gz.tbi
bash: warning: setlocale: LC_ALL: cannot change locale (C.UTF-8)
GET maize_ZEAMAP/epigenome/dna_methylation/01_regions/AMP_mCG_bed/ZZ01.bedgraph.gz
bash: warning: setlocale: LC_ALL: cannot change locale (C.UTF-8)
GET maize_ZEAMAP/epigenome/dna_methylation/01_regions/AMP_mCG_bed/ZZ01.bedgraph.gz.tbi
bash: warning: setlocale: LC_ALL: cannot change locale (C.UTF-8)
GET maize_ZEAMAP/epigenome/dna_methylation/01_regions/AMP_mCG_bed/md5.txt
bash: warning: setlocale: LC_ALL: cannot change locale (C.UTF-8)
GET maize_ZEAMAP/epigenome/dna_methylation/01_regions/AMP_mCHG_bed/04K5686.bedgraph.gz
bash: warning: setlocale: LC_ALL: cannot change locale (C.UTF-8)
GET maize_ZEAMAP/epigenome/dna_methylation/01_regions/AMP_mCHG_bed/04K5686.bedgraph.gz.tbi
bash: warning: setlocale: LC_ALL: cannot change locale (C.UTF-8)
GET maize_ZEAMAP/epigenome/dna_methylation/01_regions/AMP_mCHG_bed/05WN230.bedgraph.gz
bash: warning: setlocale: LC_ALL: cannot change locale (C.UTF-8)
GET maize_ZEAMAP/epigenome/dna_methylation/01_regions/AMP_mCHG_bed/05WN230.bedgraph.gz.tbi
bash: warning: setlocale: LC_ALL: cannot change locale (C.UTF-8)
GET maize_ZEAMAP/epigenome/dna_methylation/01_regions/AMP_mCHG_bed/07KS4.bedgraph.gz
bash: warning: setlocale: LC_ALL: cannot change locale (C.UTF-8)
GET maize_ZEAMAP/epigenome/dna_methylation/01_regions/AMP_mCHG_bed/07KS4.bedgraph.gz.tbi
bash: warning: setlocale: LC_ALL: cannot change locale (C.UTF-8)
GET maize_ZEAMAP/epigenome/dna_methylation/01_regions/AMP_mCHG_bed/1323.bedgraph.gz
bash: warning: setlocale: LC_ALL: cannot change locale (C.UTF-8)
GET maize_ZEAMAP/epigenome/dna_methylation/01_regions/AMP_mCHG_bed/1323.bedgraph.gz.tbi
bash: warning: setlocale: LC_ALL: cannot change locale (C.UTF-8)
GET maize_ZEAMAP/epigenome/dna_methylation/01_regions/AMP_mCHG_bed/150.bedgraph.gz
bash: warning: setlocale: LC_ALL: cannot change locale (C.UTF-8)
GET maize_ZEAMAP/epigenome/dna_methylation/01_regions/AMP_mCHG_bed/150.bedgraph.gz.tbi
bash: warning: setlocale: LC_ALL: cannot change locale (C.UTF-8)
GET maize_ZEAMAP/epigenome/dna_methylation/01_regions/AMP_mCHG_bed/177.bedgraph.gz
bash: warning: setlocale: LC_ALL: cannot change locale (C.UTF-8)
GET maize_ZEAMAP/epigenome/dna_methylation/01_regions/AMP_mCHG_bed/177.bedgraph.gz.tbi
bash: warning: setlocale: LC_ALL: cannot change locale (C.UTF-8)
GET maize_ZEAMAP/epigenome/dna_methylation/01_regions/AMP_mCHG_bed/238.bedgraph.gz
bash: warning: setlocale: LC_ALL: cannot change locale (C.UTF-8)
bash: warning: setlocale: LC_ALL: cannot change locale (C.UTF-8)
GET maize_ZEAMAP/epigenome/dna_methylation/01_regions/AMP_mCHG_bed/238.bedgraph.gz.tbi
GET maize_ZEAMAP/epigenome/dna_methylation/01_regions/AMP_mCHG_bed/268.bedgraph.gz
bash: warning: setlocale: LC_ALL: cannot change locale (C.UTF-8)
GET maize_ZEAMAP/epigenome/dna_methylation/01_regions/AMP_mCHG_bed/268.bedgraph.gz.tbi
bash: warning: setlocale: LC_ALL: cannot change locale (C.UTF-8)
GET maize_ZEAMAP/epigenome/dna_methylation/01_regions/AMP_mCHG_bed/384-2.bedgraph.gz
bash: warning: setlocale: LC_ALL: cannot change locale (C.UTF-8)
GET maize_ZEAMAP/epigenome/dna_methylation/01_regions/AMP_mCHG_bed/384-2.bedgraph.gz.tbi
bash: warning: setlocale: LC_ALL: cannot change locale (C.UTF-8)
GET maize_ZEAMAP/epigenome/dna_methylation/01_regions/AMP_mCHG_bed/4019.bedgraph.gz
bash: warning: setlocale: LC_ALL: cannot change locale (C.UTF-8)
GET maize_ZEAMAP/epigenome/dna_methylation/01_regions/AMP_mCHG_bed/4019.bedgraph.gz.tbi
bash: warning: setlocale: LC_ALL: cannot change locale (C.UTF-8)
GET maize_ZEAMAP/epigenome/dna_methylation/01_regions/AMP_mCHG_bed/4F1.bedgraph.gz
bash: warning: setlocale: LC_ALL: cannot change locale (C.UTF-8)
GET maize_ZEAMAP/epigenome/dna_methylation/01_regions/AMP_mCHG_bed/4F1.bedgraph.gz.tbi
bash: warning: setlocale: LC_ALL: cannot change locale (C.UTF-8)
GET maize_ZEAMAP/epigenome/dna_methylation/01_regions/AMP_mCHG_bed/501.bedgraph.gz
bash: warning: setlocale: LC_ALL: cannot change locale (C.UTF-8)
GET maize_ZEAMAP/epigenome/dna_methylation/01_regions/AMP_mCHG_bed/501.bedgraph.gz.tbi
bash: warning: setlocale: LC_ALL: cannot change locale (C.UTF-8)
GET maize_ZEAMAP/epigenome/dna_methylation/01_regions/AMP_mCHG_bed/5213.bedgraph.gz
bash: warning: setlocale: LC_ALL: cannot change locale (C.UTF-8)
GET maize_ZEAMAP/epigenome/dna_methylation/01_regions/AMP_mCHG_bed/5213.bedgraph.gz.tbi
bash: warning: setlocale: LC_ALL: cannot change locale (C.UTF-8)
GET maize_ZEAMAP/epigenome/dna_methylation/01_regions/AMP_mCHG_bed/7327.bedgraph.gz
bash: warning: setlocale: LC_ALL: cannot change locale (C.UTF-8)
GET maize_ZEAMAP/epigenome/dna_methylation/01_regions/AMP_mCHG_bed/7327.bedgraph.gz.tbi
bash: warning: setlocale: LC_ALL: cannot change locale (C.UTF-8)
GET maize_ZEAMAP/epigenome/dna_methylation/01_regions/AMP_mCHG_bed/7381.bedgraph.gz
bash: warning: setlocale: LC_ALL: cannot change locale (C.UTF-8)
bash: warning: setlocale: LC_ALL: cannot change locale (C.UTF-8)
GET maize_ZEAMAP/epigenome/dna_methylation/01_regions/AMP_mCHG_bed/7381.bedgraph.gz.tbi
GET maize_ZEAMAP/epigenome/dna_methylation/01_regions/AMP_mCHG_bed/812.bedgraph.gz
bash: warning: setlocale: LC_ALL: cannot change locale (C.UTF-8)
GET maize_ZEAMAP/epigenome/dna_methylation/01_regions/AMP_mCHG_bed/812.bedgraph.gz.tbi
bash: warning: setlocale: LC_ALL: cannot change locale (C.UTF-8)
GET maize_ZEAMAP/epigenome/dna_methylation/01_regions/AMP_mCHG_bed/832.bedgraph.gz
bash: warning: setlocale: LC_ALL: cannot change locale (C.UTF-8)
GET maize_ZEAMAP/epigenome/dna_methylation/01_regions/AMP_mCHG_bed/832.bedgraph.gz.tbi
bash: warning: setlocale: LC_ALL: cannot change locale (C.UTF-8)
GET maize_ZEAMAP/epigenome/dna_methylation/01_regions/AMP_mCHG_bed/835A.bedgraph.gz
bash: warning: setlocale: LC_ALL: cannot change locale (C.UTF-8)
GET maize_ZEAMAP/epigenome/dna_methylation/01_regions/AMP_mCHG_bed/835A.bedgraph.gz.tbi
bash: warning: setlocale: LC_ALL: cannot change locale (C.UTF-8)
GET maize_ZEAMAP/epigenome/dna_methylation/01_regions/AMP_mCHG_bed/8902.bedgraph.gz
bash: warning: setlocale: LC_ALL: cannot change locale (C.UTF-8)
GET maize_ZEAMAP/epigenome/dna_methylation/01_regions/AMP_mCHG_bed/8902.bedgraph.gz.tbi
bash: warning: setlocale: LC_ALL: cannot change locale (C.UTF-8)
GET maize_ZEAMAP/epigenome/dna_methylation/01_regions/AMP_mCHG_bed/975-12.bedgraph.gz
bash: warning: setlocale: LC_ALL: cannot change locale (C.UTF-8)
GET maize_ZEAMAP/epigenome/dna_methylation/01_regions/AMP_mCHG_bed/975-12.bedgraph.gz.tbi
bash: warning: setlocale: LC_ALL: cannot change locale (C.UTF-8)
GET maize_ZEAMAP/epigenome/dna_methylation/01_regions/AMP_mCHG_bed/A619.bedgraph.gz
bash: warning: setlocale: LC_ALL: cannot change locale (C.UTF-8)
GET maize_ZEAMAP/epigenome/dna_methylation/01_regions/AMP_mCHG_bed/A619.bedgraph.gz.tbi
bash: warning: setlocale: LC_ALL: cannot change locale (C.UTF-8)
GET maize_ZEAMAP/epigenome/dna_methylation/01_regions/AMP_mCHG_bed/B11.bedgraph.gz
bash: warning: setlocale: LC_ALL: cannot change locale (C.UTF-8)
GET maize_ZEAMAP/epigenome/dna_methylation/01_regions/AMP_mCHG_bed/B11.bedgraph.gz.tbi
bash: warning: setlocale: LC_ALL: cannot change locale (C.UTF-8)
GET maize_ZEAMAP/epigenome/dna_methylation/01_regions/AMP_mCHG_bed/B110.bedgraph.gz
bash: warning: setlocale: LC_ALL: cannot change locale (C.UTF-8)
GET maize_ZEAMAP/epigenome/dna_methylation/01_regions/AMP_mCHG_bed/B110.bedgraph.gz.tbi
bash: warning: setlocale: LC_ALL: cannot change locale (C.UTF-8)
GET maize_ZEAMAP/epigenome/dna_methylation/01_regions/AMP_mCHG_bed/B111.bedgraph.gz
bash: warning: setlocale: LC_ALL: cannot change locale (C.UTF-8)
GET maize_ZEAMAP/epigenome/dna_methylation/01_regions/AMP_mCHG_bed/B111.bedgraph.gz.tbi
bash: warning: setlocale: LC_ALL: cannot change locale (C.UTF-8)
GET maize_ZEAMAP/epigenome/dna_methylation/01_regions/AMP_mCHG_bed/B73.bedgraph.gz
bash: warning: setlocale: LC_ALL: cannot change locale (C.UTF-8)
GET maize_ZEAMAP/epigenome/dna_methylation/01_regions/AMP_mCHG_bed/B73.bedgraph.gz.tbi
bash: warning: setlocale: LC_ALL: cannot change locale (C.UTF-8)
GET maize_ZEAMAP/epigenome/dna_methylation/01_regions/AMP_mCHG_bed/BEM.bedgraph.gz
bash: warning: setlocale: LC_ALL: cannot change locale (C.UTF-8)
GET maize_ZEAMAP/epigenome/dna_methylation/01_regions/AMP_mCHG_bed/BEM.bedgraph.gz.tbi
bash: warning: setlocale: LC_ALL: cannot change locale (C.UTF-8)
GET maize_ZEAMAP/epigenome/dna_methylation/01_regions/AMP_mCHG_bed/BS16.bedgraph.gz
bash: warning: setlocale: LC_ALL: cannot change locale (C.UTF-8)
GET maize_ZEAMAP/epigenome/dna_methylation/01_regions/AMP_mCHG_bed/BS16.bedgraph.gz.tbi
bash: warning: setlocale: LC_ALL: cannot change locale (C.UTF-8)
GET maize_ZEAMAP/epigenome/dna_methylation/01_regions/AMP_mCHG_bed/BY4839.bedgraph.gz
bash: warning: setlocale: LC_ALL: cannot change locale (C.UTF-8)
GET maize_ZEAMAP/epigenome/dna_methylation/01_regions/AMP_mCHG_bed/BY4839.bedgraph.gz.tbi
bash: warning: setlocale: LC_ALL: cannot change locale (C.UTF-8)
GET maize_ZEAMAP/epigenome/dna_methylation/01_regions/AMP_mCHG_bed/BY4944.bedgraph.gz
bash: warning: setlocale: LC_ALL: cannot change locale (C.UTF-8)
GET maize_ZEAMAP/epigenome/dna_methylation/01_regions/AMP_mCHG_bed/BY4944.bedgraph.gz.tbi
bash: warning: setlocale: LC_ALL: cannot change locale (C.UTF-8)
GET maize_ZEAMAP/epigenome/dna_methylation/01_regions/AMP_mCHG_bed/BY4960.bedgraph.gz
bash: warning: setlocale: LC_ALL: cannot change locale (C.UTF-8)
GET maize_ZEAMAP/epigenome/dna_methylation/01_regions/AMP_mCHG_bed/BY4960.bedgraph.gz.tbi
bash: warning: setlocale: LC_ALL: cannot change locale (C.UTF-8)
GET maize_ZEAMAP/epigenome/dna_methylation/01_regions/AMP_mCHG_bed/BY809.bedgraph.gz
bash: warning: setlocale: LC_ALL: cannot change locale (C.UTF-8)
GET maize_ZEAMAP/epigenome/dna_methylation/01_regions/AMP_mCHG_bed/BY809.bedgraph.gz.tbi
bash: warning: setlocale: LC_ALL: cannot change locale (C.UTF-8)
bash: warning: setlocale: LC_ALL: cannot change locale (C.UTF-8)
GET maize_ZEAMAP/epigenome/dna_methylation/01_regions/AMP_mCHG_bed/BY813.bedgraph.gz
GET maize_ZEAMAP/epigenome/dna_methylation/01_regions/AMP_mCHG_bed/BY813.bedgraph.gz.tbi
bash: warning: setlocale: LC_ALL: cannot change locale (C.UTF-8)
bash: warning: setlocale: LC_ALL: cannot change locale (C.UTF-8)
GET maize_ZEAMAP/epigenome/dna_methylation/01_regions/AMP_mCHG_bed/BY815.bedgraph.gz
GET maize_ZEAMAP/epigenome/dna_methylation/01_regions/AMP_mCHG_bed/BY815.bedgraph.gz.tbi
bash: warning: setlocale: LC_ALL: cannot change locale (C.UTF-8)
bash: warning: setlocale: LC_ALL: cannot change locale (C.UTF-8)
GET maize_ZEAMAP/epigenome/dna_methylation/01_regions/AMP_mCHG_bed/BY855.bedgraph.gz
GET maize_ZEAMAP/epigenome/dna_methylation/01_regions/AMP_mCHG_bed/BY855.bedgraph.gz.tbi
curl: (35) Encountered end of file
bash: warning: setlocale: LC_ALL: cannot change locale (C.UTF-8)
bash: warning: setlocale: LC_ALL: cannot change locale (C.UTF-8)
GET maize_ZEAMAP/epigenome/dna_methylation/01_regions/AMP_mCHG_bed/CF3.bedgraph.gz
GET maize_ZEAMAP/epigenome/dna_methylation/01_regions/AMP_mCHG_bed/CF3.bedgraph.gz.tbi
bash: warning: setlocale: LC_ALL: cannot change locale (C.UTF-8)
GET maize_ZEAMAP/epigenome/dna_methylation/01_regions/AMP_mCHG_bed/CHENG698.bedgraph.gz
bash: warning: setlocale: LC_ALL: cannot change locale (C.UTF-8)
bash: warning: setlocale: LC_ALL: cannot change locale (C.UTF-8)
GET maize_ZEAMAP/epigenome/dna_methylation/01_regions/AMP_mCHG_bed/CHENG698.bedgraph.gz.tbi
GET maize_ZEAMAP/epigenome/dna_methylation/01_regions/AMP_mCHG_bed/CIMBL10.bedgraph.gz
bash: warning: setlocale: LC_ALL: cannot change locale (C.UTF-8)
bash: warning: setlocale: LC_ALL: cannot change locale (C.UTF-8)
bash: warning: setlocale: LC_ALL: cannot change locale (C.UTF-8)
GET maize_ZEAMAP/epigenome/dna_methylation/01_regions/AMP_mCHG_bed/CIMBL10.bedgraph.gz.tbi
GET maize_ZEAMAP/epigenome/dna_methylation/01_regions/AMP_mCHG_bed/CIMBL105.bedgraph.gz
GET maize_ZEAMAP/epigenome/dna_methylation/01_regions/AMP_mCHG_bed/CIMBL105.bedgraph.gz.tbi
bash: warning: setlocale: LC_ALL: cannot change locale (C.UTF-8)
GET maize_ZEAMAP/epigenome/dna_methylation/01_regions/AMP_mCHG_bed/CIMBL107.bedgraph.gz
bash: warning: setlocale: LC_ALL: cannot change locale (C.UTF-8)
GET maize_ZEAMAP/epigenome/dna_methylation/01_regions/AMP_mCHG_bed/CIMBL107.bedgraph.gz.tbi
bash: warning: setlocale: LC_ALL: cannot change locale (C.UTF-8)
GET maize_ZEAMAP/epigenome/dna_methylation/01_regions/AMP_mCHG_bed/CIMBL108.bedgraph.gz
bash: warning: setlocale: LC_ALL: cannot change locale (C.UTF-8)
GET maize_ZEAMAP/epigenome/dna_methylation/01_regions/AMP_mCHG_bed/CIMBL108.bedgraph.gz.tbi
bash: warning: setlocale: LC_ALL: cannot change locale (C.UTF-8)
GET maize_ZEAMAP/epigenome/dna_methylation/01_regions/AMP_mCHG_bed/CIMBL109.bedgraph.gz
bash: warning: setlocale: LC_ALL: cannot change locale (C.UTF-8)
GET maize_ZEAMAP/epigenome/dna_methylation/01_regions/AMP_mCHG_bed/CIMBL109.bedgraph.gz.tbi
bash: warning: setlocale: LC_ALL: cannot change locale (C.UTF-8)
GET maize_ZEAMAP/epigenome/dna_methylation/01_regions/AMP_mCHG_bed/CIMBL11.bedgraph.gz
bash: warning: setlocale: LC_ALL: cannot change locale (C.UTF-8)
GET maize_ZEAMAP/epigenome/dna_methylation/01_regions/AMP_mCHG_bed/CIMBL11.bedgraph.gz.tbi
bash: warning: setlocale: LC_ALL: cannot change locale (C.UTF-8)
GET maize_ZEAMAP/epigenome/dna_methylation/01_regions/AMP_mCHG_bed/CIMBL110.bedgraph.gz
bash: warning: setlocale: LC_ALL: cannot change locale (C.UTF-8)
GET maize_ZEAMAP/epigenome/dna_methylation/01_regions/AMP_mCHG_bed/CIMBL110.bedgraph.gz.tbi
bash: warning: setlocale: LC_ALL: cannot change locale (C.UTF-8)
GET maize_ZEAMAP/epigenome/dna_methylation/01_regions/AMP_mCHG_bed/CIMBL112.bedgraph.gz
bash: warning: setlocale: LC_ALL: cannot change locale (C.UTF-8)
GET maize_ZEAMAP/epigenome/dna_methylation/01_regions/AMP_mCHG_bed/CIMBL112.bedgraph.gz.tbi
bash: warning: setlocale: LC_ALL: cannot change locale (C.UTF-8)
GET maize_ZEAMAP/epigenome/dna_methylation/01_regions/AMP_mCHG_bed/CIMBL114.bedgraph.gz
bash: warning: setlocale: LC_ALL: cannot change locale (C.UTF-8)
GET maize_ZEAMAP/epigenome/dna_methylation/01_regions/AMP_mCHG_bed/CIMBL114.bedgraph.gz.tbi
bash: warning: setlocale: LC_ALL: cannot change locale (C.UTF-8)
GET maize_ZEAMAP/epigenome/dna_methylation/01_regions/AMP_mCHG_bed/CIMBL116.bedgraph.gz
bash: warning: setlocale: LC_ALL: cannot change locale (C.UTF-8)
GET maize_ZEAMAP/epigenome/dna_methylation/01_regions/AMP_mCHG_bed/CIMBL116.bedgraph.gz.tbi
bash: warning: setlocale: LC_ALL: cannot change locale (C.UTF-8)
GET maize_ZEAMAP/epigenome/dna_methylation/01_regions/AMP_mCHG_bed/CIMBL12.bedgraph.gz
bash: warning: setlocale: LC_ALL: cannot change locale (C.UTF-8)
GET maize_ZEAMAP/epigenome/dna_methylation/01_regions/AMP_mCHG_bed/CIMBL12.bedgraph.gz.tbi
bash: warning: setlocale: LC_ALL: cannot change locale (C.UTF-8)
GET maize_ZEAMAP/epigenome/dna_methylation/01_regions/AMP_mCHG_bed/CIMBL125.bedgraph.gz
bash: warning: setlocale: LC_ALL: cannot change locale (C.UTF-8)
GET maize_ZEAMAP/epigenome/dna_methylation/01_regions/AMP_mCHG_bed/CIMBL125.bedgraph.gz.tbi
bash: warning: setlocale: LC_ALL: cannot change locale (C.UTF-8)
GET maize_ZEAMAP/epigenome/dna_methylation/01_regions/AMP_mCHG_bed/CIMBL126.bedgraph.gz
bash: warning: setlocale: LC_ALL: cannot change locale (C.UTF-8)
GET maize_ZEAMAP/epigenome/dna_methylation/01_regions/AMP_mCHG_bed/CIMBL126.bedgraph.gz.tbi
bash: warning: setlocale: LC_ALL: cannot change locale (C.UTF-8)
GET maize_ZEAMAP/epigenome/dna_methylation/01_regions/AMP_mCHG_bed/CIMBL127.bedgraph.gz
bash: warning: setlocale: LC_ALL: cannot change locale (C.UTF-8)
GET maize_ZEAMAP/epigenome/dna_methylation/01_regions/AMP_mCHG_bed/CIMBL127.bedgraph.gz.tbi
bash: warning: setlocale: LC_ALL: cannot change locale (C.UTF-8)
GET maize_ZEAMAP/epigenome/dna_methylation/01_regions/AMP_mCHG_bed/CIMBL129.bedgraph.gz
bash: warning: setlocale: LC_ALL: cannot change locale (C.UTF-8)
GET maize_ZEAMAP/epigenome/dna_methylation/01_regions/AMP_mCHG_bed/CIMBL129.bedgraph.gz.tbi
bash: warning: setlocale: LC_ALL: cannot change locale (C.UTF-8)
GET maize_ZEAMAP/epigenome/dna_methylation/01_regions/AMP_mCHG_bed/CIMBL13.bedgraph.gz
bash: warning: setlocale: LC_ALL: cannot change locale (C.UTF-8)
GET maize_ZEAMAP/epigenome/dna_methylation/01_regions/AMP_mCHG_bed/CIMBL13.bedgraph.gz.tbi
bash: warning: setlocale: LC_ALL: cannot change locale (C.UTF-8)
GET maize_ZEAMAP/epigenome/dna_methylation/01_regions/AMP_mCHG_bed/CIMBL130.bedgraph.gz
bash: warning: setlocale: LC_ALL: cannot change locale (C.UTF-8)
GET maize_ZEAMAP/epigenome/dna_methylation/01_regions/AMP_mCHG_bed/CIMBL130.bedgraph.gz.tbi
bash: warning: setlocale: LC_ALL: cannot change locale (C.UTF-8)
GET maize_ZEAMAP/epigenome/dna_methylation/01_regions/AMP_mCHG_bed/CIMBL131.bedgraph.gz
bash: warning: setlocale: LC_ALL: cannot change locale (C.UTF-8)
GET maize_ZEAMAP/epigenome/dna_methylation/01_regions/AMP_mCHG_bed/CIMBL131.bedgraph.gz.tbi
bash: warning: setlocale: LC_ALL: cannot change locale (C.UTF-8)
GET maize_ZEAMAP/epigenome/dna_methylation/01_regions/AMP_mCHG_bed/CIMBL133.bedgraph.gz
bash: warning: setlocale: LC_ALL: cannot change locale (C.UTF-8)
GET maize_ZEAMAP/epigenome/dna_methylation/01_regions/AMP_mCHG_bed/CIMBL133.bedgraph.gz.tbi
bash: warning: setlocale: LC_ALL: cannot change locale (C.UTF-8)
GET maize_ZEAMAP/epigenome/dna_methylation/01_regions/AMP_mCHG_bed/CIMBL137.bedgraph.gz
bash: warning: setlocale: LC_ALL: cannot change locale (C.UTF-8)
GET maize_ZEAMAP/epigenome/dna_methylation/01_regions/AMP_mCHG_bed/CIMBL137.bedgraph.gz.tbi
bash: warning: setlocale: LC_ALL: cannot change locale (C.UTF-8)
GET maize_ZEAMAP/epigenome/dna_methylation/01_regions/AMP_mCHG_bed/CIMBL138.bedgraph.gz
bash: warning: setlocale: LC_ALL: cannot change locale (C.UTF-8)
GET maize_ZEAMAP/epigenome/dna_methylation/01_regions/AMP_mCHG_bed/CIMBL138.bedgraph.gz.tbi
bash: warning: setlocale: LC_ALL: cannot change locale (C.UTF-8)
GET maize_ZEAMAP/epigenome/dna_methylation/01_regions/AMP_mCHG_bed/CIMBL14.bedgraph.gz
bash: warning: setlocale: LC_ALL: cannot change locale (C.UTF-8)
GET maize_ZEAMAP/epigenome/dna_methylation/01_regions/AMP_mCHG_bed/CIMBL14.bedgraph.gz.tbi
bash: warning: setlocale: LC_ALL: cannot change locale (C.UTF-8)
GET maize_ZEAMAP/epigenome/dna_methylation/01_regions/AMP_mCHG_bed/CIMBL140.bedgraph.gz
bash: warning: setlocale: LC_ALL: cannot change locale (C.UTF-8)
GET maize_ZEAMAP/epigenome/dna_methylation/01_regions/AMP_mCHG_bed/CIMBL140.bedgraph.gz.tbi
bash: warning: setlocale: LC_ALL: cannot change locale (C.UTF-8)
GET maize_ZEAMAP/epigenome/dna_methylation/01_regions/AMP_mCHG_bed/CIMBL141.bedgraph.gz
bash: warning: setlocale: LC_ALL: cannot change locale (C.UTF-8)
GET maize_ZEAMAP/epigenome/dna_methylation/01_regions/AMP_mCHG_bed/CIMBL141.bedgraph.gz.tbi
bash: warning: setlocale: LC_ALL: cannot change locale (C.UTF-8)
GET maize_ZEAMAP/epigenome/dna_methylation/01_regions/AMP_mCHG_bed/CIMBL145.bedgraph.gz
bash: warning: setlocale: LC_ALL: cannot change locale (C.UTF-8)
GET maize_ZEAMAP/epigenome/dna_methylation/01_regions/AMP_mCHG_bed/CIMBL145.bedgraph.gz.tbi
bash: warning: setlocale: LC_ALL: cannot change locale (C.UTF-8)
GET maize_ZEAMAP/epigenome/dna_methylation/01_regions/AMP_mCHG_bed/CIMBL148.bedgraph.gz
bash: warning: setlocale: LC_ALL: cannot change locale (C.UTF-8)
GET maize_ZEAMAP/epigenome/dna_methylation/01_regions/AMP_mCHG_bed/CIMBL148.bedgraph.gz.tbi
bash: warning: setlocale: LC_ALL: cannot change locale (C.UTF-8)
GET maize_ZEAMAP/epigenome/dna_methylation/01_regions/AMP_mCHG_bed/CIMBL150.bedgraph.gz
bash: warning: setlocale: LC_ALL: cannot change locale (C.UTF-8)
GET maize_ZEAMAP/epigenome/dna_methylation/01_regions/AMP_mCHG_bed/CIMBL150.bedgraph.gz.tbi
bash: warning: setlocale: LC_ALL: cannot change locale (C.UTF-8)
GET maize_ZEAMAP/epigenome/dna_methylation/01_regions/AMP_mCHG_bed/CIMBL151.bedgraph.gz
bash: warning: setlocale: LC_ALL: cannot change locale (C.UTF-8)
GET maize_ZEAMAP/epigenome/dna_methylation/01_regions/AMP_mCHG_bed/CIMBL151.bedgraph.gz.tbi
bash: warning: setlocale: LC_ALL: cannot change locale (C.UTF-8)
GET maize_ZEAMAP/epigenome/dna_methylation/01_regions/AMP_mCHG_bed/CIMBL152.bedgraph.gz
bash: warning: setlocale: LC_ALL: cannot change locale (C.UTF-8)
GET maize_ZEAMAP/epigenome/dna_methylation/01_regions/AMP_mCHG_bed/CIMBL152.bedgraph.gz.tbi
bash: warning: setlocale: LC_ALL: cannot change locale (C.UTF-8)
GET maize_ZEAMAP/epigenome/dna_methylation/01_regions/AMP_mCHG_bed/CIMBL154.bedgraph.gz
bash: warning: setlocale: LC_ALL: cannot change locale (C.UTF-8)
GET maize_ZEAMAP/epigenome/dna_methylation/01_regions/AMP_mCHG_bed/CIMBL154.bedgraph.gz.tbi
bash: warning: setlocale: LC_ALL: cannot change locale (C.UTF-8)
GET maize_ZEAMAP/epigenome/dna_methylation/01_regions/AMP_mCHG_bed/CIMBL155.bedgraph.gz
bash: warning: setlocale: LC_ALL: cannot change locale (C.UTF-8)
GET maize_ZEAMAP/epigenome/dna_methylation/01_regions/AMP_mCHG_bed/CIMBL155.bedgraph.gz.tbi
bash: warning: setlocale: LC_ALL: cannot change locale (C.UTF-8)
GET maize_ZEAMAP/epigenome/dna_methylation/01_regions/AMP_mCHG_bed/CIMBL17.bedgraph.gz
bash: warning: setlocale: LC_ALL: cannot change locale (C.UTF-8)
GET maize_ZEAMAP/epigenome/dna_methylation/01_regions/AMP_mCHG_bed/CIMBL17.bedgraph.gz.tbi
bash: warning: setlocale: LC_ALL: cannot change locale (C.UTF-8)
GET maize_ZEAMAP/epigenome/dna_methylation/01_regions/AMP_mCHG_bed/CIMBL18.bedgraph.gz
bash: warning: setlocale: LC_ALL: cannot change locale (C.UTF-8)
bash: warning: setlocale: LC_ALL: cannot change locale (C.UTF-8)
GET maize_ZEAMAP/epigenome/dna_methylation/01_regions/AMP_mCHG_bed/CIMBL18.bedgraph.gz.tbi
GET maize_ZEAMAP/epigenome/dna_methylation/01_regions/AMP_mCHG_bed/CIMBL2.bedgraph.gz
bash: warning: setlocale: LC_ALL: cannot change locale (C.UTF-8)
GET maize_ZEAMAP/epigenome/dna_methylation/01_regions/AMP_mCHG_bed/CIMBL2.bedgraph.gz.tbi
bash: warning: setlocale: LC_ALL: cannot change locale (C.UTF-8)
GET maize_ZEAMAP/epigenome/dna_methylation/01_regions/AMP_mCHG_bed/CIMBL20.bedgraph.gz
bash: warning: setlocale: LC_ALL: cannot change locale (C.UTF-8)
GET maize_ZEAMAP/epigenome/dna_methylation/01_regions/AMP_mCHG_bed/CIMBL20.bedgraph.gz.tbi
bash: warning: setlocale: LC_ALL: cannot change locale (C.UTF-8)
GET maize_ZEAMAP/epigenome/dna_methylation/01_regions/AMP_mCHG_bed/CIMBL22.bedgraph.gz
bash: warning: setlocale: LC_ALL: cannot change locale (C.UTF-8)
GET maize_ZEAMAP/epigenome/dna_methylation/01_regions/AMP_mCHG_bed/CIMBL22.bedgraph.gz.tbi
bash: warning: setlocale: LC_ALL: cannot change locale (C.UTF-8)
GET maize_ZEAMAP/epigenome/dna_methylation/01_regions/AMP_mCHG_bed/CIMBL23.bedgraph.gz
bash: warning: setlocale: LC_ALL: cannot change locale (C.UTF-8)
GET maize_ZEAMAP/epigenome/dna_methylation/01_regions/AMP_mCHG_bed/CIMBL23.bedgraph.gz.tbi
bash: warning: setlocale: LC_ALL: cannot change locale (C.UTF-8)
GET maize_ZEAMAP/epigenome/dna_methylation/01_regions/AMP_mCHG_bed/CIMBL25.bedgraph.gz
bash: warning: setlocale: LC_ALL: cannot change locale (C.UTF-8)
GET maize_ZEAMAP/epigenome/dna_methylation/01_regions/AMP_mCHG_bed/CIMBL25.bedgraph.gz.tbi
bash: warning: setlocale: LC_ALL: cannot change locale (C.UTF-8)
GET maize_ZEAMAP/epigenome/dna_methylation/01_regions/AMP_mCHG_bed/CIMBL28.bedgraph.gz
bash: warning: setlocale: LC_ALL: cannot change locale (C.UTF-8)
GET maize_ZEAMAP/epigenome/dna_methylation/01_regions/AMP_mCHG_bed/CIMBL28.bedgraph.gz.tbi
bash: warning: setlocale: LC_ALL: cannot change locale (C.UTF-8)
GET maize_ZEAMAP/epigenome/dna_methylation/01_regions/AMP_mCHG_bed/CIMBL29.bedgraph.gz
bash: warning: setlocale: LC_ALL: cannot change locale (C.UTF-8)
GET maize_ZEAMAP/epigenome/dna_methylation/01_regions/AMP_mCHG_bed/CIMBL29.bedgraph.gz.tbi
bash: warning: setlocale: LC_ALL: cannot change locale (C.UTF-8)
GET maize_ZEAMAP/epigenome/dna_methylation/01_regions/AMP_mCHG_bed/CIMBL3.bedgraph.gz
bash: warning: setlocale: LC_ALL: cannot change locale (C.UTF-8)
GET maize_ZEAMAP/epigenome/dna_methylation/01_regions/AMP_mCHG_bed/CIMBL3.bedgraph.gz.tbi
bash: warning: setlocale: LC_ALL: cannot change locale (C.UTF-8)
bash: warning: setlocale: LC_ALL: cannot change locale (C.UTF-8)
GET maize_ZEAMAP/epigenome/dna_methylation/01_regions/AMP_mCHG_bed/CIMBL33.bedgraph.gz
GET maize_ZEAMAP/epigenome/dna_methylation/01_regions/AMP_mCHG_bed/CIMBL33.bedgraph.gz.tbi
bash: warning: setlocale: LC_ALL: cannot change locale (C.UTF-8)
GET maize_ZEAMAP/epigenome/dna_methylation/01_regions/AMP_mCHG_bed/CIMBL37.bedgraph.gz
bash: warning: setlocale: LC_ALL: cannot change locale (C.UTF-8)
bash: warning: setlocale: LC_ALL: cannot change locale (C.UTF-8)
GET maize_ZEAMAP/epigenome/dna_methylation/01_regions/AMP_mCHG_bed/CIMBL37.bedgraph.gz.tbi
GET maize_ZEAMAP/epigenome/dna_methylation/01_regions/AMP_mCHG_bed/CIMBL39.bedgraph.gz
bash: warning: setlocale: LC_ALL: cannot change locale (C.UTF-8)
GET maize_ZEAMAP/epigenome/dna_methylation/01_regions/AMP_mCHG_bed/CIMBL39.bedgraph.gz.tbi
bash: warning: setlocale: LC_ALL: cannot change locale (C.UTF-8)
GET maize_ZEAMAP/epigenome/dna_methylation/01_regions/AMP_mCHG_bed/CIMBL4.bedgraph.gz
bash: warning: setlocale: LC_ALL: cannot change locale (C.UTF-8)
GET maize_ZEAMAP/epigenome/dna_methylation/01_regions/AMP_mCHG_bed/CIMBL4.bedgraph.gz.tbi
bash: warning: setlocale: LC_ALL: cannot change locale (C.UTF-8)
GET maize_ZEAMAP/epigenome/dna_methylation/01_regions/AMP_mCHG_bed/CIMBL40.bedgraph.gz
bash: warning: setlocale: LC_ALL: cannot change locale (C.UTF-8)
GET maize_ZEAMAP/epigenome/dna_methylation/01_regions/AMP_mCHG_bed/CIMBL40.bedgraph.gz.tbi
bash: warning: setlocale: LC_ALL: cannot change locale (C.UTF-8)
GET maize_ZEAMAP/epigenome/dna_methylation/01_regions/AMP_mCHG_bed/CIMBL41.bedgraph.gz
bash: warning: setlocale: LC_ALL: cannot change locale (C.UTF-8)
GET maize_ZEAMAP/epigenome/dna_methylation/01_regions/AMP_mCHG_bed/CIMBL41.bedgraph.gz.tbi
bash: warning: setlocale: LC_ALL: cannot change locale (C.UTF-8)
GET maize_ZEAMAP/epigenome/dna_methylation/01_regions/AMP_mCHG_bed/CIMBL42.bedgraph.gz
bash: warning: setlocale: LC_ALL: cannot change locale (C.UTF-8)
GET maize_ZEAMAP/epigenome/dna_methylation/01_regions/AMP_mCHG_bed/CIMBL42.bedgraph.gz.tbi
bash: warning: setlocale: LC_ALL: cannot change locale (C.UTF-8)
GET maize_ZEAMAP/epigenome/dna_methylation/01_regions/AMP_mCHG_bed/CIMBL43.bedgraph.gz
bash: warning: setlocale: LC_ALL: cannot change locale (C.UTF-8)
GET maize_ZEAMAP/epigenome/dna_methylation/01_regions/AMP_mCHG_bed/CIMBL43.bedgraph.gz.tbi
bash: warning: setlocale: LC_ALL: cannot change locale (C.UTF-8)
GET maize_ZEAMAP/epigenome/dna_methylation/01_regions/AMP_mCHG_bed/CIMBL44.bedgraph.gz
bash: warning: setlocale: LC_ALL: cannot change locale (C.UTF-8)
GET maize_ZEAMAP/epigenome/dna_methylation/01_regions/AMP_mCHG_bed/CIMBL44.bedgraph.gz.tbi
bash: warning: setlocale: LC_ALL: cannot change locale (C.UTF-8)
GET maize_ZEAMAP/epigenome/dna_methylation/01_regions/AMP_mCHG_bed/CIMBL48.bedgraph.gz
bash: warning: setlocale: LC_ALL: cannot change locale (C.UTF-8)
GET maize_ZEAMAP/epigenome/dna_methylation/01_regions/AMP_mCHG_bed/CIMBL48.bedgraph.gz.tbi
bash: warning: setlocale: LC_ALL: cannot change locale (C.UTF-8)
GET maize_ZEAMAP/epigenome/dna_methylation/01_regions/AMP_mCHG_bed/CIMBL49.bedgraph.gz
bash: warning: setlocale: LC_ALL: cannot change locale (C.UTF-8)
GET maize_ZEAMAP/epigenome/dna_methylation/01_regions/AMP_mCHG_bed/CIMBL49.bedgraph.gz.tbi
bash: warning: setlocale: LC_ALL: cannot change locale (C.UTF-8)
GET maize_ZEAMAP/epigenome/dna_methylation/01_regions/AMP_mCHG_bed/CIMBL51.bedgraph.gz
bash: warning: setlocale: LC_ALL: cannot change locale (C.UTF-8)
GET maize_ZEAMAP/epigenome/dna_methylation/01_regions/AMP_mCHG_bed/CIMBL51.bedgraph.gz.tbi
bash: warning: setlocale: LC_ALL: cannot change locale (C.UTF-8)
GET maize_ZEAMAP/epigenome/dna_methylation/01_regions/AMP_mCHG_bed/CIMBL53.bedgraph.gz
bash: warning: setlocale: LC_ALL: cannot change locale (C.UTF-8)
GET maize_ZEAMAP/epigenome/dna_methylation/01_regions/AMP_mCHG_bed/CIMBL53.bedgraph.gz.tbi
bash: warning: setlocale: LC_ALL: cannot change locale (C.UTF-8)
GET maize_ZEAMAP/epigenome/dna_methylation/01_regions/AMP_mCHG_bed/CIMBL56.bedgraph.gz
bash: warning: setlocale: LC_ALL: cannot change locale (C.UTF-8)
GET maize_ZEAMAP/epigenome/dna_methylation/01_regions/AMP_mCHG_bed/CIMBL56.bedgraph.gz.tbi
bash: warning: setlocale: LC_ALL: cannot change locale (C.UTF-8)
GET maize_ZEAMAP/epigenome/dna_methylation/01_regions/AMP_mCHG_bed/CIMBL60.bedgraph.gz
bash: warning: setlocale: LC_ALL: cannot change locale (C.UTF-8)
GET maize_ZEAMAP/epigenome/dna_methylation/01_regions/AMP_mCHG_bed/CIMBL60.bedgraph.gz.tbi
bash: warning: setlocale: LC_ALL: cannot change locale (C.UTF-8)
GET maize_ZEAMAP/epigenome/dna_methylation/01_regions/AMP_mCHG_bed/CIMBL63.bedgraph.gz
bash: warning: setlocale: LC_ALL: cannot change locale (C.UTF-8)
GET maize_ZEAMAP/epigenome/dna_methylation/01_regions/AMP_mCHG_bed/CIMBL63.bedgraph.gz.tbi
bash: warning: setlocale: LC_ALL: cannot change locale (C.UTF-8)
GET maize_ZEAMAP/epigenome/dna_methylation/01_regions/AMP_mCHG_bed/CIMBL66.bedgraph.gz
bash: warning: setlocale: LC_ALL: cannot change locale (C.UTF-8)
GET maize_ZEAMAP/epigenome/dna_methylation/01_regions/AMP_mCHG_bed/CIMBL66.bedgraph.gz.tbi
bash: warning: setlocale: LC_ALL: cannot change locale (C.UTF-8)
GET maize_ZEAMAP/epigenome/dna_methylation/01_regions/AMP_mCHG_bed/CIMBL68.bedgraph.gz
bash: warning: setlocale: LC_ALL: cannot change locale (C.UTF-8)
GET maize_ZEAMAP/epigenome/dna_methylation/01_regions/AMP_mCHG_bed/CIMBL68.bedgraph.gz.tbi
bash: warning: setlocale: LC_ALL: cannot change locale (C.UTF-8)
GET maize_ZEAMAP/epigenome/dna_methylation/01_regions/AMP_mCHG_bed/CIMBL69.bedgraph.gz
bash: warning: setlocale: LC_ALL: cannot change locale (C.UTF-8)
GET maize_ZEAMAP/epigenome/dna_methylation/01_regions/AMP_mCHG_bed/CIMBL69.bedgraph.gz.tbi
bash: warning: setlocale: LC_ALL: cannot change locale (C.UTF-8)
GET maize_ZEAMAP/epigenome/dna_methylation/01_regions/AMP_mCHG_bed/CIMBL7.bedgraph.gz
bash: warning: setlocale: LC_ALL: cannot change locale (C.UTF-8)
GET maize_ZEAMAP/epigenome/dna_methylation/01_regions/AMP_mCHG_bed/CIMBL7.bedgraph.gz.tbi
bash: warning: setlocale: LC_ALL: cannot change locale (C.UTF-8)
GET maize_ZEAMAP/epigenome/dna_methylation/01_regions/AMP_mCHG_bed/CIMBL70.bedgraph.gz
bash: warning: setlocale: LC_ALL: cannot change locale (C.UTF-8)
GET maize_ZEAMAP/epigenome/dna_methylation/01_regions/AMP_mCHG_bed/CIMBL70.bedgraph.gz.tbi
bash: warning: setlocale: LC_ALL: cannot change locale (C.UTF-8)
GET maize_ZEAMAP/epigenome/dna_methylation/01_regions/AMP_mCHG_bed/CIMBL71.bedgraph.gz
bash: warning: setlocale: LC_ALL: cannot change locale (C.UTF-8)
GET maize_ZEAMAP/epigenome/dna_methylation/01_regions/AMP_mCHG_bed/CIMBL71.bedgraph.gz.tbi
bash: warning: setlocale: LC_ALL: cannot change locale (C.UTF-8)
GET maize_ZEAMAP/epigenome/dna_methylation/01_regions/AMP_mCHG_bed/CIMBL72.bedgraph.gz
bash: warning: setlocale: LC_ALL: cannot change locale (C.UTF-8)
GET maize_ZEAMAP/epigenome/dna_methylation/01_regions/AMP_mCHG_bed/CIMBL72.bedgraph.gz.tbi
bash: warning: setlocale: LC_ALL: cannot change locale (C.UTF-8)
GET maize_ZEAMAP/epigenome/dna_methylation/01_regions/AMP_mCHG_bed/CIMBL74.bedgraph.gz
bash: warning: setlocale: LC_ALL: cannot change locale (C.UTF-8)
GET maize_ZEAMAP/epigenome/dna_methylation/01_regions/AMP_mCHG_bed/CIMBL74.bedgraph.gz.tbi
bash: warning: setlocale: LC_ALL: cannot change locale (C.UTF-8)
GET maize_ZEAMAP/epigenome/dna_methylation/01_regions/AMP_mCHG_bed/CIMBL75.bedgraph.gz
bash: warning: setlocale: LC_ALL: cannot change locale (C.UTF-8)
bash: warning: setlocale: LC_ALL: cannot change locale (C.UTF-8)
GET maize_ZEAMAP/epigenome/dna_methylation/01_regions/AMP_mCHG_bed/CIMBL75.bedgraph.gz.tbi
GET maize_ZEAMAP/epigenome/dna_methylation/01_regions/AMP_mCHG_bed/CIMBL76.bedgraph.gz
bash: warning: setlocale: LC_ALL: cannot change locale (C.UTF-8)
GET maize_ZEAMAP/epigenome/dna_methylation/01_regions/AMP_mCHG_bed/CIMBL76.bedgraph.gz.tbi
bash: warning: setlocale: LC_ALL: cannot change locale (C.UTF-8)
GET maize_ZEAMAP/epigenome/dna_methylation/01_regions/AMP_mCHG_bed/CIMBL77.bedgraph.gz
bash: warning: setlocale: LC_ALL: cannot change locale (C.UTF-8)
GET maize_ZEAMAP/epigenome/dna_methylation/01_regions/AMP_mCHG_bed/CIMBL77.bedgraph.gz.tbi
bash: warning: setlocale: LC_ALL: cannot change locale (C.UTF-8)
GET maize_ZEAMAP/epigenome/dna_methylation/01_regions/AMP_mCHG_bed/CIMBL8.bedgraph.gz
bash: warning: setlocale: LC_ALL: cannot change locale (C.UTF-8)
bash: warning: setlocale: LC_ALL: cannot change locale (C.UTF-8)
GET maize_ZEAMAP/epigenome/dna_methylation/01_regions/AMP_mCHG_bed/CIMBL8.bedgraph.gz.tbi
GET maize_ZEAMAP/epigenome/dna_methylation/01_regions/AMP_mCHG_bed/CIMBL82.bedgraph.gz
bash: warning: setlocale: LC_ALL: cannot change locale (C.UTF-8)
GET maize_ZEAMAP/epigenome/dna_methylation/01_regions/AMP_mCHG_bed/CIMBL82.bedgraph.gz.tbi
bash: warning: setlocale: LC_ALL: cannot change locale (C.UTF-8)
bash: warning: setlocale: LC_ALL: cannot change locale (C.UTF-8)
GET maize_ZEAMAP/epigenome/dna_methylation/01_regions/AMP_mCHG_bed/CIMBL83.bedgraph.gz
GET maize_ZEAMAP/epigenome/dna_methylation/01_regions/AMP_mCHG_bed/CIMBL83.bedgraph.gz.tbi
bash: warning: setlocale: LC_ALL: cannot change locale (C.UTF-8)
GET maize_ZEAMAP/epigenome/dna_methylation/01_regions/AMP_mCHG_bed/CIMBL86.bedgraph.gz
bash: warning: setlocale: LC_ALL: cannot change locale (C.UTF-8)
GET maize_ZEAMAP/epigenome/dna_methylation/01_regions/AMP_mCHG_bed/CIMBL86.bedgraph.gz.tbi
bash: warning: setlocale: LC_ALL: cannot change locale (C.UTF-8)
bash: warning: setlocale: LC_ALL: cannot change locale (C.UTF-8)
GET maize_ZEAMAP/epigenome/dna_methylation/01_regions/AMP_mCHG_bed/CIMBL88.bedgraph.gz
GET maize_ZEAMAP/epigenome/dna_methylation/01_regions/AMP_mCHG_bed/CIMBL88.bedgraph.gz.tbi
bash: warning: setlocale: LC_ALL: cannot change locale (C.UTF-8)
GET maize_ZEAMAP/epigenome/dna_methylation/01_regions/AMP_mCHG_bed/CIMBL9.bedgraph.gz
bash: warning: setlocale: LC_ALL: cannot change locale (C.UTF-8)
GET maize_ZEAMAP/epigenome/dna_methylation/01_regions/AMP_mCHG_bed/CIMBL9.bedgraph.gz.tbi
bash: warning: setlocale: LC_ALL: cannot change locale (C.UTF-8)
GET maize_ZEAMAP/epigenome/dna_methylation/01_regions/AMP_mCHG_bed/CIMBL91.bedgraph.gz
bash: warning: setlocale: LC_ALL: cannot change locale (C.UTF-8)
GET maize_ZEAMAP/epigenome/dna_methylation/01_regions/AMP_mCHG_bed/CIMBL91.bedgraph.gz.tbi
bash: warning: setlocale: LC_ALL: cannot change locale (C.UTF-8)
GET maize_ZEAMAP/epigenome/dna_methylation/01_regions/AMP_mCHG_bed/CIMBL92.bedgraph.gz
bash: warning: setlocale: LC_ALL: cannot change locale (C.UTF-8)
GET maize_ZEAMAP/epigenome/dna_methylation/01_regions/AMP_mCHG_bed/CIMBL92.bedgraph.gz.tbi
bash: warning: setlocale: LC_ALL: cannot change locale (C.UTF-8)
GET maize_ZEAMAP/epigenome/dna_methylation/01_regions/AMP_mCHG_bed/CIMBL94.bedgraph.gz
bash: warning: setlocale: LC_ALL: cannot change locale (C.UTF-8)
bash: warning: setlocale: LC_ALL: cannot change locale (C.UTF-8)
GET maize_ZEAMAP/epigenome/dna_methylation/01_regions/AMP_mCHG_bed/CIMBL94.bedgraph.gz.tbi
GET maize_ZEAMAP/epigenome/dna_methylation/01_regions/AMP_mCHG_bed/CIMBL95.bedgraph.gz
bash: warning: setlocale: LC_ALL: cannot change locale (C.UTF-8)
GET maize_ZEAMAP/epigenome/dna_methylation/01_regions/AMP_mCHG_bed/CIMBL95.bedgraph.gz.tbi
bash: warning: setlocale: LC_ALL: cannot change locale (C.UTF-8)
GET maize_ZEAMAP/epigenome/dna_methylation/01_regions/AMP_mCHG_bed/CIMBL96.bedgraph.gz
bash: warning: setlocale: LC_ALL: cannot change locale (C.UTF-8)
GET maize_ZEAMAP/epigenome/dna_methylation/01_regions/AMP_mCHG_bed/CIMBL96.bedgraph.gz.tbi
bash: warning: setlocale: LC_ALL: cannot change locale (C.UTF-8)
GET maize_ZEAMAP/epigenome/dna_methylation/01_regions/AMP_mCHG_bed/CIMBL99.bedgraph.gz
bash: warning: setlocale: LC_ALL: cannot change locale (C.UTF-8)
GET maize_ZEAMAP/epigenome/dna_methylation/01_regions/AMP_mCHG_bed/CIMBL99.bedgraph.gz.tbi
bash: warning: setlocale: LC_ALL: cannot change locale (C.UTF-8)
bash: warning: setlocale: LC_ALL: cannot change locale (C.UTF-8)
GET maize_ZEAMAP/epigenome/dna_methylation/01_regions/AMP_mCHG_bed/CML114.bedgraph.gz
GET maize_ZEAMAP/epigenome/dna_methylation/01_regions/AMP_mCHG_bed/CML114.bedgraph.gz.tbi
bash: warning: setlocale: LC_ALL: cannot change locale (C.UTF-8)
GET maize_ZEAMAP/epigenome/dna_methylation/01_regions/AMP_mCHG_bed/CML121.bedgraph.gz
bash: warning: setlocale: LC_ALL: cannot change locale (C.UTF-8)
GET maize_ZEAMAP/epigenome/dna_methylation/01_regions/AMP_mCHG_bed/CML121.bedgraph.gz.tbi
bash: warning: setlocale: LC_ALL: cannot change locale (C.UTF-8)
GET maize_ZEAMAP/epigenome/dna_methylation/01_regions/AMP_mCHG_bed/CML122.bedgraph.gz
bash: warning: setlocale: LC_ALL: cannot change locale (C.UTF-8)
GET maize_ZEAMAP/epigenome/dna_methylation/01_regions/AMP_mCHG_bed/CML122.bedgraph.gz.tbi
bash: warning: setlocale: LC_ALL: cannot change locale (C.UTF-8)
GET maize_ZEAMAP/epigenome/dna_methylation/01_regions/AMP_mCHG_bed/CML130.bedgraph.gz
bash: warning: setlocale: LC_ALL: cannot change locale (C.UTF-8)
GET maize_ZEAMAP/epigenome/dna_methylation/01_regions/AMP_mCHG_bed/CML130.bedgraph.gz.tbi
bash: warning: setlocale: LC_ALL: cannot change locale (C.UTF-8)
GET maize_ZEAMAP/epigenome/dna_methylation/01_regions/AMP_mCHG_bed/CML134.bedgraph.gz
bash: warning: setlocale: LC_ALL: cannot change locale (C.UTF-8)
GET maize_ZEAMAP/epigenome/dna_methylation/01_regions/AMP_mCHG_bed/CML134.bedgraph.gz.tbi
bash: warning: setlocale: LC_ALL: cannot change locale (C.UTF-8)
GET maize_ZEAMAP/epigenome/dna_methylation/01_regions/AMP_mCHG_bed/CML139.bedgraph.gz
bash: warning: setlocale: LC_ALL: cannot change locale (C.UTF-8)
GET maize_ZEAMAP/epigenome/dna_methylation/01_regions/AMP_mCHG_bed/CML139.bedgraph.gz.tbi
bash: warning: setlocale: LC_ALL: cannot change locale (C.UTF-8)
GET maize_ZEAMAP/epigenome/dna_methylation/01_regions/AMP_mCHG_bed/CML162.bedgraph.gz
bash: warning: setlocale: LC_ALL: cannot change locale (C.UTF-8)
bash: warning: setlocale: LC_ALL: cannot change locale (C.UTF-8)
GET maize_ZEAMAP/epigenome/dna_methylation/01_regions/AMP_mCHG_bed/CML162.bedgraph.gz.tbi
GET maize_ZEAMAP/epigenome/dna_methylation/01_regions/AMP_mCHG_bed/CML163.bedgraph.gz
bash: warning: setlocale: LC_ALL: cannot change locale (C.UTF-8)
GET maize_ZEAMAP/epigenome/dna_methylation/01_regions/AMP_mCHG_bed/CML163.bedgraph.gz.tbi
bash: warning: setlocale: LC_ALL: cannot change locale (C.UTF-8)
GET maize_ZEAMAP/epigenome/dna_methylation/01_regions/AMP_mCHG_bed/CML166.bedgraph.gz
bash: warning: setlocale: LC_ALL: cannot change locale (C.UTF-8)
GET maize_ZEAMAP/epigenome/dna_methylation/01_regions/AMP_mCHG_bed/CML166.bedgraph.gz.tbi
bash: warning: setlocale: LC_ALL: cannot change locale (C.UTF-8)
GET maize_ZEAMAP/epigenome/dna_methylation/01_regions/AMP_mCHG_bed/CML168.bedgraph.gz
bash: warning: setlocale: LC_ALL: cannot change locale (C.UTF-8)
GET maize_ZEAMAP/epigenome/dna_methylation/01_regions/AMP_mCHG_bed/CML168.bedgraph.gz.tbi
bash: warning: setlocale: LC_ALL: cannot change locale (C.UTF-8)
GET maize_ZEAMAP/epigenome/dna_methylation/01_regions/AMP_mCHG_bed/CML170.bedgraph.gz
bash: warning: setlocale: LC_ALL: cannot change locale (C.UTF-8)
GET maize_ZEAMAP/epigenome/dna_methylation/01_regions/AMP_mCHG_bed/CML170.bedgraph.gz.tbi
bash: warning: setlocale: LC_ALL: cannot change locale (C.UTF-8)
GET maize_ZEAMAP/epigenome/dna_methylation/01_regions/AMP_mCHG_bed/CML171.bedgraph.gz
bash: warning: setlocale: LC_ALL: cannot change locale (C.UTF-8)
GET maize_ZEAMAP/epigenome/dna_methylation/01_regions/AMP_mCHG_bed/CML171.bedgraph.gz.tbi
bash: warning: setlocale: LC_ALL: cannot change locale (C.UTF-8)
GET maize_ZEAMAP/epigenome/dna_methylation/01_regions/AMP_mCHG_bed/CML172.bedgraph.gz
bash: warning: setlocale: LC_ALL: cannot change locale (C.UTF-8)
GET maize_ZEAMAP/epigenome/dna_methylation/01_regions/AMP_mCHG_bed/CML172.bedgraph.gz.tbi
bash: warning: setlocale: LC_ALL: cannot change locale (C.UTF-8)
GET maize_ZEAMAP/epigenome/dna_methylation/01_regions/AMP_mCHG_bed/CML189.bedgraph.gz
bash: warning: setlocale: LC_ALL: cannot change locale (C.UTF-8)
bash: warning: setlocale: LC_ALL: cannot change locale (C.UTF-8)
GET maize_ZEAMAP/epigenome/dna_methylation/01_regions/AMP_mCHG_bed/CML189.bedgraph.gz.tbi
GET maize_ZEAMAP/epigenome/dna_methylation/01_regions/AMP_mCHG_bed/CML192.bedgraph.gz
bash: warning: setlocale: LC_ALL: cannot change locale (C.UTF-8)
GET maize_ZEAMAP/epigenome/dna_methylation/01_regions/AMP_mCHG_bed/CML192.bedgraph.gz.tbi
bash: warning: setlocale: LC_ALL: cannot change locale (C.UTF-8)
GET maize_ZEAMAP/epigenome/dna_methylation/01_regions/AMP_mCHG_bed/CML223.bedgraph.gz
bash: warning: setlocale: LC_ALL: cannot change locale (C.UTF-8)
GET maize_ZEAMAP/epigenome/dna_methylation/01_regions/AMP_mCHG_bed/CML223.bedgraph.gz.tbi
bash: warning: setlocale: LC_ALL: cannot change locale (C.UTF-8)
GET maize_ZEAMAP/epigenome/dna_methylation/01_regions/AMP_mCHG_bed/CML226.bedgraph.gz
bash: warning: setlocale: LC_ALL: cannot change locale (C.UTF-8)
bash: warning: setlocale: LC_ALL: cannot change locale (C.UTF-8)
GET maize_ZEAMAP/epigenome/dna_methylation/01_regions/AMP_mCHG_bed/CML226.bedgraph.gz.tbi
GET maize_ZEAMAP/epigenome/dna_methylation/01_regions/AMP_mCHG_bed/CML26.bedgraph.gz
bash: warning: setlocale: LC_ALL: cannot change locale (C.UTF-8)
GET maize_ZEAMAP/epigenome/dna_methylation/01_regions/AMP_mCHG_bed/CML26.bedgraph.gz.tbi
bash: warning: setlocale: LC_ALL: cannot change locale (C.UTF-8)
GET maize_ZEAMAP/epigenome/dna_methylation/01_regions/AMP_mCHG_bed/CML27.bedgraph.gz
bash: warning: setlocale: LC_ALL: cannot change locale (C.UTF-8)
GET maize_ZEAMAP/epigenome/dna_methylation/01_regions/AMP_mCHG_bed/CML27.bedgraph.gz.tbi
bash: warning: setlocale: LC_ALL: cannot change locale (C.UTF-8)
GET maize_ZEAMAP/epigenome/dna_methylation/01_regions/AMP_mCHG_bed/CML28.bedgraph.gz
bash: warning: setlocale: LC_ALL: cannot change locale (C.UTF-8)
bash: warning: setlocale: LC_ALL: cannot change locale (C.UTF-8)
GET maize_ZEAMAP/epigenome/dna_methylation/01_regions/AMP_mCHG_bed/CML28.bedgraph.gz.tbi
GET maize_ZEAMAP/epigenome/dna_methylation/01_regions/AMP_mCHG_bed/CML285.bedgraph.gz
bash: warning: setlocale: LC_ALL: cannot change locale (C.UTF-8)
GET maize_ZEAMAP/epigenome/dna_methylation/01_regions/AMP_mCHG_bed/CML285.bedgraph.gz.tbi
bash: warning: setlocale: LC_ALL: cannot change locale (C.UTF-8)
GET maize_ZEAMAP/epigenome/dna_methylation/01_regions/AMP_mCHG_bed/CML286.bedgraph.gz
bash: warning: setlocale: LC_ALL: cannot change locale (C.UTF-8)
GET maize_ZEAMAP/epigenome/dna_methylation/01_regions/AMP_mCHG_bed/CML286.bedgraph.gz.tbi
bash: warning: setlocale: LC_ALL: cannot change locale (C.UTF-8)
GET maize_ZEAMAP/epigenome/dna_methylation/01_regions/AMP_mCHG_bed/CML287.bedgraph.gz
bash: warning: setlocale: LC_ALL: cannot change locale (C.UTF-8)
GET maize_ZEAMAP/epigenome/dna_methylation/01_regions/AMP_mCHG_bed/CML287.bedgraph.gz.tbi
bash: warning: setlocale: LC_ALL: cannot change locale (C.UTF-8)
GET maize_ZEAMAP/epigenome/dna_methylation/01_regions/AMP_mCHG_bed/CML29.bedgraph.gz
bash: warning: setlocale: LC_ALL: cannot change locale (C.UTF-8)
GET maize_ZEAMAP/epigenome/dna_methylation/01_regions/AMP_mCHG_bed/CML29.bedgraph.gz.tbi
bash: warning: setlocale: LC_ALL: cannot change locale (C.UTF-8)
GET maize_ZEAMAP/epigenome/dna_methylation/01_regions/AMP_mCHG_bed/CML307.bedgraph.gz
bash: warning: setlocale: LC_ALL: cannot change locale (C.UTF-8)
GET maize_ZEAMAP/epigenome/dna_methylation/01_regions/AMP_mCHG_bed/CML307.bedgraph.gz.tbi
bash: warning: setlocale: LC_ALL: cannot change locale (C.UTF-8)
GET maize_ZEAMAP/epigenome/dna_methylation/01_regions/AMP_mCHG_bed/CML32.bedgraph.gz
bash: warning: setlocale: LC_ALL: cannot change locale (C.UTF-8)
GET maize_ZEAMAP/epigenome/dna_methylation/01_regions/AMP_mCHG_bed/CML32.bedgraph.gz.tbi
bash: warning: setlocale: LC_ALL: cannot change locale (C.UTF-8)
GET maize_ZEAMAP/epigenome/dna_methylation/01_regions/AMP_mCHG_bed/CML323.bedgraph.gz
bash: warning: setlocale: LC_ALL: cannot change locale (C.UTF-8)
GET maize_ZEAMAP/epigenome/dna_methylation/01_regions/AMP_mCHG_bed/CML323.bedgraph.gz.tbi
bash: warning: setlocale: LC_ALL: cannot change locale (C.UTF-8)
GET maize_ZEAMAP/epigenome/dna_methylation/01_regions/AMP_mCHG_bed/CML324.bedgraph.gz
bash: warning: setlocale: LC_ALL: cannot change locale (C.UTF-8)
GET maize_ZEAMAP/epigenome/dna_methylation/01_regions/AMP_mCHG_bed/CML324.bedgraph.gz.tbi
bash: warning: setlocale: LC_ALL: cannot change locale (C.UTF-8)
bash: warning: setlocale: LC_ALL: cannot change locale (C.UTF-8)
GET maize_ZEAMAP/epigenome/dna_methylation/01_regions/AMP_mCHG_bed/CML325.bedgraph.gz
GET maize_ZEAMAP/epigenome/dna_methylation/01_regions/AMP_mCHG_bed/CML325.bedgraph.gz.tbi
bash: warning: setlocale: LC_ALL: cannot change locale (C.UTF-8)
GET maize_ZEAMAP/epigenome/dna_methylation/01_regions/AMP_mCHG_bed/CML327.bedgraph.gz
bash: warning: setlocale: LC_ALL: cannot change locale (C.UTF-8)
GET maize_ZEAMAP/epigenome/dna_methylation/01_regions/AMP_mCHG_bed/CML327.bedgraph.gz.tbi
bash: warning: setlocale: LC_ALL: cannot change locale (C.UTF-8)
GET maize_ZEAMAP/epigenome/dna_methylation/01_regions/AMP_mCHG_bed/CML360.bedgraph.gz
bash: warning: setlocale: LC_ALL: cannot change locale (C.UTF-8)
GET maize_ZEAMAP/epigenome/dna_methylation/01_regions/AMP_mCHG_bed/CML360.bedgraph.gz.tbi
bash: warning: setlocale: LC_ALL: cannot change locale (C.UTF-8)
GET maize_ZEAMAP/epigenome/dna_methylation/01_regions/AMP_mCHG_bed/CML361.bedgraph.gz
bash: warning: setlocale: LC_ALL: cannot change locale (C.UTF-8)
GET maize_ZEAMAP/epigenome/dna_methylation/01_regions/AMP_mCHG_bed/CML361.bedgraph.gz.tbi
bash: warning: setlocale: LC_ALL: cannot change locale (C.UTF-8)
GET maize_ZEAMAP/epigenome/dna_methylation/01_regions/AMP_mCHG_bed/CML40.bedgraph.gz
bash: warning: setlocale: LC_ALL: cannot change locale (C.UTF-8)
GET maize_ZEAMAP/epigenome/dna_methylation/01_regions/AMP_mCHG_bed/CML40.bedgraph.gz.tbi
bash: warning: setlocale: LC_ALL: cannot change locale (C.UTF-8)
GET maize_ZEAMAP/epigenome/dna_methylation/01_regions/AMP_mCHG_bed/CML411.bedgraph.gz
bash: warning: setlocale: LC_ALL: cannot change locale (C.UTF-8)
GET maize_ZEAMAP/epigenome/dna_methylation/01_regions/AMP_mCHG_bed/CML411.bedgraph.gz.tbi
bash: warning: setlocale: LC_ALL: cannot change locale (C.UTF-8)
GET maize_ZEAMAP/epigenome/dna_methylation/01_regions/AMP_mCHG_bed/CML423.bedgraph.gz
bash: warning: setlocale: LC_ALL: cannot change locale (C.UTF-8)
bash: warning: setlocale: LC_ALL: cannot change locale (C.UTF-8)
GET maize_ZEAMAP/epigenome/dna_methylation/01_regions/AMP_mCHG_bed/CML423.bedgraph.gz.tbi
GET maize_ZEAMAP/epigenome/dna_methylation/01_regions/AMP_mCHG_bed/CML426.bedgraph.gz
bash: warning: setlocale: LC_ALL: cannot change locale (C.UTF-8)
GET maize_ZEAMAP/epigenome/dna_methylation/01_regions/AMP_mCHG_bed/CML426.bedgraph.gz.tbi
bash: warning: setlocale: LC_ALL: cannot change locale (C.UTF-8)
GET maize_ZEAMAP/epigenome/dna_methylation/01_regions/AMP_mCHG_bed/CML428.bedgraph.gz
bash: warning: setlocale: LC_ALL: cannot change locale (C.UTF-8)
GET maize_ZEAMAP/epigenome/dna_methylation/01_regions/AMP_mCHG_bed/CML428.bedgraph.gz.tbi
bash: warning: setlocale: LC_ALL: cannot change locale (C.UTF-8)
GET maize_ZEAMAP/epigenome/dna_methylation/01_regions/AMP_mCHG_bed/CML430.bedgraph.gz
bash: warning: setlocale: LC_ALL: cannot change locale (C.UTF-8)
GET maize_ZEAMAP/epigenome/dna_methylation/01_regions/AMP_mCHG_bed/CML430.bedgraph.gz.tbi
bash: warning: setlocale: LC_ALL: cannot change locale (C.UTF-8)
GET maize_ZEAMAP/epigenome/dna_methylation/01_regions/AMP_mCHG_bed/CML431.bedgraph.gz
bash: warning: setlocale: LC_ALL: cannot change locale (C.UTF-8)
GET maize_ZEAMAP/epigenome/dna_methylation/01_regions/AMP_mCHG_bed/CML431.bedgraph.gz.tbi
bash: warning: setlocale: LC_ALL: cannot change locale (C.UTF-8)
GET maize_ZEAMAP/epigenome/dna_methylation/01_regions/AMP_mCHG_bed/CML432.bedgraph.gz
bash: warning: setlocale: LC_ALL: cannot change locale (C.UTF-8)
GET maize_ZEAMAP/epigenome/dna_methylation/01_regions/AMP_mCHG_bed/CML432.bedgraph.gz.tbi
bash: warning: setlocale: LC_ALL: cannot change locale (C.UTF-8)
GET maize_ZEAMAP/epigenome/dna_methylation/01_regions/AMP_mCHG_bed/CML451.bedgraph.gz
bash: warning: setlocale: LC_ALL: cannot change locale (C.UTF-8)
GET maize_ZEAMAP/epigenome/dna_methylation/01_regions/AMP_mCHG_bed/CML451.bedgraph.gz.tbi
bash: warning: setlocale: LC_ALL: cannot change locale (C.UTF-8)
GET maize_ZEAMAP/epigenome/dna_methylation/01_regions/AMP_mCHG_bed/CML470.bedgraph.gz
bash: warning: setlocale: LC_ALL: cannot change locale (C.UTF-8)
GET maize_ZEAMAP/epigenome/dna_methylation/01_regions/AMP_mCHG_bed/CML470.bedgraph.gz.tbi
bash: warning: setlocale: LC_ALL: cannot change locale (C.UTF-8)
GET maize_ZEAMAP/epigenome/dna_methylation/01_regions/AMP_mCHG_bed/CML471.bedgraph.gz
bash: warning: setlocale: LC_ALL: cannot change locale (C.UTF-8)
GET maize_ZEAMAP/epigenome/dna_methylation/01_regions/AMP_mCHG_bed/CML471.bedgraph.gz.tbi
bash: warning: setlocale: LC_ALL: cannot change locale (C.UTF-8)
GET maize_ZEAMAP/epigenome/dna_methylation/01_regions/AMP_mCHG_bed/CML493.bedgraph.gz
bash: warning: setlocale: LC_ALL: cannot change locale (C.UTF-8)
bash: warning: setlocale: LC_ALL: cannot change locale (C.UTF-8)
GET maize_ZEAMAP/epigenome/dna_methylation/01_regions/AMP_mCHG_bed/CML493.bedgraph.gz.tbi
GET maize_ZEAMAP/epigenome/dna_methylation/01_regions/AMP_mCHG_bed/CML69.bedgraph.gz
bash: warning: setlocale: LC_ALL: cannot change locale (C.UTF-8)
GET maize_ZEAMAP/epigenome/dna_methylation/01_regions/AMP_mCHG_bed/CML69.bedgraph.gz.tbi
bash: warning: setlocale: LC_ALL: cannot change locale (C.UTF-8)
GET maize_ZEAMAP/epigenome/dna_methylation/01_regions/AMP_mCHG_bed/DAN3130.bedgraph.gz
bash: warning: setlocale: LC_ALL: cannot change locale (C.UTF-8)
GET maize_ZEAMAP/epigenome/dna_methylation/01_regions/AMP_mCHG_bed/DAN3130.bedgraph.gz.tbi
bash: warning: setlocale: LC_ALL: cannot change locale (C.UTF-8)
GET maize_ZEAMAP/epigenome/dna_methylation/01_regions/AMP_mCHG_bed/DAN340.bedgraph.gz
bash: warning: setlocale: LC_ALL: cannot change locale (C.UTF-8)
GET maize_ZEAMAP/epigenome/dna_methylation/01_regions/AMP_mCHG_bed/DAN340.bedgraph.gz.tbi
bash: warning: setlocale: LC_ALL: cannot change locale (C.UTF-8)
GET maize_ZEAMAP/epigenome/dna_methylation/01_regions/AMP_mCHG_bed/DAN360.bedgraph.gz
bash: warning: setlocale: LC_ALL: cannot change locale (C.UTF-8)
GET maize_ZEAMAP/epigenome/dna_methylation/01_regions/AMP_mCHG_bed/DAN360.bedgraph.gz.tbi
bash: warning: setlocale: LC_ALL: cannot change locale (C.UTF-8)
bash: warning: setlocale: LC_ALL: cannot change locale (C.UTF-8)
GET maize_ZEAMAP/epigenome/dna_methylation/01_regions/AMP_mCHG_bed/DAN598.bedgraph.gz
GET maize_ZEAMAP/epigenome/dna_methylation/01_regions/AMP_mCHG_bed/DAN598.bedgraph.gz.tbi
bash: warning: setlocale: LC_ALL: cannot change locale (C.UTF-8)
bash: warning: setlocale: LC_ALL: cannot change locale (C.UTF-8)
GET maize_ZEAMAP/epigenome/dna_methylation/01_regions/AMP_mCHG_bed/DAN599.bedgraph.gz
GET maize_ZEAMAP/epigenome/dna_methylation/01_regions/AMP_mCHG_bed/DAN599.bedgraph.gz.tbi
bash: warning: setlocale: LC_ALL: cannot change locale (C.UTF-8)
GET maize_ZEAMAP/epigenome/dna_methylation/01_regions/AMP_mCHG_bed/DE.EX.bedgraph.gz
bash: warning: setlocale: LC_ALL: cannot change locale (C.UTF-8)
GET maize_ZEAMAP/epigenome/dna_methylation/01_regions/AMP_mCHG_bed/DE.EX.bedgraph.gz.tbi
bash: warning: setlocale: LC_ALL: cannot change locale (C.UTF-8)
bash: warning: setlocale: LC_ALL: cannot change locale (C.UTF-8)
GET maize_ZEAMAP/epigenome/dna_methylation/01_regions/AMP_mCHG_bed/GEMS10.bedgraph.gz
GET maize_ZEAMAP/epigenome/dna_methylation/01_regions/AMP_mCHG_bed/GEMS10.bedgraph.gz.tbi
bash: warning: setlocale: LC_ALL: cannot change locale (C.UTF-8)
GET maize_ZEAMAP/epigenome/dna_methylation/01_regions/AMP_mCHG_bed/GEMS11.bedgraph.gz
bash: warning: setlocale: LC_ALL: cannot change locale (C.UTF-8)
GET maize_ZEAMAP/epigenome/dna_methylation/01_regions/AMP_mCHG_bed/GEMS11.bedgraph.gz.tbi
bash: warning: setlocale: LC_ALL: cannot change locale (C.UTF-8)
GET maize_ZEAMAP/epigenome/dna_methylation/01_regions/AMP_mCHG_bed/GEMS13.bedgraph.gz
bash: warning: setlocale: LC_ALL: cannot change locale (C.UTF-8)
GET maize_ZEAMAP/epigenome/dna_methylation/01_regions/AMP_mCHG_bed/GEMS13.bedgraph.gz.tbi
bash: warning: setlocale: LC_ALL: cannot change locale (C.UTF-8)
bash: warning: setlocale: LC_ALL: cannot change locale (C.UTF-8)
GET maize_ZEAMAP/epigenome/dna_methylation/01_regions/AMP_mCHG_bed/GEMS14.bedgraph.gz
GET maize_ZEAMAP/epigenome/dna_methylation/01_regions/AMP_mCHG_bed/GEMS14.bedgraph.gz.tbi
bash: warning: setlocale: LC_ALL: cannot change locale (C.UTF-8)
GET maize_ZEAMAP/epigenome/dna_methylation/01_regions/AMP_mCHG_bed/GEMS18.bedgraph.gz
bash: warning: setlocale: LC_ALL: cannot change locale (C.UTF-8)
GET maize_ZEAMAP/epigenome/dna_methylation/01_regions/AMP_mCHG_bed/GEMS18.bedgraph.gz.tbi
bash: warning: setlocale: LC_ALL: cannot change locale (C.UTF-8)
bash: warning: setlocale: LC_ALL: cannot change locale (C.UTF-8)
GET maize_ZEAMAP/epigenome/dna_methylation/01_regions/AMP_mCHG_bed/GEMS19.bedgraph.gz
GET maize_ZEAMAP/epigenome/dna_methylation/01_regions/AMP_mCHG_bed/GEMS19.bedgraph.gz.tbi
bash: warning: setlocale: LC_ALL: cannot change locale (C.UTF-8)
GET maize_ZEAMAP/epigenome/dna_methylation/01_regions/AMP_mCHG_bed/GEMS21.bedgraph.gz
bash: warning: setlocale: LC_ALL: cannot change locale (C.UTF-8)
GET maize_ZEAMAP/epigenome/dna_methylation/01_regions/AMP_mCHG_bed/GEMS21.bedgraph.gz.tbi
bash: warning: setlocale: LC_ALL: cannot change locale (C.UTF-8)
GET maize_ZEAMAP/epigenome/dna_methylation/01_regions/AMP_mCHG_bed/GEMS24.bedgraph.gz
bash: warning: setlocale: LC_ALL: cannot change locale (C.UTF-8)
GET maize_ZEAMAP/epigenome/dna_methylation/01_regions/AMP_mCHG_bed/GEMS24.bedgraph.gz.tbi
bash: warning: setlocale: LC_ALL: cannot change locale (C.UTF-8)
GET maize_ZEAMAP/epigenome/dna_methylation/01_regions/AMP_mCHG_bed/GEMS28.bedgraph.gz
bash: warning: setlocale: LC_ALL: cannot change locale (C.UTF-8)
GET maize_ZEAMAP/epigenome/dna_methylation/01_regions/AMP_mCHG_bed/GEMS28.bedgraph.gz.tbi
bash: warning: setlocale: LC_ALL: cannot change locale (C.UTF-8)
GET maize_ZEAMAP/epigenome/dna_methylation/01_regions/AMP_mCHG_bed/GEMS29.bedgraph.gz
bash: warning: setlocale: LC_ALL: cannot change locale (C.UTF-8)
GET maize_ZEAMAP/epigenome/dna_methylation/01_regions/AMP_mCHG_bed/GEMS29.bedgraph.gz.tbi
bash: warning: setlocale: LC_ALL: cannot change locale (C.UTF-8)
GET maize_ZEAMAP/epigenome/dna_methylation/01_regions/AMP_mCHG_bed/GEMS3.bedgraph.gz
bash: warning: setlocale: LC_ALL: cannot change locale (C.UTF-8)
GET maize_ZEAMAP/epigenome/dna_methylation/01_regions/AMP_mCHG_bed/GEMS3.bedgraph.gz.tbi
bash: warning: setlocale: LC_ALL: cannot change locale (C.UTF-8)
GET maize_ZEAMAP/epigenome/dna_methylation/01_regions/AMP_mCHG_bed/GEMS31.bedgraph.gz
bash: warning: setlocale: LC_ALL: cannot change locale (C.UTF-8)
GET maize_ZEAMAP/epigenome/dna_methylation/01_regions/AMP_mCHG_bed/GEMS31.bedgraph.gz.tbi
bash: warning: setlocale: LC_ALL: cannot change locale (C.UTF-8)
GET maize_ZEAMAP/epigenome/dna_methylation/01_regions/AMP_mCHG_bed/GEMS32.bedgraph.gz
bash: warning: setlocale: LC_ALL: cannot change locale (C.UTF-8)
GET maize_ZEAMAP/epigenome/dna_methylation/01_regions/AMP_mCHG_bed/GEMS32.bedgraph.gz.tbi
bash: warning: setlocale: LC_ALL: cannot change locale (C.UTF-8)
bash: warning: setlocale: LC_ALL: cannot change locale (C.UTF-8)
GET maize_ZEAMAP/epigenome/dna_methylation/01_regions/AMP_mCHG_bed/GEMS33.bedgraph.gz
GET maize_ZEAMAP/epigenome/dna_methylation/01_regions/AMP_mCHG_bed/GEMS33.bedgraph.gz.tbi
bash: warning: setlocale: LC_ALL: cannot change locale (C.UTF-8)
GET maize_ZEAMAP/epigenome/dna_methylation/01_regions/AMP_mCHG_bed/GEMS37.bedgraph.gz
bash: warning: setlocale: LC_ALL: cannot change locale (C.UTF-8)
GET maize_ZEAMAP/epigenome/dna_methylation/01_regions/AMP_mCHG_bed/GEMS37.bedgraph.gz.tbi
bash: warning: setlocale: LC_ALL: cannot change locale (C.UTF-8)
GET maize_ZEAMAP/epigenome/dna_methylation/01_regions/AMP_mCHG_bed/GEMS47.bedgraph.gz
bash: warning: setlocale: LC_ALL: cannot change locale (C.UTF-8)
GET maize_ZEAMAP/epigenome/dna_methylation/01_regions/AMP_mCHG_bed/GEMS47.bedgraph.gz.tbi
bash: warning: setlocale: LC_ALL: cannot change locale (C.UTF-8)
GET maize_ZEAMAP/epigenome/dna_methylation/01_regions/AMP_mCHG_bed/GEMS49.bedgraph.gz
bash: warning: setlocale: LC_ALL: cannot change locale (C.UTF-8)
GET maize_ZEAMAP/epigenome/dna_methylation/01_regions/AMP_mCHG_bed/GEMS49.bedgraph.gz.tbi
bash: warning: setlocale: LC_ALL: cannot change locale (C.UTF-8)
GET maize_ZEAMAP/epigenome/dna_methylation/01_regions/AMP_mCHG_bed/GEMS5.bedgraph.gz
bash: warning: setlocale: LC_ALL: cannot change locale (C.UTF-8)
bash: warning: setlocale: LC_ALL: cannot change locale (C.UTF-8)
GET maize_ZEAMAP/epigenome/dna_methylation/01_regions/AMP_mCHG_bed/GEMS5.bedgraph.gz.tbi
GET maize_ZEAMAP/epigenome/dna_methylation/01_regions/AMP_mCHG_bed/GEMS53.bedgraph.gz
bash: warning: setlocale: LC_ALL: cannot change locale (C.UTF-8)
GET maize_ZEAMAP/epigenome/dna_methylation/01_regions/AMP_mCHG_bed/GEMS53.bedgraph.gz.tbi
bash: warning: setlocale: LC_ALL: cannot change locale (C.UTF-8)
GET maize_ZEAMAP/epigenome/dna_methylation/01_regions/AMP_mCHG_bed/GEMS56.bedgraph.gz
bash: warning: setlocale: LC_ALL: cannot change locale (C.UTF-8)
bash: warning: setlocale: LC_ALL: cannot change locale (C.UTF-8)
GET maize_ZEAMAP/epigenome/dna_methylation/01_regions/AMP_mCHG_bed/GEMS56.bedgraph.gz.tbi
bash: warning: setlocale: LC_ALL: cannot change locale (C.UTF-8)
GET maize_ZEAMAP/epigenome/dna_methylation/01_regions/AMP_mCHG_bed/GEMS60.bedgraph.gz
GET maize_ZEAMAP/epigenome/dna_methylation/01_regions/AMP_mCHG_bed/GEMS60.bedgraph.gz.tbi
bash: warning: setlocale: LC_ALL: cannot change locale (C.UTF-8)
GET maize_ZEAMAP/epigenome/dna_methylation/01_regions/AMP_mCHG_bed/GEMS62.bedgraph.gz
bash: warning: setlocale: LC_ALL: cannot change locale (C.UTF-8)
bash: warning: setlocale: LC_ALL: cannot change locale (C.UTF-8)
GET maize_ZEAMAP/epigenome/dna_methylation/01_regions/AMP_mCHG_bed/GEMS62.bedgraph.gz.tbi
GET maize_ZEAMAP/epigenome/dna_methylation/01_regions/AMP_mCHG_bed/GEMS63.bedgraph.gz
bash: warning: setlocale: LC_ALL: cannot change locale (C.UTF-8)
GET maize_ZEAMAP/epigenome/dna_methylation/01_regions/AMP_mCHG_bed/GEMS63.bedgraph.gz.tbi
bash: warning: setlocale: LC_ALL: cannot change locale (C.UTF-8)
bash: warning: setlocale: LC_ALL: cannot change locale (C.UTF-8)
GET maize_ZEAMAP/epigenome/dna_methylation/01_regions/AMP_mCHG_bed/GEMS64.bedgraph.gz
GET maize_ZEAMAP/epigenome/dna_methylation/01_regions/AMP_mCHG_bed/GEMS64.bedgraph.gz.tbi
bash: warning: setlocale: LC_ALL: cannot change locale (C.UTF-8)
GET maize_ZEAMAP/epigenome/dna_methylation/01_regions/AMP_mCHG_bed/GEMS65.bedgraph.gz
bash: warning: setlocale: LC_ALL: cannot change locale (C.UTF-8)
GET maize_ZEAMAP/epigenome/dna_methylation/01_regions/AMP_mCHG_bed/GEMS65.bedgraph.gz.tbi
bash: warning: setlocale: LC_ALL: cannot change locale (C.UTF-8)
bash: warning: setlocale: LC_ALL: cannot change locale (C.UTF-8)
GET maize_ZEAMAP/epigenome/dna_methylation/01_regions/AMP_mCHG_bed/GEMS9.bedgraph.gz
GET maize_ZEAMAP/epigenome/dna_methylation/01_regions/AMP_mCHG_bed/GEMS9.bedgraph.gz.tbi
bash: warning: setlocale: LC_ALL: cannot change locale (C.UTF-8)
bash: warning: setlocale: LC_ALL: cannot change locale (C.UTF-8)
GET maize_ZEAMAP/epigenome/dna_methylation/01_regions/AMP_mCHG_bed/GY220.bedgraph.gz
GET maize_ZEAMAP/epigenome/dna_methylation/01_regions/AMP_mCHG_bed/GY220.bedgraph.gz.tbi
bash: warning: setlocale: LC_ALL: cannot change locale (C.UTF-8)
bash: warning: setlocale: LC_ALL: cannot change locale (C.UTF-8)
GET maize_ZEAMAP/epigenome/dna_methylation/01_regions/AMP_mCHG_bed/GY237.bedgraph.gz
GET maize_ZEAMAP/epigenome/dna_methylation/01_regions/AMP_mCHG_bed/GY237.bedgraph.gz.tbi
bash: warning: setlocale: LC_ALL: cannot change locale (C.UTF-8)
GET maize_ZEAMAP/epigenome/dna_methylation/01_regions/AMP_mCHG_bed/GY386.bedgraph.gz
bash: warning: setlocale: LC_ALL: cannot change locale (C.UTF-8)
GET maize_ZEAMAP/epigenome/dna_methylation/01_regions/AMP_mCHG_bed/GY386.bedgraph.gz.tbi
bash: warning: setlocale: LC_ALL: cannot change locale (C.UTF-8)
GET maize_ZEAMAP/epigenome/dna_methylation/01_regions/AMP_mCHG_bed/GY462.bedgraph.gz
bash: warning: setlocale: LC_ALL: cannot change locale (C.UTF-8)
GET maize_ZEAMAP/epigenome/dna_methylation/01_regions/AMP_mCHG_bed/GY462.bedgraph.gz.tbi
bash: warning: setlocale: LC_ALL: cannot change locale (C.UTF-8)
GET maize_ZEAMAP/epigenome/dna_methylation/01_regions/AMP_mCHG_bed/GY798.bedgraph.gz
bash: warning: setlocale: LC_ALL: cannot change locale (C.UTF-8)
GET maize_ZEAMAP/epigenome/dna_methylation/01_regions/AMP_mCHG_bed/GY798.bedgraph.gz.tbi
bash: warning: setlocale: LC_ALL: cannot change locale (C.UTF-8)
GET maize_ZEAMAP/epigenome/dna_methylation/01_regions/AMP_mCHG_bed/GY923.bedgraph.gz
bash: warning: setlocale: LC_ALL: cannot change locale (C.UTF-8)
bash: warning: setlocale: LC_ALL: cannot change locale (C.UTF-8)
GET maize_ZEAMAP/epigenome/dna_methylation/01_regions/AMP_mCHG_bed/GY923.bedgraph.gz.tbi
GET maize_ZEAMAP/epigenome/dna_methylation/01_regions/AMP_mCHG_bed/HU803.bedgraph.gz
bash: warning: setlocale: LC_ALL: cannot change locale (C.UTF-8)
GET maize_ZEAMAP/epigenome/dna_methylation/01_regions/AMP_mCHG_bed/HU803.bedgraph.gz.tbi
bash: warning: setlocale: LC_ALL: cannot change locale (C.UTF-8)
bash: warning: setlocale: LC_ALL: cannot change locale (C.UTF-8)
GET maize_ZEAMAP/epigenome/dna_methylation/01_regions/AMP_mCHG_bed/HYS.bedgraph.gz
GET maize_ZEAMAP/epigenome/dna_methylation/01_regions/AMP_mCHG_bed/HYS.bedgraph.gz.tbi
bash: warning: setlocale: LC_ALL: cannot change locale (C.UTF-8)
GET maize_ZEAMAP/epigenome/dna_methylation/01_regions/AMP_mCHG_bed/HZS.bedgraph.gz
bash: warning: setlocale: LC_ALL: cannot change locale (C.UTF-8)
GET maize_ZEAMAP/epigenome/dna_methylation/01_regions/AMP_mCHG_bed/HZS.bedgraph.gz.tbi
bash: warning: setlocale: LC_ALL: cannot change locale (C.UTF-8)
GET maize_ZEAMAP/epigenome/dna_methylation/01_regions/AMP_mCHG_bed/IRF314.bedgraph.gz
bash: warning: setlocale: LC_ALL: cannot change locale (C.UTF-8)
GET maize_ZEAMAP/epigenome/dna_methylation/01_regions/AMP_mCHG_bed/IRF314.bedgraph.gz.tbi
bash: warning: setlocale: LC_ALL: cannot change locale (C.UTF-8)
GET maize_ZEAMAP/epigenome/dna_methylation/01_regions/AMP_mCHG_bed/J4112.bedgraph.gz
bash: warning: setlocale: LC_ALL: cannot change locale (C.UTF-8)
GET maize_ZEAMAP/epigenome/dna_methylation/01_regions/AMP_mCHG_bed/J4112.bedgraph.gz.tbi
bash: warning: setlocale: LC_ALL: cannot change locale (C.UTF-8)
GET maize_ZEAMAP/epigenome/dna_methylation/01_regions/AMP_mCHG_bed/JH59.bedgraph.gz
bash: warning: setlocale: LC_ALL: cannot change locale (C.UTF-8)
GET maize_ZEAMAP/epigenome/dna_methylation/01_regions/AMP_mCHG_bed/JH59.bedgraph.gz.tbi
bash: warning: setlocale: LC_ALL: cannot change locale (C.UTF-8)
GET maize_ZEAMAP/epigenome/dna_methylation/01_regions/AMP_mCHG_bed/JI63.bedgraph.gz
bash: warning: setlocale: LC_ALL: cannot change locale (C.UTF-8)
GET maize_ZEAMAP/epigenome/dna_methylation/01_regions/AMP_mCHG_bed/JI63.bedgraph.gz.tbi
bash: warning: setlocale: LC_ALL: cannot change locale (C.UTF-8)
GET maize_ZEAMAP/epigenome/dna_methylation/01_regions/AMP_mCHG_bed/JI846.bedgraph.gz
bash: warning: setlocale: LC_ALL: cannot change locale (C.UTF-8)
GET maize_ZEAMAP/epigenome/dna_methylation/01_regions/AMP_mCHG_bed/JI846.bedgraph.gz.tbi
bash: warning: setlocale: LC_ALL: cannot change locale (C.UTF-8)
GET maize_ZEAMAP/epigenome/dna_methylation/01_regions/AMP_mCHG_bed/JY01.bedgraph.gz
bash: warning: setlocale: LC_ALL: cannot change locale (C.UTF-8)
bash: warning: setlocale: LC_ALL: cannot change locale (C.UTF-8)
GET maize_ZEAMAP/epigenome/dna_methylation/01_regions/AMP_mCHG_bed/JY01.bedgraph.gz.tbi
GET maize_ZEAMAP/epigenome/dna_methylation/01_regions/AMP_mCHG_bed/K22.bedgraph.gz
bash: warning: setlocale: LC_ALL: cannot change locale (C.UTF-8)
GET maize_ZEAMAP/epigenome/dna_methylation/01_regions/AMP_mCHG_bed/K22.bedgraph.gz.tbi
bash: warning: setlocale: LC_ALL: cannot change locale (C.UTF-8)
bash: warning: setlocale: LC_ALL: cannot change locale (C.UTF-8)
GET maize_ZEAMAP/epigenome/dna_methylation/01_regions/AMP_mCHG_bed/L3180.bedgraph.gz
bash: warning: setlocale: LC_ALL: cannot change locale (C.UTF-8)
GET maize_ZEAMAP/epigenome/dna_methylation/01_regions/AMP_mCHG_bed/L3180.bedgraph.gz.tbi
GET maize_ZEAMAP/epigenome/dna_methylation/01_regions/AMP_mCHG_bed/LG001.bedgraph.gz
bash: warning: setlocale: LC_ALL: cannot change locale (C.UTF-8)
GET maize_ZEAMAP/epigenome/dna_methylation/01_regions/AMP_mCHG_bed/LG001.bedgraph.gz.tbi
bash: warning: setlocale: LC_ALL: cannot change locale (C.UTF-8)
GET maize_ZEAMAP/epigenome/dna_methylation/01_regions/AMP_mCHG_bed/LIAO159.bedgraph.gz
bash: warning: setlocale: LC_ALL: cannot change locale (C.UTF-8)
GET maize_ZEAMAP/epigenome/dna_methylation/01_regions/AMP_mCHG_bed/LIAO159.bedgraph.gz.tbi
bash: warning: setlocale: LC_ALL: cannot change locale (C.UTF-8)
bash: warning: setlocale: LC_ALL: cannot change locale (C.UTF-8)
GET maize_ZEAMAP/epigenome/dna_methylation/01_regions/AMP_mCHG_bed/LIAO5263.bedgraph.gz
GET maize_ZEAMAP/epigenome/dna_methylation/01_regions/AMP_mCHG_bed/LIAO5263.bedgraph.gz.tbi
bash: warning: setlocale: LC_ALL: cannot change locale (C.UTF-8)
bash: warning: setlocale: LC_ALL: cannot change locale (C.UTF-8)
GET maize_ZEAMAP/epigenome/dna_methylation/01_regions/AMP_mCHG_bed/LV28.bedgraph.gz
GET maize_ZEAMAP/epigenome/dna_methylation/01_regions/AMP_mCHG_bed/LV28.bedgraph.gz.tbi
bash: warning: setlocale: LC_ALL: cannot change locale (C.UTF-8)
GET maize_ZEAMAP/epigenome/dna_methylation/01_regions/AMP_mCHG_bed/LX9801.bedgraph.gz
bash: warning: setlocale: LC_ALL: cannot change locale (C.UTF-8)
GET maize_ZEAMAP/epigenome/dna_methylation/01_regions/AMP_mCHG_bed/LX9801.bedgraph.gz.tbi
bash: warning: setlocale: LC_ALL: cannot change locale (C.UTF-8)
GET maize_ZEAMAP/epigenome/dna_methylation/01_regions/AMP_mCHG_bed/LXN.bedgraph.gz
bash: warning: setlocale: LC_ALL: cannot change locale (C.UTF-8)
GET maize_ZEAMAP/epigenome/dna_methylation/01_regions/AMP_mCHG_bed/LXN.bedgraph.gz.tbi
bash: warning: setlocale: LC_ALL: cannot change locale (C.UTF-8)
GET maize_ZEAMAP/epigenome/dna_methylation/01_regions/AMP_mCHG_bed/LY.bedgraph.gz
bash: warning: setlocale: LC_ALL: cannot change locale (C.UTF-8)
GET maize_ZEAMAP/epigenome/dna_methylation/01_regions/AMP_mCHG_bed/LY.bedgraph.gz.tbi
bash: warning: setlocale: LC_ALL: cannot change locale (C.UTF-8)
GET maize_ZEAMAP/epigenome/dna_methylation/01_regions/AMP_mCHG_bed/M97.bedgraph.gz
bash: warning: setlocale: LC_ALL: cannot change locale (C.UTF-8)
GET maize_ZEAMAP/epigenome/dna_methylation/01_regions/AMP_mCHG_bed/M97.bedgraph.gz.tbi
bash: warning: setlocale: LC_ALL: cannot change locale (C.UTF-8)
GET maize_ZEAMAP/epigenome/dna_methylation/01_regions/AMP_mCHG_bed/MO17.bedgraph.gz
bash: warning: setlocale: LC_ALL: cannot change locale (C.UTF-8)
GET maize_ZEAMAP/epigenome/dna_methylation/01_regions/AMP_mCHG_bed/MO17.bedgraph.gz.tbi
bash: warning: setlocale: LC_ALL: cannot change locale (C.UTF-8)
GET maize_ZEAMAP/epigenome/dna_methylation/01_regions/AMP_mCHG_bed/P138.bedgraph.gz
bash: warning: setlocale: LC_ALL: cannot change locale (C.UTF-8)
GET maize_ZEAMAP/epigenome/dna_methylation/01_regions/AMP_mCHG_bed/P138.bedgraph.gz.tbi
bash: warning: setlocale: LC_ALL: cannot change locale (C.UTF-8)
GET maize_ZEAMAP/epigenome/dna_methylation/01_regions/AMP_mCHG_bed/P178.bedgraph.gz
bash: warning: setlocale: LC_ALL: cannot change locale (C.UTF-8)
GET maize_ZEAMAP/epigenome/dna_methylation/01_regions/AMP_mCHG_bed/P178.bedgraph.gz.tbi
bash: warning: setlocale: LC_ALL: cannot change locale (C.UTF-8)
bash: warning: setlocale: LC_ALL: cannot change locale (C.UTF-8)
GET maize_ZEAMAP/epigenome/dna_methylation/01_regions/AMP_mCHG_bed/Q1261.bedgraph.gz
GET maize_ZEAMAP/epigenome/dna_methylation/01_regions/AMP_mCHG_bed/Q1261.bedgraph.gz.tbi
bash: warning: setlocale: LC_ALL: cannot change locale (C.UTF-8)
bash: warning: setlocale: LC_ALL: cannot change locale (C.UTF-8)
GET maize_ZEAMAP/epigenome/dna_methylation/01_regions/AMP_mCHG_bed/QI205.bedgraph.gz
GET maize_ZEAMAP/epigenome/dna_methylation/01_regions/AMP_mCHG_bed/QI205.bedgraph.gz.tbi
bash: warning: setlocale: LC_ALL: cannot change locale (C.UTF-8)
GET maize_ZEAMAP/epigenome/dna_methylation/01_regions/AMP_mCHG_bed/QI319.bedgraph.gz
bash: warning: setlocale: LC_ALL: cannot change locale (C.UTF-8)
GET maize_ZEAMAP/epigenome/dna_methylation/01_regions/AMP_mCHG_bed/QI319.bedgraph.gz.tbi
bash: warning: setlocale: LC_ALL: cannot change locale (C.UTF-8)
bash: warning: setlocale: LC_ALL: cannot change locale (C.UTF-8)
GET maize_ZEAMAP/epigenome/dna_methylation/01_regions/AMP_mCHG_bed/RY697.bedgraph.gz
GET maize_ZEAMAP/epigenome/dna_methylation/01_regions/AMP_mCHG_bed/RY697.bedgraph.gz.tbi
bash: warning: setlocale: LC_ALL: cannot change locale (C.UTF-8)
GET maize_ZEAMAP/epigenome/dna_methylation/01_regions/AMP_mCHG_bed/RY713.bedgraph.gz
bash: warning: setlocale: LC_ALL: cannot change locale (C.UTF-8)
GET maize_ZEAMAP/epigenome/dna_methylation/01_regions/AMP_mCHG_bed/RY713.bedgraph.gz.tbi
bash: warning: setlocale: LC_ALL: cannot change locale (C.UTF-8)
GET maize_ZEAMAP/epigenome/dna_methylation/01_regions/AMP_mCHG_bed/RY732.bedgraph.gz
bash: warning: setlocale: LC_ALL: cannot change locale (C.UTF-8)
GET maize_ZEAMAP/epigenome/dna_methylation/01_regions/AMP_mCHG_bed/RY732.bedgraph.gz.tbi
bash: warning: setlocale: LC_ALL: cannot change locale (C.UTF-8)
GET maize_ZEAMAP/epigenome/dna_methylation/01_regions/AMP_mCHG_bed/S37.bedgraph.gz
bash: warning: setlocale: LC_ALL: cannot change locale (C.UTF-8)
GET maize_ZEAMAP/epigenome/dna_methylation/01_regions/AMP_mCHG_bed/S37.bedgraph.gz.tbi
bash: warning: setlocale: LC_ALL: cannot change locale (C.UTF-8)
GET maize_ZEAMAP/epigenome/dna_methylation/01_regions/AMP_mCHG_bed/SHEN137.bedgraph.gz
bash: warning: setlocale: LC_ALL: cannot change locale (C.UTF-8)
GET maize_ZEAMAP/epigenome/dna_methylation/01_regions/AMP_mCHG_bed/SHEN137.bedgraph.gz.tbi
bash: warning: setlocale: LC_ALL: cannot change locale (C.UTF-8)
GET maize_ZEAMAP/epigenome/dna_methylation/01_regions/AMP_mCHG_bed/SI273.bedgraph.gz
bash: warning: setlocale: LC_ALL: cannot change locale (C.UTF-8)
GET maize_ZEAMAP/epigenome/dna_methylation/01_regions/AMP_mCHG_bed/SI273.bedgraph.gz.tbi
bash: warning: setlocale: LC_ALL: cannot change locale (C.UTF-8)
GET maize_ZEAMAP/epigenome/dna_methylation/01_regions/AMP_mCHG_bed/SW92E114.bedgraph.gz
bash: warning: setlocale: LC_ALL: cannot change locale (C.UTF-8)
GET maize_ZEAMAP/epigenome/dna_methylation/01_regions/AMP_mCHG_bed/SW92E114.bedgraph.gz.tbi
bash: warning: setlocale: LC_ALL: cannot change locale (C.UTF-8)
GET maize_ZEAMAP/epigenome/dna_methylation/01_regions/AMP_mCHG_bed/SY1032.bedgraph.gz
bash: warning: setlocale: LC_ALL: cannot change locale (C.UTF-8)
GET maize_ZEAMAP/epigenome/dna_methylation/01_regions/AMP_mCHG_bed/SY1032.bedgraph.gz.tbi
bash: warning: setlocale: LC_ALL: cannot change locale (C.UTF-8)
GET maize_ZEAMAP/epigenome/dna_methylation/01_regions/AMP_mCHG_bed/SY1035.bedgraph.gz
bash: warning: setlocale: LC_ALL: cannot change locale (C.UTF-8)
bash: warning: setlocale: LC_ALL: cannot change locale (C.UTF-8)
GET maize_ZEAMAP/epigenome/dna_methylation/01_regions/AMP_mCHG_bed/SY1035.bedgraph.gz.tbi
GET maize_ZEAMAP/epigenome/dna_methylation/01_regions/AMP_mCHG_bed/SY1052.bedgraph.gz
bash: warning: setlocale: LC_ALL: cannot change locale (C.UTF-8)
GET maize_ZEAMAP/epigenome/dna_methylation/01_regions/AMP_mCHG_bed/SY1052.bedgraph.gz.tbi
bash: warning: setlocale: LC_ALL: cannot change locale (C.UTF-8)
GET maize_ZEAMAP/epigenome/dna_methylation/01_regions/AMP_mCHG_bed/SY3073.bedgraph.gz
bash: warning: setlocale: LC_ALL: cannot change locale (C.UTF-8)
GET maize_ZEAMAP/epigenome/dna_methylation/01_regions/AMP_mCHG_bed/SY3073.bedgraph.gz.tbi
bash: warning: setlocale: LC_ALL: cannot change locale (C.UTF-8)
GET maize_ZEAMAP/epigenome/dna_methylation/01_regions/AMP_mCHG_bed/TIAN77.bedgraph.gz
bash: warning: setlocale: LC_ALL: cannot change locale (C.UTF-8)
GET maize_ZEAMAP/epigenome/dna_methylation/01_regions/AMP_mCHG_bed/TIAN77.bedgraph.gz.tbi
bash: warning: setlocale: LC_ALL: cannot change locale (C.UTF-8)
GET maize_ZEAMAP/epigenome/dna_methylation/01_regions/AMP_mCHG_bed/TIE7922.bedgraph.gz
bash: warning: setlocale: LC_ALL: cannot change locale (C.UTF-8)
GET maize_ZEAMAP/epigenome/dna_methylation/01_regions/AMP_mCHG_bed/TIE7922.bedgraph.gz.tbi
bash: warning: setlocale: LC_ALL: cannot change locale (C.UTF-8)
bash: warning: setlocale: LC_ALL: cannot change locale (C.UTF-8)
GET maize_ZEAMAP/epigenome/dna_methylation/01_regions/AMP_mCHG_bed/TT16.bedgraph.gz
GET maize_ZEAMAP/epigenome/dna_methylation/01_regions/AMP_mCHG_bed/TT16.bedgraph.gz.tbi
bash: warning: setlocale: LC_ALL: cannot change locale (C.UTF-8)
GET maize_ZEAMAP/epigenome/dna_methylation/01_regions/AMP_mCHG_bed/TX5.bedgraph.gz
bash: warning: setlocale: LC_ALL: cannot change locale (C.UTF-8)
GET maize_ZEAMAP/epigenome/dna_methylation/01_regions/AMP_mCHG_bed/TX5.bedgraph.gz.tbi
bash: warning: setlocale: LC_ALL: cannot change locale (C.UTF-8)
GET maize_ZEAMAP/epigenome/dna_methylation/01_regions/AMP_mCHG_bed/TY1.bedgraph.gz
bash: warning: setlocale: LC_ALL: cannot change locale (C.UTF-8)
GET maize_ZEAMAP/epigenome/dna_methylation/01_regions/AMP_mCHG_bed/TY1.bedgraph.gz.tbi
bash: warning: setlocale: LC_ALL: cannot change locale (C.UTF-8)
GET maize_ZEAMAP/epigenome/dna_methylation/01_regions/AMP_mCHG_bed/TY10.bedgraph.gz
bash: warning: setlocale: LC_ALL: cannot change locale (C.UTF-8)
GET maize_ZEAMAP/epigenome/dna_methylation/01_regions/AMP_mCHG_bed/TY10.bedgraph.gz.tbi
bash: warning: setlocale: LC_ALL: cannot change locale (C.UTF-8)
GET maize_ZEAMAP/epigenome/dna_methylation/01_regions/AMP_mCHG_bed/TY11.bedgraph.gz
bash: warning: setlocale: LC_ALL: cannot change locale (C.UTF-8)
GET maize_ZEAMAP/epigenome/dna_methylation/01_regions/AMP_mCHG_bed/TY11.bedgraph.gz.tbi
bash: warning: setlocale: LC_ALL: cannot change locale (C.UTF-8)
GET maize_ZEAMAP/epigenome/dna_methylation/01_regions/AMP_mCHG_bed/TY2.bedgraph.gz
bash: warning: setlocale: LC_ALL: cannot change locale (C.UTF-8)
GET maize_ZEAMAP/epigenome/dna_methylation/01_regions/AMP_mCHG_bed/TY2.bedgraph.gz.tbi
bash: warning: setlocale: LC_ALL: cannot change locale (C.UTF-8)
GET maize_ZEAMAP/epigenome/dna_methylation/01_regions/AMP_mCHG_bed/TY3.bedgraph.gz
bash: warning: setlocale: LC_ALL: cannot change locale (C.UTF-8)
bash: warning: setlocale: LC_ALL: cannot change locale (C.UTF-8)
GET maize_ZEAMAP/epigenome/dna_methylation/01_regions/AMP_mCHG_bed/TY3.bedgraph.gz.tbi
GET maize_ZEAMAP/epigenome/dna_methylation/01_regions/AMP_mCHG_bed/TY6.bedgraph.gz
bash: warning: setlocale: LC_ALL: cannot change locale (C.UTF-8)
GET maize_ZEAMAP/epigenome/dna_methylation/01_regions/AMP_mCHG_bed/TY6.bedgraph.gz.tbi
bash: warning: setlocale: LC_ALL: cannot change locale (C.UTF-8)
GET maize_ZEAMAP/epigenome/dna_methylation/01_regions/AMP_mCHG_bed/TY7.bedgraph.gz
bash: warning: setlocale: LC_ALL: cannot change locale (C.UTF-8)
bash: warning: setlocale: LC_ALL: cannot change locale (C.UTF-8)
GET maize_ZEAMAP/epigenome/dna_methylation/01_regions/AMP_mCHG_bed/TY7.bedgraph.gz.tbi
GET maize_ZEAMAP/epigenome/dna_methylation/01_regions/AMP_mCHG_bed/TY8.bedgraph.gz
bash: warning: setlocale: LC_ALL: cannot change locale (C.UTF-8)
GET maize_ZEAMAP/epigenome/dna_methylation/01_regions/AMP_mCHG_bed/TY8.bedgraph.gz.tbi
bash: warning: setlocale: LC_ALL: cannot change locale (C.UTF-8)
GET maize_ZEAMAP/epigenome/dna_methylation/01_regions/AMP_mCHG_bed/W138.bedgraph.gz
bash: warning: setlocale: LC_ALL: cannot change locale (C.UTF-8)
GET maize_ZEAMAP/epigenome/dna_methylation/01_regions/AMP_mCHG_bed/W138.bedgraph.gz.tbi
bash: warning: setlocale: LC_ALL: cannot change locale (C.UTF-8)
GET maize_ZEAMAP/epigenome/dna_methylation/01_regions/AMP_mCHG_bed/WMR.bedgraph.gz
bash: warning: setlocale: LC_ALL: cannot change locale (C.UTF-8)
GET maize_ZEAMAP/epigenome/dna_methylation/01_regions/AMP_mCHG_bed/WMR.bedgraph.gz.tbi
bash: warning: setlocale: LC_ALL: cannot change locale (C.UTF-8)
GET maize_ZEAMAP/epigenome/dna_methylation/01_regions/AMP_mCHG_bed/WU109.bedgraph.gz
bash: warning: setlocale: LC_ALL: cannot change locale (C.UTF-8)
GET maize_ZEAMAP/epigenome/dna_methylation/01_regions/AMP_mCHG_bed/WU109.bedgraph.gz.tbi
bash: warning: setlocale: LC_ALL: cannot change locale (C.UTF-8)
GET maize_ZEAMAP/epigenome/dna_methylation/01_regions/AMP_mCHG_bed/YE488.bedgraph.gz
bash: warning: setlocale: LC_ALL: cannot change locale (C.UTF-8)
GET maize_ZEAMAP/epigenome/dna_methylation/01_regions/AMP_mCHG_bed/YE488.bedgraph.gz.tbi
bash: warning: setlocale: LC_ALL: cannot change locale (C.UTF-8)
GET maize_ZEAMAP/epigenome/dna_methylation/01_regions/AMP_mCHG_bed/YU374.bedgraph.gz
bash: warning: setlocale: LC_ALL: cannot change locale (C.UTF-8)
GET maize_ZEAMAP/epigenome/dna_methylation/01_regions/AMP_mCHG_bed/YU374.bedgraph.gz.tbi
bash: warning: setlocale: LC_ALL: cannot change locale (C.UTF-8)
GET maize_ZEAMAP/epigenome/dna_methylation/01_regions/AMP_mCHG_bed/YU87-1.bedgraph.gz
bash: warning: setlocale: LC_ALL: cannot change locale (C.UTF-8)
GET maize_ZEAMAP/epigenome/dna_methylation/01_regions/AMP_mCHG_bed/YU87-1.bedgraph.gz.tbi
bash: warning: setlocale: LC_ALL: cannot change locale (C.UTF-8)
GET maize_ZEAMAP/epigenome/dna_methylation/01_regions/AMP_mCHG_bed/Z2018F.bedgraph.gz
bash: warning: setlocale: LC_ALL: cannot change locale (C.UTF-8)
GET maize_ZEAMAP/epigenome/dna_methylation/01_regions/AMP_mCHG_bed/Z2018F.bedgraph.gz.tbi
bash: warning: setlocale: LC_ALL: cannot change locale (C.UTF-8)
bash: warning: setlocale: LC_ALL: cannot change locale (C.UTF-8)
GET maize_ZEAMAP/epigenome/dna_methylation/01_regions/AMP_mCHG_bed/ZB648.bedgraph.gz
GET maize_ZEAMAP/epigenome/dna_methylation/01_regions/AMP_mCHG_bed/ZB648.bedgraph.gz.tbi
bash: warning: setlocale: LC_ALL: cannot change locale (C.UTF-8)
GET maize_ZEAMAP/epigenome/dna_methylation/01_regions/AMP_mCHG_bed/ZHENG22.bedgraph.gz
bash: warning: setlocale: LC_ALL: cannot change locale (C.UTF-8)
GET maize_ZEAMAP/epigenome/dna_methylation/01_regions/AMP_mCHG_bed/ZHENG22.bedgraph.gz.tbi
bash: warning: setlocale: LC_ALL: cannot change locale (C.UTF-8)
GET maize_ZEAMAP/epigenome/dna_methylation/01_regions/AMP_mCHG_bed/ZHENG29.bedgraph.gz
bash: warning: setlocale: LC_ALL: cannot change locale (C.UTF-8)
GET maize_ZEAMAP/epigenome/dna_methylation/01_regions/AMP_mCHG_bed/ZHENG29.bedgraph.gz.tbi
bash: warning: setlocale: LC_ALL: cannot change locale (C.UTF-8)
GET maize_ZEAMAP/epigenome/dna_methylation/01_regions/AMP_mCHG_bed/ZHENG30.bedgraph.gz
bash: warning: setlocale: LC_ALL: cannot change locale (C.UTF-8)
GET maize_ZEAMAP/epigenome/dna_methylation/01_regions/AMP_mCHG_bed/ZHENG30.bedgraph.gz.tbi
bash: warning: setlocale: LC_ALL: cannot change locale (C.UTF-8)
GET maize_ZEAMAP/epigenome/dna_methylation/01_regions/AMP_mCHG_bed/ZHENG35.bedgraph.gz
bash: warning: setlocale: LC_ALL: cannot change locale (C.UTF-8)
GET maize_ZEAMAP/epigenome/dna_methylation/01_regions/AMP_mCHG_bed/ZHENG35.bedgraph.gz.tbi
bash: warning: setlocale: LC_ALL: cannot change locale (C.UTF-8)
GET maize_ZEAMAP/epigenome/dna_methylation/01_regions/AMP_mCHG_bed/ZHENG58.bedgraph.gz
bash: warning: setlocale: LC_ALL: cannot change locale (C.UTF-8)
GET maize_ZEAMAP/epigenome/dna_methylation/01_regions/AMP_mCHG_bed/ZHENG58.bedgraph.gz.tbi
bash: warning: setlocale: LC_ALL: cannot change locale (C.UTF-8)
bash: warning: setlocale: LC_ALL: cannot change locale (C.UTF-8)
GET maize_ZEAMAP/epigenome/dna_methylation/01_regions/AMP_mCHG_bed/ZHENG653.bedgraph.gz
GET maize_ZEAMAP/epigenome/dna_methylation/01_regions/AMP_mCHG_bed/ZHENG653.bedgraph.gz.tbi
bash: warning: setlocale: LC_ALL: cannot change locale (C.UTF-8)
GET maize_ZEAMAP/epigenome/dna_methylation/01_regions/AMP_mCHG_bed/ZHI41.bedgraph.gz
bash: warning: setlocale: LC_ALL: cannot change locale (C.UTF-8)
GET maize_ZEAMAP/epigenome/dna_methylation/01_regions/AMP_mCHG_bed/ZHI41.bedgraph.gz.tbi
bash: warning: setlocale: LC_ALL: cannot change locale (C.UTF-8)
GET maize_ZEAMAP/epigenome/dna_methylation/01_regions/AMP_mCHG_bed/ZZ01.bedgraph.gz
bash: warning: setlocale: LC_ALL: cannot change locale (C.UTF-8)
GET maize_ZEAMAP/epigenome/dna_methylation/01_regions/AMP_mCHG_bed/ZZ01.bedgraph.gz.tbi
bash: warning: setlocale: LC_ALL: cannot change locale (C.UTF-8)
GET maize_ZEAMAP/epigenome/dna_methylation/01_regions/AMP_mCHG_bed/md5.txt
bash: warning: setlocale: LC_ALL: cannot change locale (C.UTF-8)
GET maize_ZEAMAP/epigenome/dna_methylation/01_regions/AMP_mCHH_bed/04K5686.bedgraph.gz
bash: warning: setlocale: LC_ALL: cannot change locale (C.UTF-8)
GET maize_ZEAMAP/epigenome/dna_methylation/01_regions/AMP_mCHH_bed/04K5686.bedgraph.gz.tbi
bash: warning: setlocale: LC_ALL: cannot change locale (C.UTF-8)
GET maize_ZEAMAP/epigenome/dna_methylation/01_regions/AMP_mCHH_bed/05WN230.bedgraph.gz
bash: warning: setlocale: LC_ALL: cannot change locale (C.UTF-8)
GET maize_ZEAMAP/epigenome/dna_methylation/01_regions/AMP_mCHH_bed/05WN230.bedgraph.gz.tbi
bash: warning: setlocale: LC_ALL: cannot change locale (C.UTF-8)
GET maize_ZEAMAP/epigenome/dna_methylation/01_regions/AMP_mCHH_bed/07KS4.bedgraph.gz
bash: warning: setlocale: LC_ALL: cannot change locale (C.UTF-8)
GET maize_ZEAMAP/epigenome/dna_methylation/01_regions/AMP_mCHH_bed/07KS4.bedgraph.gz.tbi
bash: warning: setlocale: LC_ALL: cannot change locale (C.UTF-8)
GET maize_ZEAMAP/epigenome/dna_methylation/01_regions/AMP_mCHH_bed/1323.bedgraph.gz
bash: warning: setlocale: LC_ALL: cannot change locale (C.UTF-8)
GET maize_ZEAMAP/epigenome/dna_methylation/01_regions/AMP_mCHH_bed/1323.bedgraph.gz.tbi
bash: warning: setlocale: LC_ALL: cannot change locale (C.UTF-8)
GET maize_ZEAMAP/epigenome/dna_methylation/01_regions/AMP_mCHH_bed/150.bedgraph.gz
bash: warning: setlocale: LC_ALL: cannot change locale (C.UTF-8)
GET maize_ZEAMAP/epigenome/dna_methylation/01_regions/AMP_mCHH_bed/150.bedgraph.gz.tbi
bash: warning: setlocale: LC_ALL: cannot change locale (C.UTF-8)
GET maize_ZEAMAP/epigenome/dna_methylation/01_regions/AMP_mCHH_bed/177.bedgraph.gz
bash: warning: setlocale: LC_ALL: cannot change locale (C.UTF-8)
GET maize_ZEAMAP/epigenome/dna_methylation/01_regions/AMP_mCHH_bed/177.bedgraph.gz.tbi
bash: warning: setlocale: LC_ALL: cannot change locale (C.UTF-8)
GET maize_ZEAMAP/epigenome/dna_methylation/01_regions/AMP_mCHH_bed/238.bedgraph.gz
bash: warning: setlocale: LC_ALL: cannot change locale (C.UTF-8)
GET maize_ZEAMAP/epigenome/dna_methylation/01_regions/AMP_mCHH_bed/238.bedgraph.gz.tbi
bash: warning: setlocale: LC_ALL: cannot change locale (C.UTF-8)
bash: warning: setlocale: LC_ALL: cannot change locale (C.UTF-8)
GET maize_ZEAMAP/epigenome/dna_methylation/01_regions/AMP_mCHH_bed/268.bedgraph.gz
GET maize_ZEAMAP/epigenome/dna_methylation/01_regions/AMP_mCHH_bed/268.bedgraph.gz.tbi
bash: warning: setlocale: LC_ALL: cannot change locale (C.UTF-8)
GET maize_ZEAMAP/epigenome/dna_methylation/01_regions/AMP_mCHH_bed/384-2.bedgraph.gz
bash: warning: setlocale: LC_ALL: cannot change locale (C.UTF-8)
GET maize_ZEAMAP/epigenome/dna_methylation/01_regions/AMP_mCHH_bed/384-2.bedgraph.gz.tbi
bash: warning: setlocale: LC_ALL: cannot change locale (C.UTF-8)
GET maize_ZEAMAP/epigenome/dna_methylation/01_regions/AMP_mCHH_bed/4019.bedgraph.gz
bash: warning: setlocale: LC_ALL: cannot change locale (C.UTF-8)
GET maize_ZEAMAP/epigenome/dna_methylation/01_regions/AMP_mCHH_bed/4019.bedgraph.gz.tbi
bash: warning: setlocale: LC_ALL: cannot change locale (C.UTF-8)
GET maize_ZEAMAP/epigenome/dna_methylation/01_regions/AMP_mCHH_bed/4F1.bedgraph.gz
bash: warning: setlocale: LC_ALL: cannot change locale (C.UTF-8)
GET maize_ZEAMAP/epigenome/dna_methylation/01_regions/AMP_mCHH_bed/4F1.bedgraph.gz.tbi
bash: warning: setlocale: LC_ALL: cannot change locale (C.UTF-8)
GET maize_ZEAMAP/epigenome/dna_methylation/01_regions/AMP_mCHH_bed/501.bedgraph.gz
bash: warning: setlocale: LC_ALL: cannot change locale (C.UTF-8)
GET maize_ZEAMAP/epigenome/dna_methylation/01_regions/AMP_mCHH_bed/501.bedgraph.gz.tbi
bash: warning: setlocale: LC_ALL: cannot change locale (C.UTF-8)
GET maize_ZEAMAP/epigenome/dna_methylation/01_regions/AMP_mCHH_bed/5213.bedgraph.gz
bash: warning: setlocale: LC_ALL: cannot change locale (C.UTF-8)
GET maize_ZEAMAP/epigenome/dna_methylation/01_regions/AMP_mCHH_bed/5213.bedgraph.gz.tbi
bash: warning: setlocale: LC_ALL: cannot change locale (C.UTF-8)
GET maize_ZEAMAP/epigenome/dna_methylation/01_regions/AMP_mCHH_bed/7327.bedgraph.gz
bash: warning: setlocale: LC_ALL: cannot change locale (C.UTF-8)
GET maize_ZEAMAP/epigenome/dna_methylation/01_regions/AMP_mCHH_bed/7327.bedgraph.gz.tbi
bash: warning: setlocale: LC_ALL: cannot change locale (C.UTF-8)
GET maize_ZEAMAP/epigenome/dna_methylation/01_regions/AMP_mCHH_bed/7381.bedgraph.gz
bash: warning: setlocale: LC_ALL: cannot change locale (C.UTF-8)
GET maize_ZEAMAP/epigenome/dna_methylation/01_regions/AMP_mCHH_bed/7381.bedgraph.gz.tbi
bash: warning: setlocale: LC_ALL: cannot change locale (C.UTF-8)
GET maize_ZEAMAP/epigenome/dna_methylation/01_regions/AMP_mCHH_bed/812.bedgraph.gz
bash: warning: setlocale: LC_ALL: cannot change locale (C.UTF-8)
bash: warning: setlocale: LC_ALL: cannot change locale (C.UTF-8)
GET maize_ZEAMAP/epigenome/dna_methylation/01_regions/AMP_mCHH_bed/812.bedgraph.gz.tbi
GET maize_ZEAMAP/epigenome/dna_methylation/01_regions/AMP_mCHH_bed/832.bedgraph.gz
bash: warning: setlocale: LC_ALL: cannot change locale (C.UTF-8)
GET maize_ZEAMAP/epigenome/dna_methylation/01_regions/AMP_mCHH_bed/832.bedgraph.gz.tbi
bash: warning: setlocale: LC_ALL: cannot change locale (C.UTF-8)
GET maize_ZEAMAP/epigenome/dna_methylation/01_regions/AMP_mCHH_bed/835A.bedgraph.gz
bash: warning: setlocale: LC_ALL: cannot change locale (C.UTF-8)
bash: warning: setlocale: LC_ALL: cannot change locale (C.UTF-8)
GET maize_ZEAMAP/epigenome/dna_methylation/01_regions/AMP_mCHH_bed/835A.bedgraph.gz.tbi
GET maize_ZEAMAP/epigenome/dna_methylation/01_regions/AMP_mCHH_bed/8902.bedgraph.gz
bash: warning: setlocale: LC_ALL: cannot change locale (C.UTF-8)
GET maize_ZEAMAP/epigenome/dna_methylation/01_regions/AMP_mCHH_bed/8902.bedgraph.gz.tbi
bash: warning: setlocale: LC_ALL: cannot change locale (C.UTF-8)
GET maize_ZEAMAP/epigenome/dna_methylation/01_regions/AMP_mCHH_bed/975-12.bedgraph.gz
bash: warning: setlocale: LC_ALL: cannot change locale (C.UTF-8)
bash: warning: setlocale: LC_ALL: cannot change locale (C.UTF-8)
GET maize_ZEAMAP/epigenome/dna_methylation/01_regions/AMP_mCHH_bed/975-12.bedgraph.gz.tbi
GET maize_ZEAMAP/epigenome/dna_methylation/01_regions/AMP_mCHH_bed/A619.bedgraph.gz
bash: warning: setlocale: LC_ALL: cannot change locale (C.UTF-8)
GET maize_ZEAMAP/epigenome/dna_methylation/01_regions/AMP_mCHH_bed/A619.bedgraph.gz.tbi
bash: warning: setlocale: LC_ALL: cannot change locale (C.UTF-8)
GET maize_ZEAMAP/epigenome/dna_methylation/01_regions/AMP_mCHH_bed/B11.bedgraph.gz
bash: warning: setlocale: LC_ALL: cannot change locale (C.UTF-8)
GET maize_ZEAMAP/epigenome/dna_methylation/01_regions/AMP_mCHH_bed/B11.bedgraph.gz.tbi
bash: warning: setlocale: LC_ALL: cannot change locale (C.UTF-8)
GET maize_ZEAMAP/epigenome/dna_methylation/01_regions/AMP_mCHH_bed/B110.bedgraph.gz
bash: warning: setlocale: LC_ALL: cannot change locale (C.UTF-8)
GET maize_ZEAMAP/epigenome/dna_methylation/01_regions/AMP_mCHH_bed/B110.bedgraph.gz.tbi
bash: warning: setlocale: LC_ALL: cannot change locale (C.UTF-8)
GET maize_ZEAMAP/epigenome/dna_methylation/01_regions/AMP_mCHH_bed/B111.bedgraph.gz
bash: warning: setlocale: LC_ALL: cannot change locale (C.UTF-8)
GET maize_ZEAMAP/epigenome/dna_methylation/01_regions/AMP_mCHH_bed/B111.bedgraph.gz.tbi
bash: warning: setlocale: LC_ALL: cannot change locale (C.UTF-8)
bash: warning: setlocale: LC_ALL: cannot change locale (C.UTF-8)
GET maize_ZEAMAP/epigenome/dna_methylation/01_regions/AMP_mCHH_bed/B73.bedgraph.gz
GET maize_ZEAMAP/epigenome/dna_methylation/01_regions/AMP_mCHH_bed/B73.bedgraph.gz.tbi
bash: warning: setlocale: LC_ALL: cannot change locale (C.UTF-8)
GET maize_ZEAMAP/epigenome/dna_methylation/01_regions/AMP_mCHH_bed/BEM.bedgraph.gz
bash: warning: setlocale: LC_ALL: cannot change locale (C.UTF-8)
GET maize_ZEAMAP/epigenome/dna_methylation/01_regions/AMP_mCHH_bed/BEM.bedgraph.gz.tbi
bash: warning: setlocale: LC_ALL: cannot change locale (C.UTF-8)
GET maize_ZEAMAP/epigenome/dna_methylation/01_regions/AMP_mCHH_bed/BS16.bedgraph.gz
bash: warning: setlocale: LC_ALL: cannot change locale (C.UTF-8)
GET maize_ZEAMAP/epigenome/dna_methylation/01_regions/AMP_mCHH_bed/BS16.bedgraph.gz.tbi
bash: warning: setlocale: LC_ALL: cannot change locale (C.UTF-8)
bash: warning: setlocale: LC_ALL: cannot change locale (C.UTF-8)
GET maize_ZEAMAP/epigenome/dna_methylation/01_regions/AMP_mCHH_bed/BY4839.bedgraph.gz
GET maize_ZEAMAP/epigenome/dna_methylation/01_regions/AMP_mCHH_bed/BY4839.bedgraph.gz.tbi
bash: warning: setlocale: LC_ALL: cannot change locale (C.UTF-8)
GET maize_ZEAMAP/epigenome/dna_methylation/01_regions/AMP_mCHH_bed/BY4944.bedgraph.gz
bash: warning: setlocale: LC_ALL: cannot change locale (C.UTF-8)
bash: warning: setlocale: LC_ALL: cannot change locale (C.UTF-8)
GET maize_ZEAMAP/epigenome/dna_methylation/01_regions/AMP_mCHH_bed/BY4944.bedgraph.gz.tbi
GET maize_ZEAMAP/epigenome/dna_methylation/01_regions/AMP_mCHH_bed/BY4960.bedgraph.gz
bash: warning: setlocale: LC_ALL: cannot change locale (C.UTF-8)
GET maize_ZEAMAP/epigenome/dna_methylation/01_regions/AMP_mCHH_bed/BY4960.bedgraph.gz.tbi
bash: warning: setlocale: LC_ALL: cannot change locale (C.UTF-8)
bash: warning: setlocale: LC_ALL: cannot change locale (C.UTF-8)
GET maize_ZEAMAP/epigenome/dna_methylation/01_regions/AMP_mCHH_bed/BY809.bedgraph.gz
GET maize_ZEAMAP/epigenome/dna_methylation/01_regions/AMP_mCHH_bed/BY809.bedgraph.gz.tbi
bash: warning: setlocale: LC_ALL: cannot change locale (C.UTF-8)
GET maize_ZEAMAP/epigenome/dna_methylation/01_regions/AMP_mCHH_bed/BY813.bedgraph.gz
bash: warning: setlocale: LC_ALL: cannot change locale (C.UTF-8)
GET maize_ZEAMAP/epigenome/dna_methylation/01_regions/AMP_mCHH_bed/BY813.bedgraph.gz.tbi
bash: warning: setlocale: LC_ALL: cannot change locale (C.UTF-8)
GET maize_ZEAMAP/epigenome/dna_methylation/01_regions/AMP_mCHH_bed/BY815.bedgraph.gz
bash: warning: setlocale: LC_ALL: cannot change locale (C.UTF-8)
GET maize_ZEAMAP/epigenome/dna_methylation/01_regions/AMP_mCHH_bed/BY815.bedgraph.gz.tbi
bash: warning: setlocale: LC_ALL: cannot change locale (C.UTF-8)
GET maize_ZEAMAP/epigenome/dna_methylation/01_regions/AMP_mCHH_bed/BY855.bedgraph.gz
bash: warning: setlocale: LC_ALL: cannot change locale (C.UTF-8)
GET maize_ZEAMAP/epigenome/dna_methylation/01_regions/AMP_mCHH_bed/BY855.bedgraph.gz.tbi
bash: warning: setlocale: LC_ALL: cannot change locale (C.UTF-8)
GET maize_ZEAMAP/epigenome/dna_methylation/01_regions/AMP_mCHH_bed/CF3.bedgraph.gz
bash: warning: setlocale: LC_ALL: cannot change locale (C.UTF-8)
GET maize_ZEAMAP/epigenome/dna_methylation/01_regions/AMP_mCHH_bed/CF3.bedgraph.gz.tbi
bash: warning: setlocale: LC_ALL: cannot change locale (C.UTF-8)
GET maize_ZEAMAP/epigenome/dna_methylation/01_regions/AMP_mCHH_bed/CHENG698.bedgraph.gz
bash: warning: setlocale: LC_ALL: cannot change locale (C.UTF-8)
GET maize_ZEAMAP/epigenome/dna_methylation/01_regions/AMP_mCHH_bed/CHENG698.bedgraph.gz.tbi
bash: warning: setlocale: LC_ALL: cannot change locale (C.UTF-8)
GET maize_ZEAMAP/epigenome/dna_methylation/01_regions/AMP_mCHH_bed/CIMBL10.bedgraph.gz
bash: warning: setlocale: LC_ALL: cannot change locale (C.UTF-8)
GET maize_ZEAMAP/epigenome/dna_methylation/01_regions/AMP_mCHH_bed/CIMBL10.bedgraph.gz.tbi
bash: warning: setlocale: LC_ALL: cannot change locale (C.UTF-8)
GET maize_ZEAMAP/epigenome/dna_methylation/01_regions/AMP_mCHH_bed/CIMBL105.bedgraph.gz
bash: warning: setlocale: LC_ALL: cannot change locale (C.UTF-8)
GET maize_ZEAMAP/epigenome/dna_methylation/01_regions/AMP_mCHH_bed/CIMBL105.bedgraph.gz.tbi
bash: warning: setlocale: LC_ALL: cannot change locale (C.UTF-8)
GET maize_ZEAMAP/epigenome/dna_methylation/01_regions/AMP_mCHH_bed/CIMBL107.bedgraph.gz
bash: warning: setlocale: LC_ALL: cannot change locale (C.UTF-8)
GET maize_ZEAMAP/epigenome/dna_methylation/01_regions/AMP_mCHH_bed/CIMBL107.bedgraph.gz.tbi
bash: warning: setlocale: LC_ALL: cannot change locale (C.UTF-8)
GET maize_ZEAMAP/epigenome/dna_methylation/01_regions/AMP_mCHH_bed/CIMBL108.bedgraph.gz
bash: warning: setlocale: LC_ALL: cannot change locale (C.UTF-8)
GET maize_ZEAMAP/epigenome/dna_methylation/01_regions/AMP_mCHH_bed/CIMBL108.bedgraph.gz.tbi
bash: warning: setlocale: LC_ALL: cannot change locale (C.UTF-8)
GET maize_ZEAMAP/epigenome/dna_methylation/01_regions/AMP_mCHH_bed/CIMBL109.bedgraph.gz
bash: warning: setlocale: LC_ALL: cannot change locale (C.UTF-8)
GET maize_ZEAMAP/epigenome/dna_methylation/01_regions/AMP_mCHH_bed/CIMBL109.bedgraph.gz.tbi
bash: warning: setlocale: LC_ALL: cannot change locale (C.UTF-8)
GET maize_ZEAMAP/epigenome/dna_methylation/01_regions/AMP_mCHH_bed/CIMBL11.bedgraph.gz
bash: warning: setlocale: LC_ALL: cannot change locale (C.UTF-8)
GET maize_ZEAMAP/epigenome/dna_methylation/01_regions/AMP_mCHH_bed/CIMBL11.bedgraph.gz.tbi
bash: warning: setlocale: LC_ALL: cannot change locale (C.UTF-8)
GET maize_ZEAMAP/epigenome/dna_methylation/01_regions/AMP_mCHH_bed/CIMBL110.bedgraph.gz
bash: warning: setlocale: LC_ALL: cannot change locale (C.UTF-8)
GET maize_ZEAMAP/epigenome/dna_methylation/01_regions/AMP_mCHH_bed/CIMBL110.bedgraph.gz.tbi
bash: warning: setlocale: LC_ALL: cannot change locale (C.UTF-8)
GET maize_ZEAMAP/epigenome/dna_methylation/01_regions/AMP_mCHH_bed/CIMBL112.bedgraph.gz
bash: warning: setlocale: LC_ALL: cannot change locale (C.UTF-8)
bash: warning: setlocale: LC_ALL: cannot change locale (C.UTF-8)
GET maize_ZEAMAP/epigenome/dna_methylation/01_regions/AMP_mCHH_bed/CIMBL112.bedgraph.gz.tbi
GET maize_ZEAMAP/epigenome/dna_methylation/01_regions/AMP_mCHH_bed/CIMBL114.bedgraph.gz
bash: warning: setlocale: LC_ALL: cannot change locale (C.UTF-8)
GET maize_ZEAMAP/epigenome/dna_methylation/01_regions/AMP_mCHH_bed/CIMBL114.bedgraph.gz.tbi
bash: warning: setlocale: LC_ALL: cannot change locale (C.UTF-8)
GET maize_ZEAMAP/epigenome/dna_methylation/01_regions/AMP_mCHH_bed/CIMBL116.bedgraph.gz
bash: warning: setlocale: LC_ALL: cannot change locale (C.UTF-8)
GET maize_ZEAMAP/epigenome/dna_methylation/01_regions/AMP_mCHH_bed/CIMBL116.bedgraph.gz.tbi
bash: warning: setlocale: LC_ALL: cannot change locale (C.UTF-8)
GET maize_ZEAMAP/epigenome/dna_methylation/01_regions/AMP_mCHH_bed/CIMBL12.bedgraph.gz
bash: warning: setlocale: LC_ALL: cannot change locale (C.UTF-8)
GET maize_ZEAMAP/epigenome/dna_methylation/01_regions/AMP_mCHH_bed/CIMBL12.bedgraph.gz.tbi
bash: warning: setlocale: LC_ALL: cannot change locale (C.UTF-8)
GET maize_ZEAMAP/epigenome/dna_methylation/01_regions/AMP_mCHH_bed/CIMBL125.bedgraph.gz
bash: warning: setlocale: LC_ALL: cannot change locale (C.UTF-8)
GET maize_ZEAMAP/epigenome/dna_methylation/01_regions/AMP_mCHH_bed/CIMBL125.bedgraph.gz.tbi
bash: warning: setlocale: LC_ALL: cannot change locale (C.UTF-8)
GET maize_ZEAMAP/epigenome/dna_methylation/01_regions/AMP_mCHH_bed/CIMBL126.bedgraph.gz
bash: warning: setlocale: LC_ALL: cannot change locale (C.UTF-8)
GET maize_ZEAMAP/epigenome/dna_methylation/01_regions/AMP_mCHH_bed/CIMBL126.bedgraph.gz.tbi
bash: warning: setlocale: LC_ALL: cannot change locale (C.UTF-8)
GET maize_ZEAMAP/epigenome/dna_methylation/01_regions/AMP_mCHH_bed/CIMBL127.bedgraph.gz
bash: warning: setlocale: LC_ALL: cannot change locale (C.UTF-8)
GET maize_ZEAMAP/epigenome/dna_methylation/01_regions/AMP_mCHH_bed/CIMBL127.bedgraph.gz.tbi
bash: warning: setlocale: LC_ALL: cannot change locale (C.UTF-8)
GET maize_ZEAMAP/epigenome/dna_methylation/01_regions/AMP_mCHH_bed/CIMBL129.bedgraph.gz
bash: warning: setlocale: LC_ALL: cannot change locale (C.UTF-8)
GET maize_ZEAMAP/epigenome/dna_methylation/01_regions/AMP_mCHH_bed/CIMBL129.bedgraph.gz.tbi
bash: warning: setlocale: LC_ALL: cannot change locale (C.UTF-8)
GET maize_ZEAMAP/epigenome/dna_methylation/01_regions/AMP_mCHH_bed/CIMBL13.bedgraph.gz
bash: warning: setlocale: LC_ALL: cannot change locale (C.UTF-8)
GET maize_ZEAMAP/epigenome/dna_methylation/01_regions/AMP_mCHH_bed/CIMBL13.bedgraph.gz.tbi
bash: warning: setlocale: LC_ALL: cannot change locale (C.UTF-8)
bash: warning: setlocale: LC_ALL: cannot change locale (C.UTF-8)
GET maize_ZEAMAP/epigenome/dna_methylation/01_regions/AMP_mCHH_bed/CIMBL130.bedgraph.gz
GET maize_ZEAMAP/epigenome/dna_methylation/01_regions/AMP_mCHH_bed/CIMBL130.bedgraph.gz.tbi
bash: warning: setlocale: LC_ALL: cannot change locale (C.UTF-8)
GET maize_ZEAMAP/epigenome/dna_methylation/01_regions/AMP_mCHH_bed/CIMBL131.bedgraph.gz
bash: warning: setlocale: LC_ALL: cannot change locale (C.UTF-8)
GET maize_ZEAMAP/epigenome/dna_methylation/01_regions/AMP_mCHH_bed/CIMBL131.bedgraph.gz.tbi
bash: warning: setlocale: LC_ALL: cannot change locale (C.UTF-8)
GET maize_ZEAMAP/epigenome/dna_methylation/01_regions/AMP_mCHH_bed/CIMBL133.bedgraph.gz
bash: warning: setlocale: LC_ALL: cannot change locale (C.UTF-8)
GET maize_ZEAMAP/epigenome/dna_methylation/01_regions/AMP_mCHH_bed/CIMBL133.bedgraph.gz.tbi
bash: warning: setlocale: LC_ALL: cannot change locale (C.UTF-8)
GET maize_ZEAMAP/epigenome/dna_methylation/01_regions/AMP_mCHH_bed/CIMBL137.bedgraph.gz
bash: warning: setlocale: LC_ALL: cannot change locale (C.UTF-8)
GET maize_ZEAMAP/epigenome/dna_methylation/01_regions/AMP_mCHH_bed/CIMBL137.bedgraph.gz.tbi
bash: warning: setlocale: LC_ALL: cannot change locale (C.UTF-8)
GET maize_ZEAMAP/epigenome/dna_methylation/01_regions/AMP_mCHH_bed/CIMBL138.bedgraph.gz
bash: warning: setlocale: LC_ALL: cannot change locale (C.UTF-8)
GET maize_ZEAMAP/epigenome/dna_methylation/01_regions/AMP_mCHH_bed/CIMBL138.bedgraph.gz.tbi
bash: warning: setlocale: LC_ALL: cannot change locale (C.UTF-8)
GET maize_ZEAMAP/epigenome/dna_methylation/01_regions/AMP_mCHH_bed/CIMBL14.bedgraph.gz
bash: warning: setlocale: LC_ALL: cannot change locale (C.UTF-8)
GET maize_ZEAMAP/epigenome/dna_methylation/01_regions/AMP_mCHH_bed/CIMBL14.bedgraph.gz.tbi
bash: warning: setlocale: LC_ALL: cannot change locale (C.UTF-8)
GET maize_ZEAMAP/epigenome/dna_methylation/01_regions/AMP_mCHH_bed/CIMBL140.bedgraph.gz
bash: warning: setlocale: LC_ALL: cannot change locale (C.UTF-8)
GET maize_ZEAMAP/epigenome/dna_methylation/01_regions/AMP_mCHH_bed/CIMBL140.bedgraph.gz.tbi
bash: warning: setlocale: LC_ALL: cannot change locale (C.UTF-8)
GET maize_ZEAMAP/epigenome/dna_methylation/01_regions/AMP_mCHH_bed/CIMBL141.bedgraph.gz
bash: warning: setlocale: LC_ALL: cannot change locale (C.UTF-8)
GET maize_ZEAMAP/epigenome/dna_methylation/01_regions/AMP_mCHH_bed/CIMBL141.bedgraph.gz.tbi
bash: warning: setlocale: LC_ALL: cannot change locale (C.UTF-8)
GET maize_ZEAMAP/epigenome/dna_methylation/01_regions/AMP_mCHH_bed/CIMBL145.bedgraph.gz
bash: warning: setlocale: LC_ALL: cannot change locale (C.UTF-8)
GET maize_ZEAMAP/epigenome/dna_methylation/01_regions/AMP_mCHH_bed/CIMBL145.bedgraph.gz.tbi
bash: warning: setlocale: LC_ALL: cannot change locale (C.UTF-8)
GET maize_ZEAMAP/epigenome/dna_methylation/01_regions/AMP_mCHH_bed/CIMBL148.bedgraph.gz
bash: warning: setlocale: LC_ALL: cannot change locale (C.UTF-8)
GET maize_ZEAMAP/epigenome/dna_methylation/01_regions/AMP_mCHH_bed/CIMBL148.bedgraph.gz.tbi
bash: warning: setlocale: LC_ALL: cannot change locale (C.UTF-8)
GET maize_ZEAMAP/epigenome/dna_methylation/01_regions/AMP_mCHH_bed/CIMBL150.bedgraph.gz
bash: warning: setlocale: LC_ALL: cannot change locale (C.UTF-8)
GET maize_ZEAMAP/epigenome/dna_methylation/01_regions/AMP_mCHH_bed/CIMBL150.bedgraph.gz.tbi
bash: warning: setlocale: LC_ALL: cannot change locale (C.UTF-8)
GET maize_ZEAMAP/epigenome/dna_methylation/01_regions/AMP_mCHH_bed/CIMBL151.bedgraph.gz
bash: warning: setlocale: LC_ALL: cannot change locale (C.UTF-8)
GET maize_ZEAMAP/epigenome/dna_methylation/01_regions/AMP_mCHH_bed/CIMBL151.bedgraph.gz.tbi
bash: warning: setlocale: LC_ALL: cannot change locale (C.UTF-8)
GET maize_ZEAMAP/epigenome/dna_methylation/01_regions/AMP_mCHH_bed/CIMBL152.bedgraph.gz
bash: warning: setlocale: LC_ALL: cannot change locale (C.UTF-8)
GET maize_ZEAMAP/epigenome/dna_methylation/01_regions/AMP_mCHH_bed/CIMBL152.bedgraph.gz.tbi
bash: warning: setlocale: LC_ALL: cannot change locale (C.UTF-8)
GET maize_ZEAMAP/epigenome/dna_methylation/01_regions/AMP_mCHH_bed/CIMBL154.bedgraph.gz
bash: warning: setlocale: LC_ALL: cannot change locale (C.UTF-8)
GET maize_ZEAMAP/epigenome/dna_methylation/01_regions/AMP_mCHH_bed/CIMBL154.bedgraph.gz.tbi
bash: warning: setlocale: LC_ALL: cannot change locale (C.UTF-8)
GET maize_ZEAMAP/epigenome/dna_methylation/01_regions/AMP_mCHH_bed/CIMBL155.bedgraph.gz
bash: warning: setlocale: LC_ALL: cannot change locale (C.UTF-8)
bash: warning: setlocale: LC_ALL: cannot change locale (C.UTF-8)
GET maize_ZEAMAP/epigenome/dna_methylation/01_regions/AMP_mCHH_bed/CIMBL155.bedgraph.gz.tbi
GET maize_ZEAMAP/epigenome/dna_methylation/01_regions/AMP_mCHH_bed/CIMBL17.bedgraph.gz
bash: warning: setlocale: LC_ALL: cannot change locale (C.UTF-8)
GET maize_ZEAMAP/epigenome/dna_methylation/01_regions/AMP_mCHH_bed/CIMBL17.bedgraph.gz.tbi
bash: warning: setlocale: LC_ALL: cannot change locale (C.UTF-8)
GET maize_ZEAMAP/epigenome/dna_methylation/01_regions/AMP_mCHH_bed/CIMBL18.bedgraph.gz
bash: warning: setlocale: LC_ALL: cannot change locale (C.UTF-8)
bash: warning: setlocale: LC_ALL: cannot change locale (C.UTF-8)
GET maize_ZEAMAP/epigenome/dna_methylation/01_regions/AMP_mCHH_bed/CIMBL18.bedgraph.gz.tbi
GET maize_ZEAMAP/epigenome/dna_methylation/01_regions/AMP_mCHH_bed/CIMBL2.bedgraph.gz
bash: warning: setlocale: LC_ALL: cannot change locale (C.UTF-8)
GET maize_ZEAMAP/epigenome/dna_methylation/01_regions/AMP_mCHH_bed/CIMBL2.bedgraph.gz.tbi
bash: warning: setlocale: LC_ALL: cannot change locale (C.UTF-8)
GET maize_ZEAMAP/epigenome/dna_methylation/01_regions/AMP_mCHH_bed/CIMBL20.bedgraph.gz
bash: warning: setlocale: LC_ALL: cannot change locale (C.UTF-8)
bash: warning: setlocale: LC_ALL: cannot change locale (C.UTF-8)
GET maize_ZEAMAP/epigenome/dna_methylation/01_regions/AMP_mCHH_bed/CIMBL20.bedgraph.gz.tbi
GET maize_ZEAMAP/epigenome/dna_methylation/01_regions/AMP_mCHH_bed/CIMBL22.bedgraph.gz
bash: warning: setlocale: LC_ALL: cannot change locale (C.UTF-8)
GET maize_ZEAMAP/epigenome/dna_methylation/01_regions/AMP_mCHH_bed/CIMBL22.bedgraph.gz.tbi
bash: warning: setlocale: LC_ALL: cannot change locale (C.UTF-8)
GET maize_ZEAMAP/epigenome/dna_methylation/01_regions/AMP_mCHH_bed/CIMBL23.bedgraph.gz
bash: warning: setlocale: LC_ALL: cannot change locale (C.UTF-8)
GET maize_ZEAMAP/epigenome/dna_methylation/01_regions/AMP_mCHH_bed/CIMBL23.bedgraph.gz.tbi
bash: warning: setlocale: LC_ALL: cannot change locale (C.UTF-8)
GET maize_ZEAMAP/epigenome/dna_methylation/01_regions/AMP_mCHH_bed/CIMBL25.bedgraph.gz
bash: warning: setlocale: LC_ALL: cannot change locale (C.UTF-8)
bash: warning: setlocale: LC_ALL: cannot change locale (C.UTF-8)
GET maize_ZEAMAP/epigenome/dna_methylation/01_regions/AMP_mCHH_bed/CIMBL25.bedgraph.gz.tbi
GET maize_ZEAMAP/epigenome/dna_methylation/01_regions/AMP_mCHH_bed/CIMBL28.bedgraph.gz
bash: warning: setlocale: LC_ALL: cannot change locale (C.UTF-8)
GET maize_ZEAMAP/epigenome/dna_methylation/01_regions/AMP_mCHH_bed/CIMBL28.bedgraph.gz.tbi
bash: warning: setlocale: LC_ALL: cannot change locale (C.UTF-8)
GET maize_ZEAMAP/epigenome/dna_methylation/01_regions/AMP_mCHH_bed/CIMBL29.bedgraph.gz
bash: warning: setlocale: LC_ALL: cannot change locale (C.UTF-8)
bash: warning: setlocale: LC_ALL: cannot change locale (C.UTF-8)
GET maize_ZEAMAP/epigenome/dna_methylation/01_regions/AMP_mCHH_bed/CIMBL29.bedgraph.gz.tbi
GET maize_ZEAMAP/epigenome/dna_methylation/01_regions/AMP_mCHH_bed/CIMBL3.bedgraph.gz
bash: warning: setlocale: LC_ALL: cannot change locale (C.UTF-8)
GET maize_ZEAMAP/epigenome/dna_methylation/01_regions/AMP_mCHH_bed/CIMBL3.bedgraph.gz.tbi
bash: warning: setlocale: LC_ALL: cannot change locale (C.UTF-8)
GET maize_ZEAMAP/epigenome/dna_methylation/01_regions/AMP_mCHH_bed/CIMBL33.bedgraph.gz
bash: warning: setlocale: LC_ALL: cannot change locale (C.UTF-8)
GET maize_ZEAMAP/epigenome/dna_methylation/01_regions/AMP_mCHH_bed/CIMBL33.bedgraph.gz.tbi
bash: warning: setlocale: LC_ALL: cannot change locale (C.UTF-8)
GET maize_ZEAMAP/epigenome/dna_methylation/01_regions/AMP_mCHH_bed/CIMBL37.bedgraph.gz
bash: warning: setlocale: LC_ALL: cannot change locale (C.UTF-8)
GET maize_ZEAMAP/epigenome/dna_methylation/01_regions/AMP_mCHH_bed/CIMBL37.bedgraph.gz.tbi
bash: warning: setlocale: LC_ALL: cannot change locale (C.UTF-8)
bash: warning: setlocale: LC_ALL: cannot change locale (C.UTF-8)
GET maize_ZEAMAP/epigenome/dna_methylation/01_regions/AMP_mCHH_bed/CIMBL39.bedgraph.gz
GET maize_ZEAMAP/epigenome/dna_methylation/01_regions/AMP_mCHH_bed/CIMBL39.bedgraph.gz.tbi
bash: warning: setlocale: LC_ALL: cannot change locale (C.UTF-8)
GET maize_ZEAMAP/epigenome/dna_methylation/01_regions/AMP_mCHH_bed/CIMBL4.bedgraph.gz
bash: warning: setlocale: LC_ALL: cannot change locale (C.UTF-8)
GET maize_ZEAMAP/epigenome/dna_methylation/01_regions/AMP_mCHH_bed/CIMBL4.bedgraph.gz.tbi
bash: warning: setlocale: LC_ALL: cannot change locale (C.UTF-8)
bash: warning: setlocale: LC_ALL: cannot change locale (C.UTF-8)
GET maize_ZEAMAP/epigenome/dna_methylation/01_regions/AMP_mCHH_bed/CIMBL40.bedgraph.gz
GET maize_ZEAMAP/epigenome/dna_methylation/01_regions/AMP_mCHH_bed/CIMBL40.bedgraph.gz.tbi
bash: warning: setlocale: LC_ALL: cannot change locale (C.UTF-8)
GET maize_ZEAMAP/epigenome/dna_methylation/01_regions/AMP_mCHH_bed/CIMBL41.bedgraph.gz
bash: warning: setlocale: LC_ALL: cannot change locale (C.UTF-8)
GET maize_ZEAMAP/epigenome/dna_methylation/01_regions/AMP_mCHH_bed/CIMBL41.bedgraph.gz.tbi
bash: warning: setlocale: LC_ALL: cannot change locale (C.UTF-8)
GET maize_ZEAMAP/epigenome/dna_methylation/01_regions/AMP_mCHH_bed/CIMBL42.bedgraph.gz
bash: warning: setlocale: LC_ALL: cannot change locale (C.UTF-8)
GET maize_ZEAMAP/epigenome/dna_methylation/01_regions/AMP_mCHH_bed/CIMBL42.bedgraph.gz.tbi
bash: warning: setlocale: LC_ALL: cannot change locale (C.UTF-8)
bash: warning: setlocale: LC_ALL: cannot change locale (C.UTF-8)
GET maize_ZEAMAP/epigenome/dna_methylation/01_regions/AMP_mCHH_bed/CIMBL43.bedgraph.gz
GET maize_ZEAMAP/epigenome/dna_methylation/01_regions/AMP_mCHH_bed/CIMBL43.bedgraph.gz.tbi
bash: warning: setlocale: LC_ALL: cannot change locale (C.UTF-8)
GET maize_ZEAMAP/epigenome/dna_methylation/01_regions/AMP_mCHH_bed/CIMBL44.bedgraph.gz
bash: warning: setlocale: LC_ALL: cannot change locale (C.UTF-8)
GET maize_ZEAMAP/epigenome/dna_methylation/01_regions/AMP_mCHH_bed/CIMBL44.bedgraph.gz.tbi
bash: warning: setlocale: LC_ALL: cannot change locale (C.UTF-8)
bash: warning: setlocale: LC_ALL: cannot change locale (C.UTF-8)
GET maize_ZEAMAP/epigenome/dna_methylation/01_regions/AMP_mCHH_bed/CIMBL48.bedgraph.gz
GET maize_ZEAMAP/epigenome/dna_methylation/01_regions/AMP_mCHH_bed/CIMBL48.bedgraph.gz.tbi
bash: warning: setlocale: LC_ALL: cannot change locale (C.UTF-8)
GET maize_ZEAMAP/epigenome/dna_methylation/01_regions/AMP_mCHH_bed/CIMBL49.bedgraph.gz
bash: warning: setlocale: LC_ALL: cannot change locale (C.UTF-8)
GET maize_ZEAMAP/epigenome/dna_methylation/01_regions/AMP_mCHH_bed/CIMBL49.bedgraph.gz.tbi
bash: warning: setlocale: LC_ALL: cannot change locale (C.UTF-8)
GET maize_ZEAMAP/epigenome/dna_methylation/01_regions/AMP_mCHH_bed/CIMBL51.bedgraph.gz
bash: warning: setlocale: LC_ALL: cannot change locale (C.UTF-8)
bash: warning: setlocale: LC_ALL: cannot change locale (C.UTF-8)
GET maize_ZEAMAP/epigenome/dna_methylation/01_regions/AMP_mCHH_bed/CIMBL51.bedgraph.gz.tbi
GET maize_ZEAMAP/epigenome/dna_methylation/01_regions/AMP_mCHH_bed/CIMBL53.bedgraph.gz
bash: warning: setlocale: LC_ALL: cannot change locale (C.UTF-8)
GET maize_ZEAMAP/epigenome/dna_methylation/01_regions/AMP_mCHH_bed/CIMBL53.bedgraph.gz.tbi
bash: warning: setlocale: LC_ALL: cannot change locale (C.UTF-8)
GET maize_ZEAMAP/epigenome/dna_methylation/01_regions/AMP_mCHH_bed/CIMBL56.bedgraph.gz
bash: warning: setlocale: LC_ALL: cannot change locale (C.UTF-8)
GET maize_ZEAMAP/epigenome/dna_methylation/01_regions/AMP_mCHH_bed/CIMBL56.bedgraph.gz.tbi
bash: warning: setlocale: LC_ALL: cannot change locale (C.UTF-8)
GET maize_ZEAMAP/epigenome/dna_methylation/01_regions/AMP_mCHH_bed/CIMBL60.bedgraph.gz
bash: warning: setlocale: LC_ALL: cannot change locale (C.UTF-8)
GET maize_ZEAMAP/epigenome/dna_methylation/01_regions/AMP_mCHH_bed/CIMBL60.bedgraph.gz.tbi
bash: warning: setlocale: LC_ALL: cannot change locale (C.UTF-8)
GET maize_ZEAMAP/epigenome/dna_methylation/01_regions/AMP_mCHH_bed/CIMBL63.bedgraph.gz
bash: warning: setlocale: LC_ALL: cannot change locale (C.UTF-8)
GET maize_ZEAMAP/epigenome/dna_methylation/01_regions/AMP_mCHH_bed/CIMBL63.bedgraph.gz.tbi
bash: warning: setlocale: LC_ALL: cannot change locale (C.UTF-8)
GET maize_ZEAMAP/epigenome/dna_methylation/01_regions/AMP_mCHH_bed/CIMBL66.bedgraph.gz
bash: warning: setlocale: LC_ALL: cannot change locale (C.UTF-8)
GET maize_ZEAMAP/epigenome/dna_methylation/01_regions/AMP_mCHH_bed/CIMBL66.bedgraph.gz.tbi
bash: warning: setlocale: LC_ALL: cannot change locale (C.UTF-8)
GET maize_ZEAMAP/epigenome/dna_methylation/01_regions/AMP_mCHH_bed/CIMBL68.bedgraph.gz
bash: warning: setlocale: LC_ALL: cannot change locale (C.UTF-8)
GET maize_ZEAMAP/epigenome/dna_methylation/01_regions/AMP_mCHH_bed/CIMBL68.bedgraph.gz.tbi
bash: warning: setlocale: LC_ALL: cannot change locale (C.UTF-8)
GET maize_ZEAMAP/epigenome/dna_methylation/01_regions/AMP_mCHH_bed/CIMBL69.bedgraph.gz
bash: warning: setlocale: LC_ALL: cannot change locale (C.UTF-8)
GET maize_ZEAMAP/epigenome/dna_methylation/01_regions/AMP_mCHH_bed/CIMBL69.bedgraph.gz.tbi
bash: warning: setlocale: LC_ALL: cannot change locale (C.UTF-8)
bash: warning: setlocale: LC_ALL: cannot change locale (C.UTF-8)
bash: warning: setlocale: LC_ALL: cannot change locale (C.UTF-8)
GET maize_ZEAMAP/epigenome/dna_methylation/01_regions/AMP_mCHH_bed/CIMBL7.bedgraph.gz
GET maize_ZEAMAP/epigenome/dna_methylation/01_regions/AMP_mCHH_bed/CIMBL7.bedgraph.gz.tbi
GET maize_ZEAMAP/epigenome/dna_methylation/01_regions/AMP_mCHH_bed/CIMBL70.bedgraph.gz
bash: warning: setlocale: LC_ALL: cannot change locale (C.UTF-8)
GET maize_ZEAMAP/epigenome/dna_methylation/01_regions/AMP_mCHH_bed/CIMBL70.bedgraph.gz.tbi
bash: warning: setlocale: LC_ALL: cannot change locale (C.UTF-8)
bash: warning: setlocale: LC_ALL: cannot change locale (C.UTF-8)
GET maize_ZEAMAP/epigenome/dna_methylation/01_regions/AMP_mCHH_bed/CIMBL71.bedgraph.gz
GET maize_ZEAMAP/epigenome/dna_methylation/01_regions/AMP_mCHH_bed/CIMBL71.bedgraph.gz.tbi
bash: warning: setlocale: LC_ALL: cannot change locale (C.UTF-8)
GET maize_ZEAMAP/epigenome/dna_methylation/01_regions/AMP_mCHH_bed/CIMBL72.bedgraph.gz
bash: warning: setlocale: LC_ALL: cannot change locale (C.UTF-8)
GET maize_ZEAMAP/epigenome/dna_methylation/01_regions/AMP_mCHH_bed/CIMBL72.bedgraph.gz.tbi
bash: warning: setlocale: LC_ALL: cannot change locale (C.UTF-8)
GET maize_ZEAMAP/epigenome/dna_methylation/01_regions/AMP_mCHH_bed/CIMBL74.bedgraph.gz
bash: warning: setlocale: LC_ALL: cannot change locale (C.UTF-8)
GET maize_ZEAMAP/epigenome/dna_methylation/01_regions/AMP_mCHH_bed/CIMBL74.bedgraph.gz.tbi
bash: warning: setlocale: LC_ALL: cannot change locale (C.UTF-8)
GET maize_ZEAMAP/epigenome/dna_methylation/01_regions/AMP_mCHH_bed/CIMBL75.bedgraph.gz
bash: warning: setlocale: LC_ALL: cannot change locale (C.UTF-8)
GET maize_ZEAMAP/epigenome/dna_methylation/01_regions/AMP_mCHH_bed/CIMBL75.bedgraph.gz.tbi
bash: warning: setlocale: LC_ALL: cannot change locale (C.UTF-8)
GET maize_ZEAMAP/epigenome/dna_methylation/01_regions/AMP_mCHH_bed/CIMBL76.bedgraph.gz
bash: warning: setlocale: LC_ALL: cannot change locale (C.UTF-8)
GET maize_ZEAMAP/epigenome/dna_methylation/01_regions/AMP_mCHH_bed/CIMBL76.bedgraph.gz.tbi
bash: warning: setlocale: LC_ALL: cannot change locale (C.UTF-8)
bash: warning: setlocale: LC_ALL: cannot change locale (C.UTF-8)
GET maize_ZEAMAP/epigenome/dna_methylation/01_regions/AMP_mCHH_bed/CIMBL77.bedgraph.gz
GET maize_ZEAMAP/epigenome/dna_methylation/01_regions/AMP_mCHH_bed/CIMBL77.bedgraph.gz.tbi
bash: warning: setlocale: LC_ALL: cannot change locale (C.UTF-8)
GET maize_ZEAMAP/epigenome/dna_methylation/01_regions/AMP_mCHH_bed/CIMBL8.bedgraph.gz
bash: warning: setlocale: LC_ALL: cannot change locale (C.UTF-8)
GET maize_ZEAMAP/epigenome/dna_methylation/01_regions/AMP_mCHH_bed/CIMBL8.bedgraph.gz.tbi
bash: warning: setlocale: LC_ALL: cannot change locale (C.UTF-8)
GET maize_ZEAMAP/epigenome/dna_methylation/01_regions/AMP_mCHH_bed/CIMBL82.bedgraph.gz
bash: warning: setlocale: LC_ALL: cannot change locale (C.UTF-8)
GET maize_ZEAMAP/epigenome/dna_methylation/01_regions/AMP_mCHH_bed/CIMBL82.bedgraph.gz.tbi
bash: warning: setlocale: LC_ALL: cannot change locale (C.UTF-8)
GET maize_ZEAMAP/epigenome/dna_methylation/01_regions/AMP_mCHH_bed/CIMBL83.bedgraph.gz
bash: warning: setlocale: LC_ALL: cannot change locale (C.UTF-8)
GET maize_ZEAMAP/epigenome/dna_methylation/01_regions/AMP_mCHH_bed/CIMBL83.bedgraph.gz.tbi
bash: warning: setlocale: LC_ALL: cannot change locale (C.UTF-8)
GET maize_ZEAMAP/epigenome/dna_methylation/01_regions/AMP_mCHH_bed/CIMBL86.bedgraph.gz
bash: warning: setlocale: LC_ALL: cannot change locale (C.UTF-8)
GET maize_ZEAMAP/epigenome/dna_methylation/01_regions/AMP_mCHH_bed/CIMBL86.bedgraph.gz.tbi
bash: warning: setlocale: LC_ALL: cannot change locale (C.UTF-8)
GET maize_ZEAMAP/epigenome/dna_methylation/01_regions/AMP_mCHH_bed/CIMBL88.bedgraph.gz
bash: warning: setlocale: LC_ALL: cannot change locale (C.UTF-8)
GET maize_ZEAMAP/epigenome/dna_methylation/01_regions/AMP_mCHH_bed/CIMBL88.bedgraph.gz.tbi
bash: warning: setlocale: LC_ALL: cannot change locale (C.UTF-8)
GET maize_ZEAMAP/epigenome/dna_methylation/01_regions/AMP_mCHH_bed/CIMBL9.bedgraph.gz
bash: warning: setlocale: LC_ALL: cannot change locale (C.UTF-8)
GET maize_ZEAMAP/epigenome/dna_methylation/01_regions/AMP_mCHH_bed/CIMBL9.bedgraph.gz.tbi
bash: warning: setlocale: LC_ALL: cannot change locale (C.UTF-8)
GET maize_ZEAMAP/epigenome/dna_methylation/01_regions/AMP_mCHH_bed/CIMBL91.bedgraph.gz
bash: warning: setlocale: LC_ALL: cannot change locale (C.UTF-8)
GET maize_ZEAMAP/epigenome/dna_methylation/01_regions/AMP_mCHH_bed/CIMBL91.bedgraph.gz.tbi
bash: warning: setlocale: LC_ALL: cannot change locale (C.UTF-8)
GET maize_ZEAMAP/epigenome/dna_methylation/01_regions/AMP_mCHH_bed/CIMBL92.bedgraph.gz
bash: warning: setlocale: LC_ALL: cannot change locale (C.UTF-8)
GET maize_ZEAMAP/epigenome/dna_methylation/01_regions/AMP_mCHH_bed/CIMBL92.bedgraph.gz.tbi
bash: warning: setlocale: LC_ALL: cannot change locale (C.UTF-8)
GET maize_ZEAMAP/epigenome/dna_methylation/01_regions/AMP_mCHH_bed/CIMBL94.bedgraph.gz
bash: warning: setlocale: LC_ALL: cannot change locale (C.UTF-8)
GET maize_ZEAMAP/epigenome/dna_methylation/01_regions/AMP_mCHH_bed/CIMBL94.bedgraph.gz.tbi
bash: warning: setlocale: LC_ALL: cannot change locale (C.UTF-8)
GET maize_ZEAMAP/epigenome/dna_methylation/01_regions/AMP_mCHH_bed/CIMBL95.bedgraph.gz
bash: warning: setlocale: LC_ALL: cannot change locale (C.UTF-8)
GET maize_ZEAMAP/epigenome/dna_methylation/01_regions/AMP_mCHH_bed/CIMBL95.bedgraph.gz.tbi
bash: warning: setlocale: LC_ALL: cannot change locale (C.UTF-8)
GET maize_ZEAMAP/epigenome/dna_methylation/01_regions/AMP_mCHH_bed/CIMBL96.bedgraph.gz
bash: warning: setlocale: LC_ALL: cannot change locale (C.UTF-8)
GET maize_ZEAMAP/epigenome/dna_methylation/01_regions/AMP_mCHH_bed/CIMBL96.bedgraph.gz.tbi
bash: warning: setlocale: LC_ALL: cannot change locale (C.UTF-8)
GET maize_ZEAMAP/epigenome/dna_methylation/01_regions/AMP_mCHH_bed/CIMBL99.bedgraph.gz
bash: warning: setlocale: LC_ALL: cannot change locale (C.UTF-8)
bash: warning: setlocale: LC_ALL: cannot change locale (C.UTF-8)
GET maize_ZEAMAP/epigenome/dna_methylation/01_regions/AMP_mCHH_bed/CIMBL99.bedgraph.gz.tbi
GET maize_ZEAMAP/epigenome/dna_methylation/01_regions/AMP_mCHH_bed/CML114.bedgraph.gz
bash: warning: setlocale: LC_ALL: cannot change locale (C.UTF-8)
GET maize_ZEAMAP/epigenome/dna_methylation/01_regions/AMP_mCHH_bed/CML114.bedgraph.gz.tbi
bash: warning: setlocale: LC_ALL: cannot change locale (C.UTF-8)
GET maize_ZEAMAP/epigenome/dna_methylation/01_regions/AMP_mCHH_bed/CML121.bedgraph.gz
bash: warning: setlocale: LC_ALL: cannot change locale (C.UTF-8)
bash: warning: setlocale: LC_ALL: cannot change locale (C.UTF-8)
GET maize_ZEAMAP/epigenome/dna_methylation/01_regions/AMP_mCHH_bed/CML121.bedgraph.gz.tbi
GET maize_ZEAMAP/epigenome/dna_methylation/01_regions/AMP_mCHH_bed/CML122.bedgraph.gz
bash: warning: setlocale: LC_ALL: cannot change locale (C.UTF-8)
GET maize_ZEAMAP/epigenome/dna_methylation/01_regions/AMP_mCHH_bed/CML122.bedgraph.gz.tbi
bash: warning: setlocale: LC_ALL: cannot change locale (C.UTF-8)
bash: warning: setlocale: LC_ALL: cannot change locale (C.UTF-8)
GET maize_ZEAMAP/epigenome/dna_methylation/01_regions/AMP_mCHH_bed/CML130.bedgraph.gz
GET maize_ZEAMAP/epigenome/dna_methylation/01_regions/AMP_mCHH_bed/CML130.bedgraph.gz.tbi
bash: warning: setlocale: LC_ALL: cannot change locale (C.UTF-8)
GET maize_ZEAMAP/epigenome/dna_methylation/01_regions/AMP_mCHH_bed/CML134.bedgraph.gz
bash: warning: setlocale: LC_ALL: cannot change locale (C.UTF-8)
GET maize_ZEAMAP/epigenome/dna_methylation/01_regions/AMP_mCHH_bed/CML134.bedgraph.gz.tbi
bash: warning: setlocale: LC_ALL: cannot change locale (C.UTF-8)
GET maize_ZEAMAP/epigenome/dna_methylation/01_regions/AMP_mCHH_bed/CML139.bedgraph.gz
bash: warning: setlocale: LC_ALL: cannot change locale (C.UTF-8)
bash: warning: setlocale: LC_ALL: cannot change locale (C.UTF-8)
GET maize_ZEAMAP/epigenome/dna_methylation/01_regions/AMP_mCHH_bed/CML139.bedgraph.gz.tbi
GET maize_ZEAMAP/epigenome/dna_methylation/01_regions/AMP_mCHH_bed/CML162.bedgraph.gz
bash: warning: setlocale: LC_ALL: cannot change locale (C.UTF-8)
GET maize_ZEAMAP/epigenome/dna_methylation/01_regions/AMP_mCHH_bed/CML162.bedgraph.gz.tbi
bash: warning: setlocale: LC_ALL: cannot change locale (C.UTF-8)
bash: warning: setlocale: LC_ALL: cannot change locale (C.UTF-8)
bash: warning: setlocale: LC_ALL: cannot change locale (C.UTF-8)
GET maize_ZEAMAP/epigenome/dna_methylation/01_regions/AMP_mCHH_bed/CML163.bedgraph.gz
GET maize_ZEAMAP/epigenome/dna_methylation/01_regions/AMP_mCHH_bed/CML163.bedgraph.gz.tbi
GET maize_ZEAMAP/epigenome/dna_methylation/01_regions/AMP_mCHH_bed/CML166.bedgraph.gz
bash: warning: setlocale: LC_ALL: cannot change locale (C.UTF-8)
GET maize_ZEAMAP/epigenome/dna_methylation/01_regions/AMP_mCHH_bed/CML166.bedgraph.gz.tbi
bash: warning: setlocale: LC_ALL: cannot change locale (C.UTF-8)
GET maize_ZEAMAP/epigenome/dna_methylation/01_regions/AMP_mCHH_bed/CML168.bedgraph.gz
bash: warning: setlocale: LC_ALL: cannot change locale (C.UTF-8)
GET maize_ZEAMAP/epigenome/dna_methylation/01_regions/AMP_mCHH_bed/CML168.bedgraph.gz.tbi
bash: warning: setlocale: LC_ALL: cannot change locale (C.UTF-8)
bash: warning: setlocale: LC_ALL: cannot change locale (C.UTF-8)
GET maize_ZEAMAP/epigenome/dna_methylation/01_regions/AMP_mCHH_bed/CML170.bedgraph.gz
GET maize_ZEAMAP/epigenome/dna_methylation/01_regions/AMP_mCHH_bed/CML170.bedgraph.gz.tbi
bash: warning: setlocale: LC_ALL: cannot change locale (C.UTF-8)
GET maize_ZEAMAP/epigenome/dna_methylation/01_regions/AMP_mCHH_bed/CML171.bedgraph.gz
bash: warning: setlocale: LC_ALL: cannot change locale (C.UTF-8)
GET maize_ZEAMAP/epigenome/dna_methylation/01_regions/AMP_mCHH_bed/CML171.bedgraph.gz.tbi
bash: warning: setlocale: LC_ALL: cannot change locale (C.UTF-8)
GET maize_ZEAMAP/epigenome/dna_methylation/01_regions/AMP_mCHH_bed/CML172.bedgraph.gz
bash: warning: setlocale: LC_ALL: cannot change locale (C.UTF-8)
GET maize_ZEAMAP/epigenome/dna_methylation/01_regions/AMP_mCHH_bed/CML172.bedgraph.gz.tbi
bash: warning: setlocale: LC_ALL: cannot change locale (C.UTF-8)
GET maize_ZEAMAP/epigenome/dna_methylation/01_regions/AMP_mCHH_bed/CML189.bedgraph.gz
bash: warning: setlocale: LC_ALL: cannot change locale (C.UTF-8)
GET maize_ZEAMAP/epigenome/dna_methylation/01_regions/AMP_mCHH_bed/CML189.bedgraph.gz.tbi
bash: warning: setlocale: LC_ALL: cannot change locale (C.UTF-8)
GET maize_ZEAMAP/epigenome/dna_methylation/01_regions/AMP_mCHH_bed/CML192.bedgraph.gz
bash: warning: setlocale: LC_ALL: cannot change locale (C.UTF-8)
GET maize_ZEAMAP/epigenome/dna_methylation/01_regions/AMP_mCHH_bed/CML192.bedgraph.gz.tbi
bash: warning: setlocale: LC_ALL: cannot change locale (C.UTF-8)
GET maize_ZEAMAP/epigenome/dna_methylation/01_regions/AMP_mCHH_bed/CML223.bedgraph.gz
bash: warning: setlocale: LC_ALL: cannot change locale (C.UTF-8)
GET maize_ZEAMAP/epigenome/dna_methylation/01_regions/AMP_mCHH_bed/CML223.bedgraph.gz.tbi
bash: warning: setlocale: LC_ALL: cannot change locale (C.UTF-8)
GET maize_ZEAMAP/epigenome/dna_methylation/01_regions/AMP_mCHH_bed/CML226.bedgraph.gz
bash: warning: setlocale: LC_ALL: cannot change locale (C.UTF-8)
GET maize_ZEAMAP/epigenome/dna_methylation/01_regions/AMP_mCHH_bed/CML226.bedgraph.gz.tbi
bash: warning: setlocale: LC_ALL: cannot change locale (C.UTF-8)
GET maize_ZEAMAP/epigenome/dna_methylation/01_regions/AMP_mCHH_bed/CML26.bedgraph.gz
bash: warning: setlocale: LC_ALL: cannot change locale (C.UTF-8)
GET maize_ZEAMAP/epigenome/dna_methylation/01_regions/AMP_mCHH_bed/CML26.bedgraph.gz.tbi
bash: warning: setlocale: LC_ALL: cannot change locale (C.UTF-8)
GET maize_ZEAMAP/epigenome/dna_methylation/01_regions/AMP_mCHH_bed/CML27.bedgraph.gz
bash: warning: setlocale: LC_ALL: cannot change locale (C.UTF-8)
GET maize_ZEAMAP/epigenome/dna_methylation/01_regions/AMP_mCHH_bed/CML27.bedgraph.gz.tbi
bash: warning: setlocale: LC_ALL: cannot change locale (C.UTF-8)
GET maize_ZEAMAP/epigenome/dna_methylation/01_regions/AMP_mCHH_bed/CML28.bedgraph.gz
bash: warning: setlocale: LC_ALL: cannot change locale (C.UTF-8)
GET maize_ZEAMAP/epigenome/dna_methylation/01_regions/AMP_mCHH_bed/CML28.bedgraph.gz.tbi
bash: warning: setlocale: LC_ALL: cannot change locale (C.UTF-8)
GET maize_ZEAMAP/epigenome/dna_methylation/01_regions/AMP_mCHH_bed/CML285.bedgraph.gz
bash: warning: setlocale: LC_ALL: cannot change locale (C.UTF-8)
GET maize_ZEAMAP/epigenome/dna_methylation/01_regions/AMP_mCHH_bed/CML285.bedgraph.gz.tbi
bash: warning: setlocale: LC_ALL: cannot change locale (C.UTF-8)
GET maize_ZEAMAP/epigenome/dna_methylation/01_regions/AMP_mCHH_bed/CML286.bedgraph.gz
bash: warning: setlocale: LC_ALL: cannot change locale (C.UTF-8)
GET maize_ZEAMAP/epigenome/dna_methylation/01_regions/AMP_mCHH_bed/CML286.bedgraph.gz.tbi
bash: warning: setlocale: LC_ALL: cannot change locale (C.UTF-8)
GET maize_ZEAMAP/epigenome/dna_methylation/01_regions/AMP_mCHH_bed/CML287.bedgraph.gz
bash: warning: setlocale: LC_ALL: cannot change locale (C.UTF-8)
GET maize_ZEAMAP/epigenome/dna_methylation/01_regions/AMP_mCHH_bed/CML287.bedgraph.gz.tbi
bash: warning: setlocale: LC_ALL: cannot change locale (C.UTF-8)
bash: warning: setlocale: LC_ALL: cannot change locale (C.UTF-8)
GET maize_ZEAMAP/epigenome/dna_methylation/01_regions/AMP_mCHH_bed/CML29.bedgraph.gz
GET maize_ZEAMAP/epigenome/dna_methylation/01_regions/AMP_mCHH_bed/CML29.bedgraph.gz.tbi
bash: warning: setlocale: LC_ALL: cannot change locale (C.UTF-8)
GET maize_ZEAMAP/epigenome/dna_methylation/01_regions/AMP_mCHH_bed/CML307.bedgraph.gz
bash: warning: setlocale: LC_ALL: cannot change locale (C.UTF-8)
GET maize_ZEAMAP/epigenome/dna_methylation/01_regions/AMP_mCHH_bed/CML307.bedgraph.gz.tbi
bash: warning: setlocale: LC_ALL: cannot change locale (C.UTF-8)
bash: warning: setlocale: LC_ALL: cannot change locale (C.UTF-8)
GET maize_ZEAMAP/epigenome/dna_methylation/01_regions/AMP_mCHH_bed/CML32.bedgraph.gz
GET maize_ZEAMAP/epigenome/dna_methylation/01_regions/AMP_mCHH_bed/CML32.bedgraph.gz.tbi
bash: warning: setlocale: LC_ALL: cannot change locale (C.UTF-8)
bash: warning: setlocale: LC_ALL: cannot change locale (C.UTF-8)
GET maize_ZEAMAP/epigenome/dna_methylation/01_regions/AMP_mCHH_bed/CML323.bedgraph.gz
GET maize_ZEAMAP/epigenome/dna_methylation/01_regions/AMP_mCHH_bed/CML323.bedgraph.gz.tbi
bash: warning: setlocale: LC_ALL: cannot change locale (C.UTF-8)
GET maize_ZEAMAP/epigenome/dna_methylation/01_regions/AMP_mCHH_bed/CML324.bedgraph.gz
bash: warning: setlocale: LC_ALL: cannot change locale (C.UTF-8)
GET maize_ZEAMAP/epigenome/dna_methylation/01_regions/AMP_mCHH_bed/CML324.bedgraph.gz.tbi
bash: warning: setlocale: LC_ALL: cannot change locale (C.UTF-8)
GET maize_ZEAMAP/epigenome/dna_methylation/01_regions/AMP_mCHH_bed/CML325.bedgraph.gz
bash: warning: setlocale: LC_ALL: cannot change locale (C.UTF-8)
GET maize_ZEAMAP/epigenome/dna_methylation/01_regions/AMP_mCHH_bed/CML325.bedgraph.gz.tbi
bash: warning: setlocale: LC_ALL: cannot change locale (C.UTF-8)
GET maize_ZEAMAP/epigenome/dna_methylation/01_regions/AMP_mCHH_bed/CML327.bedgraph.gz
bash: warning: setlocale: LC_ALL: cannot change locale (C.UTF-8)
bash: warning: setlocale: LC_ALL: cannot change locale (C.UTF-8)
GET maize_ZEAMAP/epigenome/dna_methylation/01_regions/AMP_mCHH_bed/CML327.bedgraph.gz.tbi
GET maize_ZEAMAP/epigenome/dna_methylation/01_regions/AMP_mCHH_bed/CML360.bedgraph.gz
bash: warning: setlocale: LC_ALL: cannot change locale (C.UTF-8)
GET maize_ZEAMAP/epigenome/dna_methylation/01_regions/AMP_mCHH_bed/CML360.bedgraph.gz.tbi
bash: warning: setlocale: LC_ALL: cannot change locale (C.UTF-8)
GET maize_ZEAMAP/epigenome/dna_methylation/01_regions/AMP_mCHH_bed/CML361.bedgraph.gz
bash: warning: setlocale: LC_ALL: cannot change locale (C.UTF-8)
GET maize_ZEAMAP/epigenome/dna_methylation/01_regions/AMP_mCHH_bed/CML361.bedgraph.gz.tbi
bash: warning: setlocale: LC_ALL: cannot change locale (C.UTF-8)
GET maize_ZEAMAP/epigenome/dna_methylation/01_regions/AMP_mCHH_bed/CML40.bedgraph.gz
bash: warning: setlocale: LC_ALL: cannot change locale (C.UTF-8)
GET maize_ZEAMAP/epigenome/dna_methylation/01_regions/AMP_mCHH_bed/CML40.bedgraph.gz.tbi
bash: warning: setlocale: LC_ALL: cannot change locale (C.UTF-8)
bash: warning: setlocale: LC_ALL: cannot change locale (C.UTF-8)
GET maize_ZEAMAP/epigenome/dna_methylation/01_regions/AMP_mCHH_bed/CML411.bedgraph.gz
GET maize_ZEAMAP/epigenome/dna_methylation/01_regions/AMP_mCHH_bed/CML411.bedgraph.gz.tbi
bash: warning: setlocale: LC_ALL: cannot change locale (C.UTF-8)
GET maize_ZEAMAP/epigenome/dna_methylation/01_regions/AMP_mCHH_bed/CML423.bedgraph.gz
bash: warning: setlocale: LC_ALL: cannot change locale (C.UTF-8)
bash: warning: setlocale: LC_ALL: cannot change locale (C.UTF-8)
GET maize_ZEAMAP/epigenome/dna_methylation/01_regions/AMP_mCHH_bed/CML423.bedgraph.gz.tbi
GET maize_ZEAMAP/epigenome/dna_methylation/01_regions/AMP_mCHH_bed/CML426.bedgraph.gz
bash: warning: setlocale: LC_ALL: cannot change locale (C.UTF-8)
GET maize_ZEAMAP/epigenome/dna_methylation/01_regions/AMP_mCHH_bed/CML426.bedgraph.gz.tbi
bash: warning: setlocale: LC_ALL: cannot change locale (C.UTF-8)
GET maize_ZEAMAP/epigenome/dna_methylation/01_regions/AMP_mCHH_bed/CML428.bedgraph.gz
bash: warning: setlocale: LC_ALL: cannot change locale (C.UTF-8)
GET maize_ZEAMAP/epigenome/dna_methylation/01_regions/AMP_mCHH_bed/CML428.bedgraph.gz.tbi
bash: warning: setlocale: LC_ALL: cannot change locale (C.UTF-8)
GET maize_ZEAMAP/epigenome/dna_methylation/01_regions/AMP_mCHH_bed/CML430.bedgraph.gz
bash: warning: setlocale: LC_ALL: cannot change locale (C.UTF-8)
GET maize_ZEAMAP/epigenome/dna_methylation/01_regions/AMP_mCHH_bed/CML430.bedgraph.gz.tbi
bash: warning: setlocale: LC_ALL: cannot change locale (C.UTF-8)
GET maize_ZEAMAP/epigenome/dna_methylation/01_regions/AMP_mCHH_bed/CML431.bedgraph.gz
bash: warning: setlocale: LC_ALL: cannot change locale (C.UTF-8)
GET maize_ZEAMAP/epigenome/dna_methylation/01_regions/AMP_mCHH_bed/CML431.bedgraph.gz.tbi
bash: warning: setlocale: LC_ALL: cannot change locale (C.UTF-8)
GET maize_ZEAMAP/epigenome/dna_methylation/01_regions/AMP_mCHH_bed/CML432.bedgraph.gz
bash: warning: setlocale: LC_ALL: cannot change locale (C.UTF-8)
GET maize_ZEAMAP/epigenome/dna_methylation/01_regions/AMP_mCHH_bed/CML432.bedgraph.gz.tbi
bash: warning: setlocale: LC_ALL: cannot change locale (C.UTF-8)
GET maize_ZEAMAP/epigenome/dna_methylation/01_regions/AMP_mCHH_bed/CML451.bedgraph.gz
bash: warning: setlocale: LC_ALL: cannot change locale (C.UTF-8)
GET maize_ZEAMAP/epigenome/dna_methylation/01_regions/AMP_mCHH_bed/CML451.bedgraph.gz.tbi
bash: warning: setlocale: LC_ALL: cannot change locale (C.UTF-8)
GET maize_ZEAMAP/epigenome/dna_methylation/01_regions/AMP_mCHH_bed/CML470.bedgraph.gz
bash: warning: setlocale: LC_ALL: cannot change locale (C.UTF-8)
GET maize_ZEAMAP/epigenome/dna_methylation/01_regions/AMP_mCHH_bed/CML470.bedgraph.gz.tbi
bash: warning: setlocale: LC_ALL: cannot change locale (C.UTF-8)
GET maize_ZEAMAP/epigenome/dna_methylation/01_regions/AMP_mCHH_bed/CML471.bedgraph.gz
bash: warning: setlocale: LC_ALL: cannot change locale (C.UTF-8)
GET maize_ZEAMAP/epigenome/dna_methylation/01_regions/AMP_mCHH_bed/CML471.bedgraph.gz.tbi
bash: warning: setlocale: LC_ALL: cannot change locale (C.UTF-8)
GET maize_ZEAMAP/epigenome/dna_methylation/01_regions/AMP_mCHH_bed/CML493.bedgraph.gz
bash: warning: setlocale: LC_ALL: cannot change locale (C.UTF-8)
GET maize_ZEAMAP/epigenome/dna_methylation/01_regions/AMP_mCHH_bed/CML493.bedgraph.gz.tbi
bash: warning: setlocale: LC_ALL: cannot change locale (C.UTF-8)
GET maize_ZEAMAP/epigenome/dna_methylation/01_regions/AMP_mCHH_bed/CML69.bedgraph.gz
bash: warning: setlocale: LC_ALL: cannot change locale (C.UTF-8)
GET maize_ZEAMAP/epigenome/dna_methylation/01_regions/AMP_mCHH_bed/CML69.bedgraph.gz.tbi
bash: warning: setlocale: LC_ALL: cannot change locale (C.UTF-8)
GET maize_ZEAMAP/epigenome/dna_methylation/01_regions/AMP_mCHH_bed/DAN3130.bedgraph.gz
bash: warning: setlocale: LC_ALL: cannot change locale (C.UTF-8)
GET maize_ZEAMAP/epigenome/dna_methylation/01_regions/AMP_mCHH_bed/DAN3130.bedgraph.gz.tbi
bash: warning: setlocale: LC_ALL: cannot change locale (C.UTF-8)
GET maize_ZEAMAP/epigenome/dna_methylation/01_regions/AMP_mCHH_bed/DAN340.bedgraph.gz
bash: warning: setlocale: LC_ALL: cannot change locale (C.UTF-8)
GET maize_ZEAMAP/epigenome/dna_methylation/01_regions/AMP_mCHH_bed/DAN340.bedgraph.gz.tbi
bash: warning: setlocale: LC_ALL: cannot change locale (C.UTF-8)
GET maize_ZEAMAP/epigenome/dna_methylation/01_regions/AMP_mCHH_bed/DAN360.bedgraph.gz
bash: warning: setlocale: LC_ALL: cannot change locale (C.UTF-8)
GET maize_ZEAMAP/epigenome/dna_methylation/01_regions/AMP_mCHH_bed/DAN360.bedgraph.gz.tbi
bash: warning: setlocale: LC_ALL: cannot change locale (C.UTF-8)
GET maize_ZEAMAP/epigenome/dna_methylation/01_regions/AMP_mCHH_bed/DAN598.bedgraph.gz
bash: warning: setlocale: LC_ALL: cannot change locale (C.UTF-8)
GET maize_ZEAMAP/epigenome/dna_methylation/01_regions/AMP_mCHH_bed/DAN598.bedgraph.gz.tbi
bash: warning: setlocale: LC_ALL: cannot change locale (C.UTF-8)
bash: warning: setlocale: LC_ALL: cannot change locale (C.UTF-8)
GET maize_ZEAMAP/epigenome/dna_methylation/01_regions/AMP_mCHH_bed/DAN599.bedgraph.gz
GET maize_ZEAMAP/epigenome/dna_methylation/01_regions/AMP_mCHH_bed/DAN599.bedgraph.gz.tbi
bash: warning: setlocale: LC_ALL: cannot change locale (C.UTF-8)
GET maize_ZEAMAP/epigenome/dna_methylation/01_regions/AMP_mCHH_bed/DE.EX.bedgraph.gz
bash: warning: setlocale: LC_ALL: cannot change locale (C.UTF-8)
GET maize_ZEAMAP/epigenome/dna_methylation/01_regions/AMP_mCHH_bed/DE.EX.bedgraph.gz.tbi
bash: warning: setlocale: LC_ALL: cannot change locale (C.UTF-8)
GET maize_ZEAMAP/epigenome/dna_methylation/01_regions/AMP_mCHH_bed/GEMS10.bedgraph.gz
bash: warning: setlocale: LC_ALL: cannot change locale (C.UTF-8)
GET maize_ZEAMAP/epigenome/dna_methylation/01_regions/AMP_mCHH_bed/GEMS10.bedgraph.gz.tbi
bash: warning: setlocale: LC_ALL: cannot change locale (C.UTF-8)
bash: warning: setlocale: LC_ALL: cannot change locale (C.UTF-8)
GET maize_ZEAMAP/epigenome/dna_methylation/01_regions/AMP_mCHH_bed/GEMS11.bedgraph.gz
GET maize_ZEAMAP/epigenome/dna_methylation/01_regions/AMP_mCHH_bed/GEMS11.bedgraph.gz.tbi
bash: warning: setlocale: LC_ALL: cannot change locale (C.UTF-8)
GET maize_ZEAMAP/epigenome/dna_methylation/01_regions/AMP_mCHH_bed/GEMS13.bedgraph.gz
bash: warning: setlocale: LC_ALL: cannot change locale (C.UTF-8)
GET maize_ZEAMAP/epigenome/dna_methylation/01_regions/AMP_mCHH_bed/GEMS13.bedgraph.gz.tbi
bash: warning: setlocale: LC_ALL: cannot change locale (C.UTF-8)
GET maize_ZEAMAP/epigenome/dna_methylation/01_regions/AMP_mCHH_bed/GEMS14.bedgraph.gz
bash: warning: setlocale: LC_ALL: cannot change locale (C.UTF-8)
GET maize_ZEAMAP/epigenome/dna_methylation/01_regions/AMP_mCHH_bed/GEMS14.bedgraph.gz.tbi
bash: warning: setlocale: LC_ALL: cannot change locale (C.UTF-8)
bash: warning: setlocale: LC_ALL: cannot change locale (C.UTF-8)
GET maize_ZEAMAP/epigenome/dna_methylation/01_regions/AMP_mCHH_bed/GEMS18.bedgraph.gz
GET maize_ZEAMAP/epigenome/dna_methylation/01_regions/AMP_mCHH_bed/GEMS18.bedgraph.gz.tbi
bash: warning: setlocale: LC_ALL: cannot change locale (C.UTF-8)
GET maize_ZEAMAP/epigenome/dna_methylation/01_regions/AMP_mCHH_bed/GEMS19.bedgraph.gz
bash: warning: setlocale: LC_ALL: cannot change locale (C.UTF-8)
GET maize_ZEAMAP/epigenome/dna_methylation/01_regions/AMP_mCHH_bed/GEMS19.bedgraph.gz.tbi
bash: warning: setlocale: LC_ALL: cannot change locale (C.UTF-8)
GET maize_ZEAMAP/epigenome/dna_methylation/01_regions/AMP_mCHH_bed/GEMS21.bedgraph.gz
bash: warning: setlocale: LC_ALL: cannot change locale (C.UTF-8)
GET maize_ZEAMAP/epigenome/dna_methylation/01_regions/AMP_mCHH_bed/GEMS21.bedgraph.gz.tbi
bash: warning: setlocale: LC_ALL: cannot change locale (C.UTF-8)
GET maize_ZEAMAP/epigenome/dna_methylation/01_regions/AMP_mCHH_bed/GEMS24.bedgraph.gz
bash: warning: setlocale: LC_ALL: cannot change locale (C.UTF-8)
GET maize_ZEAMAP/epigenome/dna_methylation/01_regions/AMP_mCHH_bed/GEMS24.bedgraph.gz.tbi
bash: warning: setlocale: LC_ALL: cannot change locale (C.UTF-8)
GET maize_ZEAMAP/epigenome/dna_methylation/01_regions/AMP_mCHH_bed/GEMS28.bedgraph.gz
bash: warning: setlocale: LC_ALL: cannot change locale (C.UTF-8)
GET maize_ZEAMAP/epigenome/dna_methylation/01_regions/AMP_mCHH_bed/GEMS28.bedgraph.gz.tbi
bash: warning: setlocale: LC_ALL: cannot change locale (C.UTF-8)
GET maize_ZEAMAP/epigenome/dna_methylation/01_regions/AMP_mCHH_bed/GEMS29.bedgraph.gz
bash: warning: setlocale: LC_ALL: cannot change locale (C.UTF-8)
GET maize_ZEAMAP/epigenome/dna_methylation/01_regions/AMP_mCHH_bed/GEMS29.bedgraph.gz.tbi
bash: warning: setlocale: LC_ALL: cannot change locale (C.UTF-8)
GET maize_ZEAMAP/epigenome/dna_methylation/01_regions/AMP_mCHH_bed/GEMS3.bedgraph.gz
bash: warning: setlocale: LC_ALL: cannot change locale (C.UTF-8)
bash: warning: setlocale: LC_ALL: cannot change locale (C.UTF-8)
GET maize_ZEAMAP/epigenome/dna_methylation/01_regions/AMP_mCHH_bed/GEMS3.bedgraph.gz.tbi
GET maize_ZEAMAP/epigenome/dna_methylation/01_regions/AMP_mCHH_bed/GEMS31.bedgraph.gz
bash: warning: setlocale: LC_ALL: cannot change locale (C.UTF-8)
GET maize_ZEAMAP/epigenome/dna_methylation/01_regions/AMP_mCHH_bed/GEMS31.bedgraph.gz.tbi
bash: warning: setlocale: LC_ALL: cannot change locale (C.UTF-8)
bash: warning: setlocale: LC_ALL: cannot change locale (C.UTF-8)
GET maize_ZEAMAP/epigenome/dna_methylation/01_regions/AMP_mCHH_bed/GEMS32.bedgraph.gz
GET maize_ZEAMAP/epigenome/dna_methylation/01_regions/AMP_mCHH_bed/GEMS32.bedgraph.gz.tbi
bash: warning: setlocale: LC_ALL: cannot change locale (C.UTF-8)
GET maize_ZEAMAP/epigenome/dna_methylation/01_regions/AMP_mCHH_bed/GEMS33.bedgraph.gz
bash: warning: setlocale: LC_ALL: cannot change locale (C.UTF-8)
GET maize_ZEAMAP/epigenome/dna_methylation/01_regions/AMP_mCHH_bed/GEMS33.bedgraph.gz.tbi
bash: warning: setlocale: LC_ALL: cannot change locale (C.UTF-8)
bash: warning: setlocale: LC_ALL: cannot change locale (C.UTF-8)
GET maize_ZEAMAP/epigenome/dna_methylation/01_regions/AMP_mCHH_bed/GEMS37.bedgraph.gz
bash: warning: setlocale: LC_ALL: cannot change locale (C.UTF-8)
GET maize_ZEAMAP/epigenome/dna_methylation/01_regions/AMP_mCHH_bed/GEMS37.bedgraph.gz.tbi
GET maize_ZEAMAP/epigenome/dna_methylation/01_regions/AMP_mCHH_bed/GEMS47.bedgraph.gz
bash: warning: setlocale: LC_ALL: cannot change locale (C.UTF-8)
GET maize_ZEAMAP/epigenome/dna_methylation/01_regions/AMP_mCHH_bed/GEMS47.bedgraph.gz.tbi
bash: warning: setlocale: LC_ALL: cannot change locale (C.UTF-8)
bash: warning: setlocale: LC_ALL: cannot change locale (C.UTF-8)
bash: warning: setlocale: LC_ALL: cannot change locale (C.UTF-8)
GET maize_ZEAMAP/epigenome/dna_methylation/01_regions/AMP_mCHH_bed/GEMS49.bedgraph.gz.tbi
GET maize_ZEAMAP/epigenome/dna_methylation/01_regions/AMP_mCHH_bed/GEMS49.bedgraph.gz
GET maize_ZEAMAP/epigenome/dna_methylation/01_regions/AMP_mCHH_bed/GEMS5.bedgraph.gz
bash: warning: setlocale: LC_ALL: cannot change locale (C.UTF-8)
GET maize_ZEAMAP/epigenome/dna_methylation/01_regions/AMP_mCHH_bed/GEMS5.bedgraph.gz.tbi
bash: warning: setlocale: LC_ALL: cannot change locale (C.UTF-8)
GET maize_ZEAMAP/epigenome/dna_methylation/01_regions/AMP_mCHH_bed/GEMS53.bedgraph.gz
bash: warning: setlocale: LC_ALL: cannot change locale (C.UTF-8)
GET maize_ZEAMAP/epigenome/dna_methylation/01_regions/AMP_mCHH_bed/GEMS53.bedgraph.gz.tbi
bash: warning: setlocale: LC_ALL: cannot change locale (C.UTF-8)
GET maize_ZEAMAP/epigenome/dna_methylation/01_regions/AMP_mCHH_bed/GEMS56.bedgraph.gz
bash: warning: setlocale: LC_ALL: cannot change locale (C.UTF-8)
GET maize_ZEAMAP/epigenome/dna_methylation/01_regions/AMP_mCHH_bed/GEMS56.bedgraph.gz.tbi
bash: warning: setlocale: LC_ALL: cannot change locale (C.UTF-8)
GET maize_ZEAMAP/epigenome/dna_methylation/01_regions/AMP_mCHH_bed/GEMS60.bedgraph.gz
bash: warning: setlocale: LC_ALL: cannot change locale (C.UTF-8)
GET maize_ZEAMAP/epigenome/dna_methylation/01_regions/AMP_mCHH_bed/GEMS60.bedgraph.gz.tbi
bash: warning: setlocale: LC_ALL: cannot change locale (C.UTF-8)
GET maize_ZEAMAP/epigenome/dna_methylation/01_regions/AMP_mCHH_bed/GEMS62.bedgraph.gz
bash: warning: setlocale: LC_ALL: cannot change locale (C.UTF-8)
GET maize_ZEAMAP/epigenome/dna_methylation/01_regions/AMP_mCHH_bed/GEMS62.bedgraph.gz.tbi
bash: warning: setlocale: LC_ALL: cannot change locale (C.UTF-8)
bash: warning: setlocale: LC_ALL: cannot change locale (C.UTF-8)
GET maize_ZEAMAP/epigenome/dna_methylation/01_regions/AMP_mCHH_bed/GEMS63.bedgraph.gz
GET maize_ZEAMAP/epigenome/dna_methylation/01_regions/AMP_mCHH_bed/GEMS63.bedgraph.gz.tbi
bash: warning: setlocale: LC_ALL: cannot change locale (C.UTF-8)
GET maize_ZEAMAP/epigenome/dna_methylation/01_regions/AMP_mCHH_bed/GEMS64.bedgraph.gz
bash: warning: setlocale: LC_ALL: cannot change locale (C.UTF-8)
GET maize_ZEAMAP/epigenome/dna_methylation/01_regions/AMP_mCHH_bed/GEMS64.bedgraph.gz.tbi
bash: warning: setlocale: LC_ALL: cannot change locale (C.UTF-8)
GET maize_ZEAMAP/epigenome/dna_methylation/01_regions/AMP_mCHH_bed/GEMS65.bedgraph.gz
bash: warning: setlocale: LC_ALL: cannot change locale (C.UTF-8)
GET maize_ZEAMAP/epigenome/dna_methylation/01_regions/AMP_mCHH_bed/GEMS65.bedgraph.gz.tbi
bash: warning: setlocale: LC_ALL: cannot change locale (C.UTF-8)
GET maize_ZEAMAP/epigenome/dna_methylation/01_regions/AMP_mCHH_bed/GEMS9.bedgraph.gz
bash: warning: setlocale: LC_ALL: cannot change locale (C.UTF-8)
GET maize_ZEAMAP/epigenome/dna_methylation/01_regions/AMP_mCHH_bed/GEMS9.bedgraph.gz.tbi
bash: warning: setlocale: LC_ALL: cannot change locale (C.UTF-8)
GET maize_ZEAMAP/epigenome/dna_methylation/01_regions/AMP_mCHH_bed/GY220.bedgraph.gz
bash: warning: setlocale: LC_ALL: cannot change locale (C.UTF-8)
bash: warning: setlocale: LC_ALL: cannot change locale (C.UTF-8)
GET maize_ZEAMAP/epigenome/dna_methylation/01_regions/AMP_mCHH_bed/GY220.bedgraph.gz.tbi
GET maize_ZEAMAP/epigenome/dna_methylation/01_regions/AMP_mCHH_bed/GY237.bedgraph.gz
bash: warning: setlocale: LC_ALL: cannot change locale (C.UTF-8)
GET maize_ZEAMAP/epigenome/dna_methylation/01_regions/AMP_mCHH_bed/GY237.bedgraph.gz.tbi
bash: warning: setlocale: LC_ALL: cannot change locale (C.UTF-8)
bash: warning: setlocale: LC_ALL: cannot change locale (C.UTF-8)
GET maize_ZEAMAP/epigenome/dna_methylation/01_regions/AMP_mCHH_bed/GY386.bedgraph.gz
GET maize_ZEAMAP/epigenome/dna_methylation/01_regions/AMP_mCHH_bed/GY386.bedgraph.gz.tbi
bash: warning: setlocale: LC_ALL: cannot change locale (C.UTF-8)
GET maize_ZEAMAP/epigenome/dna_methylation/01_regions/AMP_mCHH_bed/GY462.bedgraph.gz
bash: warning: setlocale: LC_ALL: cannot change locale (C.UTF-8)
GET maize_ZEAMAP/epigenome/dna_methylation/01_regions/AMP_mCHH_bed/GY462.bedgraph.gz.tbi
bash: warning: setlocale: LC_ALL: cannot change locale (C.UTF-8)
GET maize_ZEAMAP/epigenome/dna_methylation/01_regions/AMP_mCHH_bed/GY798.bedgraph.gz
bash: warning: setlocale: LC_ALL: cannot change locale (C.UTF-8)
GET maize_ZEAMAP/epigenome/dna_methylation/01_regions/AMP_mCHH_bed/GY798.bedgraph.gz.tbi
bash: warning: setlocale: LC_ALL: cannot change locale (C.UTF-8)
GET maize_ZEAMAP/epigenome/dna_methylation/01_regions/AMP_mCHH_bed/GY923.bedgraph.gz
bash: warning: setlocale: LC_ALL: cannot change locale (C.UTF-8)
GET maize_ZEAMAP/epigenome/dna_methylation/01_regions/AMP_mCHH_bed/GY923.bedgraph.gz.tbi
bash: warning: setlocale: LC_ALL: cannot change locale (C.UTF-8)
bash: warning: setlocale: LC_ALL: cannot change locale (C.UTF-8)
GET maize_ZEAMAP/epigenome/dna_methylation/01_regions/AMP_mCHH_bed/HU803.bedgraph.gz
GET maize_ZEAMAP/epigenome/dna_methylation/01_regions/AMP_mCHH_bed/HU803.bedgraph.gz.tbi
bash: warning: setlocale: LC_ALL: cannot change locale (C.UTF-8)
GET maize_ZEAMAP/epigenome/dna_methylation/01_regions/AMP_mCHH_bed/HYS.bedgraph.gz
bash: warning: setlocale: LC_ALL: cannot change locale (C.UTF-8)
GET maize_ZEAMAP/epigenome/dna_methylation/01_regions/AMP_mCHH_bed/HYS.bedgraph.gz.tbi
bash: warning: setlocale: LC_ALL: cannot change locale (C.UTF-8)
GET maize_ZEAMAP/epigenome/dna_methylation/01_regions/AMP_mCHH_bed/HZS.bedgraph.gz
bash: warning: setlocale: LC_ALL: cannot change locale (C.UTF-8)
GET maize_ZEAMAP/epigenome/dna_methylation/01_regions/AMP_mCHH_bed/HZS.bedgraph.gz.tbi
bash: warning: setlocale: LC_ALL: cannot change locale (C.UTF-8)
GET maize_ZEAMAP/epigenome/dna_methylation/01_regions/AMP_mCHH_bed/IRF314.bedgraph.gz
bash: warning: setlocale: LC_ALL: cannot change locale (C.UTF-8)
GET maize_ZEAMAP/epigenome/dna_methylation/01_regions/AMP_mCHH_bed/IRF314.bedgraph.gz.tbi
bash: warning: setlocale: LC_ALL: cannot change locale (C.UTF-8)
GET maize_ZEAMAP/epigenome/dna_methylation/01_regions/AMP_mCHH_bed/J4112.bedgraph.gz
bash: warning: setlocale: LC_ALL: cannot change locale (C.UTF-8)
GET maize_ZEAMAP/epigenome/dna_methylation/01_regions/AMP_mCHH_bed/J4112.bedgraph.gz.tbi
bash: warning: setlocale: LC_ALL: cannot change locale (C.UTF-8)
GET maize_ZEAMAP/epigenome/dna_methylation/01_regions/AMP_mCHH_bed/JH59.bedgraph.gz
bash: warning: setlocale: LC_ALL: cannot change locale (C.UTF-8)
bash: warning: setlocale: LC_ALL: cannot change locale (C.UTF-8)
GET maize_ZEAMAP/epigenome/dna_methylation/01_regions/AMP_mCHH_bed/JH59.bedgraph.gz.tbi
GET maize_ZEAMAP/epigenome/dna_methylation/01_regions/AMP_mCHH_bed/JI63.bedgraph.gz
bash: warning: setlocale: LC_ALL: cannot change locale (C.UTF-8)
GET maize_ZEAMAP/epigenome/dna_methylation/01_regions/AMP_mCHH_bed/JI63.bedgraph.gz.tbi
bash: warning: setlocale: LC_ALL: cannot change locale (C.UTF-8)
GET maize_ZEAMAP/epigenome/dna_methylation/01_regions/AMP_mCHH_bed/JI846.bedgraph.gz
bash: warning: setlocale: LC_ALL: cannot change locale (C.UTF-8)
bash: warning: setlocale: LC_ALL: cannot change locale (C.UTF-8)
GET maize_ZEAMAP/epigenome/dna_methylation/01_regions/AMP_mCHH_bed/JI846.bedgraph.gz.tbi
GET maize_ZEAMAP/epigenome/dna_methylation/01_regions/AMP_mCHH_bed/JY01.bedgraph.gz
bash: warning: setlocale: LC_ALL: cannot change locale (C.UTF-8)
GET maize_ZEAMAP/epigenome/dna_methylation/01_regions/AMP_mCHH_bed/JY01.bedgraph.gz.tbi
bash: warning: setlocale: LC_ALL: cannot change locale (C.UTF-8)
GET maize_ZEAMAP/epigenome/dna_methylation/01_regions/AMP_mCHH_bed/K22.bedgraph.gz
bash: warning: setlocale: LC_ALL: cannot change locale (C.UTF-8)
GET maize_ZEAMAP/epigenome/dna_methylation/01_regions/AMP_mCHH_bed/K22.bedgraph.gz.tbi
bash: warning: setlocale: LC_ALL: cannot change locale (C.UTF-8)
GET maize_ZEAMAP/epigenome/dna_methylation/01_regions/AMP_mCHH_bed/L3180.bedgraph.gz
bash: warning: setlocale: LC_ALL: cannot change locale (C.UTF-8)
GET maize_ZEAMAP/epigenome/dna_methylation/01_regions/AMP_mCHH_bed/L3180.bedgraph.gz.tbi
bash: warning: setlocale: LC_ALL: cannot change locale (C.UTF-8)
GET maize_ZEAMAP/epigenome/dna_methylation/01_regions/AMP_mCHH_bed/LG001.bedgraph.gz
bash: warning: setlocale: LC_ALL: cannot change locale (C.UTF-8)
GET maize_ZEAMAP/epigenome/dna_methylation/01_regions/AMP_mCHH_bed/LG001.bedgraph.gz.tbi
bash: warning: setlocale: LC_ALL: cannot change locale (C.UTF-8)
GET maize_ZEAMAP/epigenome/dna_methylation/01_regions/AMP_mCHH_bed/LIAO159.bedgraph.gz
bash: warning: setlocale: LC_ALL: cannot change locale (C.UTF-8)
GET maize_ZEAMAP/epigenome/dna_methylation/01_regions/AMP_mCHH_bed/LIAO159.bedgraph.gz.tbi
bash: warning: setlocale: LC_ALL: cannot change locale (C.UTF-8)
GET maize_ZEAMAP/epigenome/dna_methylation/01_regions/AMP_mCHH_bed/LIAO5263.bedgraph.gz
bash: warning: setlocale: LC_ALL: cannot change locale (C.UTF-8)
GET maize_ZEAMAP/epigenome/dna_methylation/01_regions/AMP_mCHH_bed/LIAO5263.bedgraph.gz.tbi
bash: warning: setlocale: LC_ALL: cannot change locale (C.UTF-8)
bash: warning: setlocale: LC_ALL: cannot change locale (C.UTF-8)
GET maize_ZEAMAP/epigenome/dna_methylation/01_regions/AMP_mCHH_bed/LV28.bedgraph.gz
GET maize_ZEAMAP/epigenome/dna_methylation/01_regions/AMP_mCHH_bed/LV28.bedgraph.gz.tbi
bash: warning: setlocale: LC_ALL: cannot change locale (C.UTF-8)
GET maize_ZEAMAP/epigenome/dna_methylation/01_regions/AMP_mCHH_bed/LX9801.bedgraph.gz
bash: warning: setlocale: LC_ALL: cannot change locale (C.UTF-8)
GET maize_ZEAMAP/epigenome/dna_methylation/01_regions/AMP_mCHH_bed/LX9801.bedgraph.gz.tbi
bash: warning: setlocale: LC_ALL: cannot change locale (C.UTF-8)
GET maize_ZEAMAP/epigenome/dna_methylation/01_regions/AMP_mCHH_bed/LXN.bedgraph.gz
bash: warning: setlocale: LC_ALL: cannot change locale (C.UTF-8)
GET maize_ZEAMAP/epigenome/dna_methylation/01_regions/AMP_mCHH_bed/LXN.bedgraph.gz.tbi
bash: warning: setlocale: LC_ALL: cannot change locale (C.UTF-8)
bash: warning: setlocale: LC_ALL: cannot change locale (C.UTF-8)
GET maize_ZEAMAP/epigenome/dna_methylation/01_regions/AMP_mCHH_bed/LY.bedgraph.gz
GET maize_ZEAMAP/epigenome/dna_methylation/01_regions/AMP_mCHH_bed/LY.bedgraph.gz.tbi
bash: warning: setlocale: LC_ALL: cannot change locale (C.UTF-8)
bash: warning: setlocale: LC_ALL: cannot change locale (C.UTF-8)
GET maize_ZEAMAP/epigenome/dna_methylation/01_regions/AMP_mCHH_bed/M97.bedgraph.gz
GET maize_ZEAMAP/epigenome/dna_methylation/01_regions/AMP_mCHH_bed/M97.bedgraph.gz.tbi
bash: warning: setlocale: LC_ALL: cannot change locale (C.UTF-8)
GET maize_ZEAMAP/epigenome/dna_methylation/01_regions/AMP_mCHH_bed/MO17.bedgraph.gz
bash: warning: setlocale: LC_ALL: cannot change locale (C.UTF-8)
GET maize_ZEAMAP/epigenome/dna_methylation/01_regions/AMP_mCHH_bed/MO17.bedgraph.gz.tbi
bash: warning: setlocale: LC_ALL: cannot change locale (C.UTF-8)
GET maize_ZEAMAP/epigenome/dna_methylation/01_regions/AMP_mCHH_bed/P138.bedgraph.gz
bash: warning: setlocale: LC_ALL: cannot change locale (C.UTF-8)
GET maize_ZEAMAP/epigenome/dna_methylation/01_regions/AMP_mCHH_bed/P138.bedgraph.gz.tbi
bash: warning: setlocale: LC_ALL: cannot change locale (C.UTF-8)
GET maize_ZEAMAP/epigenome/dna_methylation/01_regions/AMP_mCHH_bed/P178.bedgraph.gz
bash: warning: setlocale: LC_ALL: cannot change locale (C.UTF-8)
GET maize_ZEAMAP/epigenome/dna_methylation/01_regions/AMP_mCHH_bed/P178.bedgraph.gz.tbi
bash: warning: setlocale: LC_ALL: cannot change locale (C.UTF-8)
GET maize_ZEAMAP/epigenome/dna_methylation/01_regions/AMP_mCHH_bed/Q1261.bedgraph.gz
bash: warning: setlocale: LC_ALL: cannot change locale (C.UTF-8)
GET maize_ZEAMAP/epigenome/dna_methylation/01_regions/AMP_mCHH_bed/Q1261.bedgraph.gz.tbi
bash: warning: setlocale: LC_ALL: cannot change locale (C.UTF-8)
GET maize_ZEAMAP/epigenome/dna_methylation/01_regions/AMP_mCHH_bed/QI205.bedgraph.gz
bash: warning: setlocale: LC_ALL: cannot change locale (C.UTF-8)
GET maize_ZEAMAP/epigenome/dna_methylation/01_regions/AMP_mCHH_bed/QI205.bedgraph.gz.tbi
bash: warning: setlocale: LC_ALL: cannot change locale (C.UTF-8)
GET maize_ZEAMAP/epigenome/dna_methylation/01_regions/AMP_mCHH_bed/QI319.bedgraph.gz
bash: warning: setlocale: LC_ALL: cannot change locale (C.UTF-8)
GET maize_ZEAMAP/epigenome/dna_methylation/01_regions/AMP_mCHH_bed/QI319.bedgraph.gz.tbi
bash: warning: setlocale: LC_ALL: cannot change locale (C.UTF-8)
GET maize_ZEAMAP/epigenome/dna_methylation/01_regions/AMP_mCHH_bed/RY697.bedgraph.gz
bash: warning: setlocale: LC_ALL: cannot change locale (C.UTF-8)
bash: warning: setlocale: LC_ALL: cannot change locale (C.UTF-8)
GET maize_ZEAMAP/epigenome/dna_methylation/01_regions/AMP_mCHH_bed/RY697.bedgraph.gz.tbi
GET maize_ZEAMAP/epigenome/dna_methylation/01_regions/AMP_mCHH_bed/RY713.bedgraph.gz
bash: warning: setlocale: LC_ALL: cannot change locale (C.UTF-8)
bash: warning: setlocale: LC_ALL: cannot change locale (C.UTF-8)
GET maize_ZEAMAP/epigenome/dna_methylation/01_regions/AMP_mCHH_bed/RY713.bedgraph.gz.tbi
GET maize_ZEAMAP/epigenome/dna_methylation/01_regions/AMP_mCHH_bed/RY732.bedgraph.gz
bash: warning: setlocale: LC_ALL: cannot change locale (C.UTF-8)
GET maize_ZEAMAP/epigenome/dna_methylation/01_regions/AMP_mCHH_bed/RY732.bedgraph.gz.tbi
bash: warning: setlocale: LC_ALL: cannot change locale (C.UTF-8)
GET maize_ZEAMAP/epigenome/dna_methylation/01_regions/AMP_mCHH_bed/S37.bedgraph.gz
bash: warning: setlocale: LC_ALL: cannot change locale (C.UTF-8)
bash: warning: setlocale: LC_ALL: cannot change locale (C.UTF-8)
GET maize_ZEAMAP/epigenome/dna_methylation/01_regions/AMP_mCHH_bed/S37.bedgraph.gz.tbi
GET maize_ZEAMAP/epigenome/dna_methylation/01_regions/AMP_mCHH_bed/SHEN137.bedgraph.gz
bash: warning: setlocale: LC_ALL: cannot change locale (C.UTF-8)
GET maize_ZEAMAP/epigenome/dna_methylation/01_regions/AMP_mCHH_bed/SHEN137.bedgraph.gz.tbi
bash: warning: setlocale: LC_ALL: cannot change locale (C.UTF-8)
GET maize_ZEAMAP/epigenome/dna_methylation/01_regions/AMP_mCHH_bed/SI273.bedgraph.gz
bash: warning: setlocale: LC_ALL: cannot change locale (C.UTF-8)
bash: warning: setlocale: LC_ALL: cannot change locale (C.UTF-8)
GET maize_ZEAMAP/epigenome/dna_methylation/01_regions/AMP_mCHH_bed/SI273.bedgraph.gz.tbi
GET maize_ZEAMAP/epigenome/dna_methylation/01_regions/AMP_mCHH_bed/SW92E114.bedgraph.gz
bash: warning: setlocale: LC_ALL: cannot change locale (C.UTF-8)
GET maize_ZEAMAP/epigenome/dna_methylation/01_regions/AMP_mCHH_bed/SW92E114.bedgraph.gz.tbi
bash: warning: setlocale: LC_ALL: cannot change locale (C.UTF-8)
GET maize_ZEAMAP/epigenome/dna_methylation/01_regions/AMP_mCHH_bed/SY1032.bedgraph.gz
bash: warning: setlocale: LC_ALL: cannot change locale (C.UTF-8)
GET maize_ZEAMAP/epigenome/dna_methylation/01_regions/AMP_mCHH_bed/SY1032.bedgraph.gz.tbi
bash: warning: setlocale: LC_ALL: cannot change locale (C.UTF-8)
GET maize_ZEAMAP/epigenome/dna_methylation/01_regions/AMP_mCHH_bed/SY1035.bedgraph.gz
bash: warning: setlocale: LC_ALL: cannot change locale (C.UTF-8)
GET maize_ZEAMAP/epigenome/dna_methylation/01_regions/AMP_mCHH_bed/SY1035.bedgraph.gz.tbi
bash: warning: setlocale: LC_ALL: cannot change locale (C.UTF-8)
GET maize_ZEAMAP/epigenome/dna_methylation/01_regions/AMP_mCHH_bed/SY1052.bedgraph.gz
bash: warning: setlocale: LC_ALL: cannot change locale (C.UTF-8)
GET maize_ZEAMAP/epigenome/dna_methylation/01_regions/AMP_mCHH_bed/SY1052.bedgraph.gz.tbi
bash: warning: setlocale: LC_ALL: cannot change locale (C.UTF-8)
GET maize_ZEAMAP/epigenome/dna_methylation/01_regions/AMP_mCHH_bed/SY3073.bedgraph.gz
bash: warning: setlocale: LC_ALL: cannot change locale (C.UTF-8)
bash: warning: setlocale: LC_ALL: cannot change locale (C.UTF-8)
GET maize_ZEAMAP/epigenome/dna_methylation/01_regions/AMP_mCHH_bed/SY3073.bedgraph.gz.tbi
GET maize_ZEAMAP/epigenome/dna_methylation/01_regions/AMP_mCHH_bed/TIAN77.bedgraph.gz
bash: warning: setlocale: LC_ALL: cannot change locale (C.UTF-8)
bash: warning: setlocale: LC_ALL: cannot change locale (C.UTF-8)
GET maize_ZEAMAP/epigenome/dna_methylation/01_regions/AMP_mCHH_bed/TIAN77.bedgraph.gz.tbi
GET maize_ZEAMAP/epigenome/dna_methylation/01_regions/AMP_mCHH_bed/TIE7922.bedgraph.gz
bash: warning: setlocale: LC_ALL: cannot change locale (C.UTF-8)
GET maize_ZEAMAP/epigenome/dna_methylation/01_regions/AMP_mCHH_bed/TIE7922.bedgraph.gz.tbi
bash: warning: setlocale: LC_ALL: cannot change locale (C.UTF-8)
GET maize_ZEAMAP/epigenome/dna_methylation/01_regions/AMP_mCHH_bed/TT16.bedgraph.gz
bash: warning: setlocale: LC_ALL: cannot change locale (C.UTF-8)
GET maize_ZEAMAP/epigenome/dna_methylation/01_regions/AMP_mCHH_bed/TT16.bedgraph.gz.tbi
bash: warning: setlocale: LC_ALL: cannot change locale (C.UTF-8)
bash: warning: setlocale: LC_ALL: cannot change locale (C.UTF-8)
GET maize_ZEAMAP/epigenome/dna_methylation/01_regions/AMP_mCHH_bed/TX5.bedgraph.gz
GET maize_ZEAMAP/epigenome/dna_methylation/01_regions/AMP_mCHH_bed/TX5.bedgraph.gz.tbi
bash: warning: setlocale: LC_ALL: cannot change locale (C.UTF-8)
GET maize_ZEAMAP/epigenome/dna_methylation/01_regions/AMP_mCHH_bed/TY1.bedgraph.gz
bash: warning: setlocale: LC_ALL: cannot change locale (C.UTF-8)
GET maize_ZEAMAP/epigenome/dna_methylation/01_regions/AMP_mCHH_bed/TY1.bedgraph.gz.tbi
bash: warning: setlocale: LC_ALL: cannot change locale (C.UTF-8)
GET maize_ZEAMAP/epigenome/dna_methylation/01_regions/AMP_mCHH_bed/TY10.bedgraph.gz
bash: warning: setlocale: LC_ALL: cannot change locale (C.UTF-8)
GET maize_ZEAMAP/epigenome/dna_methylation/01_regions/AMP_mCHH_bed/TY10.bedgraph.gz.tbi
bash: warning: setlocale: LC_ALL: cannot change locale (C.UTF-8)
GET maize_ZEAMAP/epigenome/dna_methylation/01_regions/AMP_mCHH_bed/TY11.bedgraph.gz
bash: warning: setlocale: LC_ALL: cannot change locale (C.UTF-8)
GET maize_ZEAMAP/epigenome/dna_methylation/01_regions/AMP_mCHH_bed/TY11.bedgraph.gz.tbi
bash: warning: setlocale: LC_ALL: cannot change locale (C.UTF-8)
GET maize_ZEAMAP/epigenome/dna_methylation/01_regions/AMP_mCHH_bed/TY2.bedgraph.gz
bash: warning: setlocale: LC_ALL: cannot change locale (C.UTF-8)
GET maize_ZEAMAP/epigenome/dna_methylation/01_regions/AMP_mCHH_bed/TY2.bedgraph.gz.tbi
bash: warning: setlocale: LC_ALL: cannot change locale (C.UTF-8)
GET maize_ZEAMAP/epigenome/dna_methylation/01_regions/AMP_mCHH_bed/TY3.bedgraph.gz
bash: warning: setlocale: LC_ALL: cannot change locale (C.UTF-8)
GET maize_ZEAMAP/epigenome/dna_methylation/01_regions/AMP_mCHH_bed/TY3.bedgraph.gz.tbi
bash: warning: setlocale: LC_ALL: cannot change locale (C.UTF-8)
GET maize_ZEAMAP/epigenome/dna_methylation/01_regions/AMP_mCHH_bed/TY6.bedgraph.gz
bash: warning: setlocale: LC_ALL: cannot change locale (C.UTF-8)
bash: warning: setlocale: LC_ALL: cannot change locale (C.UTF-8)
GET maize_ZEAMAP/epigenome/dna_methylation/01_regions/AMP_mCHH_bed/TY6.bedgraph.gz.tbi
GET maize_ZEAMAP/epigenome/dna_methylation/01_regions/AMP_mCHH_bed/TY7.bedgraph.gz
bash: warning: setlocale: LC_ALL: cannot change locale (C.UTF-8)
bash: warning: setlocale: LC_ALL: cannot change locale (C.UTF-8)
GET maize_ZEAMAP/epigenome/dna_methylation/01_regions/AMP_mCHH_bed/TY7.bedgraph.gz.tbi
GET maize_ZEAMAP/epigenome/dna_methylation/01_regions/AMP_mCHH_bed/TY8.bedgraph.gz
bash: warning: setlocale: LC_ALL: cannot change locale (C.UTF-8)
bash: warning: setlocale: LC_ALL: cannot change locale (C.UTF-8)
GET maize_ZEAMAP/epigenome/dna_methylation/01_regions/AMP_mCHH_bed/TY8.bedgraph.gz.tbi
GET maize_ZEAMAP/epigenome/dna_methylation/01_regions/AMP_mCHH_bed/W138.bedgraph.gz
bash: warning: setlocale: LC_ALL: cannot change locale (C.UTF-8)
GET maize_ZEAMAP/epigenome/dna_methylation/01_regions/AMP_mCHH_bed/W138.bedgraph.gz.tbi
bash: warning: setlocale: LC_ALL: cannot change locale (C.UTF-8)
bash: warning: setlocale: LC_ALL: cannot change locale (C.UTF-8)
GET maize_ZEAMAP/epigenome/dna_methylation/01_regions/AMP_mCHH_bed/WMR.bedgraph.gz
GET maize_ZEAMAP/epigenome/dna_methylation/01_regions/AMP_mCHH_bed/WMR.bedgraph.gz.tbi
bash: warning: setlocale: LC_ALL: cannot change locale (C.UTF-8)
GET maize_ZEAMAP/epigenome/dna_methylation/01_regions/AMP_mCHH_bed/WU109.bedgraph.gz
bash: warning: setlocale: LC_ALL: cannot change locale (C.UTF-8)
GET maize_ZEAMAP/epigenome/dna_methylation/01_regions/AMP_mCHH_bed/WU109.bedgraph.gz.tbi
bash: warning: setlocale: LC_ALL: cannot change locale (C.UTF-8)
GET maize_ZEAMAP/epigenome/dna_methylation/01_regions/AMP_mCHH_bed/YE488.bedgraph.gz
bash: warning: setlocale: LC_ALL: cannot change locale (C.UTF-8)
GET maize_ZEAMAP/epigenome/dna_methylation/01_regions/AMP_mCHH_bed/YE488.bedgraph.gz.tbi
bash: warning: setlocale: LC_ALL: cannot change locale (C.UTF-8)
GET maize_ZEAMAP/epigenome/dna_methylation/01_regions/AMP_mCHH_bed/YU374.bedgraph.gz
bash: warning: setlocale: LC_ALL: cannot change locale (C.UTF-8)
GET maize_ZEAMAP/epigenome/dna_methylation/01_regions/AMP_mCHH_bed/YU374.bedgraph.gz.tbi
bash: warning: setlocale: LC_ALL: cannot change locale (C.UTF-8)
GET maize_ZEAMAP/epigenome/dna_methylation/01_regions/AMP_mCHH_bed/YU87-1.bedgraph.gz
bash: warning: setlocale: LC_ALL: cannot change locale (C.UTF-8)
bash: warning: setlocale: LC_ALL: cannot change locale (C.UTF-8)
GET maize_ZEAMAP/epigenome/dna_methylation/01_regions/AMP_mCHH_bed/YU87-1.bedgraph.gz.tbi
GET maize_ZEAMAP/epigenome/dna_methylation/01_regions/AMP_mCHH_bed/Z2018F.bedgraph.gz
bash: warning: setlocale: LC_ALL: cannot change locale (C.UTF-8)
GET maize_ZEAMAP/epigenome/dna_methylation/01_regions/AMP_mCHH_bed/Z2018F.bedgraph.gz.tbi
bash: warning: setlocale: LC_ALL: cannot change locale (C.UTF-8)
GET maize_ZEAMAP/epigenome/dna_methylation/01_regions/AMP_mCHH_bed/ZB648.bedgraph.gz
bash: warning: setlocale: LC_ALL: cannot change locale (C.UTF-8)
bash: warning: setlocale: LC_ALL: cannot change locale (C.UTF-8)
bash: warning: setlocale: LC_ALL: cannot change locale (C.UTF-8)
GET maize_ZEAMAP/epigenome/dna_methylation/01_regions/AMP_mCHH_bed/ZB648.bedgraph.gz.tbi
GET maize_ZEAMAP/epigenome/dna_methylation/01_regions/AMP_mCHH_bed/ZHENG22.bedgraph.gz
GET maize_ZEAMAP/epigenome/dna_methylation/01_regions/AMP_mCHH_bed/ZHENG22.bedgraph.gz.tbi
bash: warning: setlocale: LC_ALL: cannot change locale (C.UTF-8)
GET maize_ZEAMAP/epigenome/dna_methylation/01_regions/AMP_mCHH_bed/ZHENG29.bedgraph.gz
bash: warning: setlocale: LC_ALL: cannot change locale (C.UTF-8)
bash: warning: setlocale: LC_ALL: cannot change locale (C.UTF-8)
GET maize_ZEAMAP/epigenome/dna_methylation/01_regions/AMP_mCHH_bed/ZHENG29.bedgraph.gz.tbi
GET maize_ZEAMAP/epigenome/dna_methylation/01_regions/AMP_mCHH_bed/ZHENG30.bedgraph.gz
bash: warning: setlocale: LC_ALL: cannot change locale (C.UTF-8)
GET maize_ZEAMAP/epigenome/dna_methylation/01_regions/AMP_mCHH_bed/ZHENG30.bedgraph.gz.tbi
bash: warning: setlocale: LC_ALL: cannot change locale (C.UTF-8)
GET maize_ZEAMAP/epigenome/dna_methylation/01_regions/AMP_mCHH_bed/ZHENG35.bedgraph.gz
bash: warning: setlocale: LC_ALL: cannot change locale (C.UTF-8)
GET maize_ZEAMAP/epigenome/dna_methylation/01_regions/AMP_mCHH_bed/ZHENG35.bedgraph.gz.tbi
bash: warning: setlocale: LC_ALL: cannot change locale (C.UTF-8)
GET maize_ZEAMAP/epigenome/dna_methylation/01_regions/AMP_mCHH_bed/ZHENG58.bedgraph.gz
bash: warning: setlocale: LC_ALL: cannot change locale (C.UTF-8)
GET maize_ZEAMAP/epigenome/dna_methylation/01_regions/AMP_mCHH_bed/ZHENG58.bedgraph.gz.tbi
bash: warning: setlocale: LC_ALL: cannot change locale (C.UTF-8)
GET maize_ZEAMAP/epigenome/dna_methylation/01_regions/AMP_mCHH_bed/ZHENG653.bedgraph.gz
bash: warning: setlocale: LC_ALL: cannot change locale (C.UTF-8)
GET maize_ZEAMAP/epigenome/dna_methylation/01_regions/AMP_mCHH_bed/ZHENG653.bedgraph.gz.tbi
bash: warning: setlocale: LC_ALL: cannot change locale (C.UTF-8)
GET maize_ZEAMAP/epigenome/dna_methylation/01_regions/AMP_mCHH_bed/ZHI41.bedgraph.gz
bash: warning: setlocale: LC_ALL: cannot change locale (C.UTF-8)
GET maize_ZEAMAP/epigenome/dna_methylation/01_regions/AMP_mCHH_bed/ZHI41.bedgraph.gz.tbi
bash: warning: setlocale: LC_ALL: cannot change locale (C.UTF-8)
GET maize_ZEAMAP/epigenome/dna_methylation/01_regions/AMP_mCHH_bed/ZZ01.bedgraph.gz
bash: warning: setlocale: LC_ALL: cannot change locale (C.UTF-8)
GET maize_ZEAMAP/epigenome/dna_methylation/01_regions/AMP_mCHH_bed/ZZ01.bedgraph.gz.tbi
bash: warning: setlocale: LC_ALL: cannot change locale (C.UTF-8)
GET maize_ZEAMAP/epigenome/dna_methylation/01_regions/AMP_mCHH_bed/md5.txt
bash: warning: setlocale: LC_ALL: cannot change locale (C.UTF-8)
GET maize_ZEAMAP/epigenome/dna_methylation/02_sites/AMP_Methyl_sites/04K5686_methylC.bed.gz
bash: warning: setlocale: LC_ALL: cannot change locale (C.UTF-8)
GET maize_ZEAMAP/epigenome/dna_methylation/02_sites/AMP_Methyl_sites/04K5686_methylC.bed.gz.tbi
bash: warning: setlocale: LC_ALL: cannot change locale (C.UTF-8)
GET maize_ZEAMAP/epigenome/dna_methylation/02_sites/AMP_Methyl_sites/05WN230_methylC.bed.gz
bash: warning: setlocale: LC_ALL: cannot change locale (C.UTF-8)
GET maize_ZEAMAP/epigenome/dna_methylation/02_sites/AMP_Methyl_sites/05WN230_methylC.bed.gz.tbi
bash: warning: setlocale: LC_ALL: cannot change locale (C.UTF-8)
bash: warning: setlocale: LC_ALL: cannot change locale (C.UTF-8)
GET maize_ZEAMAP/epigenome/dna_methylation/02_sites/AMP_Methyl_sites/07KS4_methylC.bed.gz
GET maize_ZEAMAP/epigenome/dna_methylation/02_sites/AMP_Methyl_sites/07KS4_methylC.bed.gz.tbi
bash: warning: setlocale: LC_ALL: cannot change locale (C.UTF-8)
GET maize_ZEAMAP/epigenome/dna_methylation/02_sites/AMP_Methyl_sites/1323_methylC.bed.gz
bash: warning: setlocale: LC_ALL: cannot change locale (C.UTF-8)
GET maize_ZEAMAP/epigenome/dna_methylation/02_sites/AMP_Methyl_sites/1323_methylC.bed.gz.tbi
bash: warning: setlocale: LC_ALL: cannot change locale (C.UTF-8)
GET maize_ZEAMAP/epigenome/dna_methylation/02_sites/AMP_Methyl_sites/150_methylC.bed.gz
bash: warning: setlocale: LC_ALL: cannot change locale (C.UTF-8)
GET maize_ZEAMAP/epigenome/dna_methylation/02_sites/AMP_Methyl_sites/150_methylC.bed.gz.tbi
bash: warning: setlocale: LC_ALL: cannot change locale (C.UTF-8)
GET maize_ZEAMAP/epigenome/dna_methylation/02_sites/AMP_Methyl_sites/177_methylC.bed.gz
bash: warning: setlocale: LC_ALL: cannot change locale (C.UTF-8)
GET maize_ZEAMAP/epigenome/dna_methylation/02_sites/AMP_Methyl_sites/177_methylC.bed.gz.tbi
bash: warning: setlocale: LC_ALL: cannot change locale (C.UTF-8)
GET maize_ZEAMAP/epigenome/dna_methylation/02_sites/AMP_Methyl_sites/238_methylC.bed.gz
bash: warning: setlocale: LC_ALL: cannot change locale (C.UTF-8)
GET maize_ZEAMAP/epigenome/dna_methylation/02_sites/AMP_Methyl_sites/238_methylC.bed.gz.tbi
bash: warning: setlocale: LC_ALL: cannot change locale (C.UTF-8)
GET maize_ZEAMAP/epigenome/dna_methylation/02_sites/AMP_Methyl_sites/268_methylC.bed.gz
bash: warning: setlocale: LC_ALL: cannot change locale (C.UTF-8)
GET maize_ZEAMAP/epigenome/dna_methylation/02_sites/AMP_Methyl_sites/268_methylC.bed.gz.tbi
bash: warning: setlocale: LC_ALL: cannot change locale (C.UTF-8)
GET maize_ZEAMAP/epigenome/dna_methylation/02_sites/AMP_Methyl_sites/384-2_methylC.bed.gz
bash: warning: setlocale: LC_ALL: cannot change locale (C.UTF-8)
GET maize_ZEAMAP/epigenome/dna_methylation/02_sites/AMP_Methyl_sites/384-2_methylC.bed.gz.tbi
bash: warning: setlocale: LC_ALL: cannot change locale (C.UTF-8)
GET maize_ZEAMAP/epigenome/dna_methylation/02_sites/AMP_Methyl_sites/4019_methylC.bed.gz
bash: warning: setlocale: LC_ALL: cannot change locale (C.UTF-8)
GET maize_ZEAMAP/epigenome/dna_methylation/02_sites/AMP_Methyl_sites/4019_methylC.bed.gz.tbi
bash: warning: setlocale: LC_ALL: cannot change locale (C.UTF-8)
GET maize_ZEAMAP/epigenome/dna_methylation/02_sites/AMP_Methyl_sites/4F1_methylC.bed.gz
bash: warning: setlocale: LC_ALL: cannot change locale (C.UTF-8)
GET maize_ZEAMAP/epigenome/dna_methylation/02_sites/AMP_Methyl_sites/4F1_methylC.bed.gz.tbi
bash: warning: setlocale: LC_ALL: cannot change locale (C.UTF-8)
GET maize_ZEAMAP/epigenome/dna_methylation/02_sites/AMP_Methyl_sites/501_methylC.bed.gz
bash: warning: setlocale: LC_ALL: cannot change locale (C.UTF-8)
GET maize_ZEAMAP/epigenome/dna_methylation/02_sites/AMP_Methyl_sites/501_methylC.bed.gz.tbi
bash: warning: setlocale: LC_ALL: cannot change locale (C.UTF-8)
GET maize_ZEAMAP/epigenome/dna_methylation/02_sites/AMP_Methyl_sites/5213_methylC.bed.gz
bash: warning: setlocale: LC_ALL: cannot change locale (C.UTF-8)
GET maize_ZEAMAP/epigenome/dna_methylation/02_sites/AMP_Methyl_sites/5213_methylC.bed.gz.tbi
bash: warning: setlocale: LC_ALL: cannot change locale (C.UTF-8)
GET maize_ZEAMAP/epigenome/dna_methylation/02_sites/AMP_Methyl_sites/7327_methylC.bed.gz
bash: warning: setlocale: LC_ALL: cannot change locale (C.UTF-8)
GET maize_ZEAMAP/epigenome/dna_methylation/02_sites/AMP_Methyl_sites/7327_methylC.bed.gz.tbi
bash: warning: setlocale: LC_ALL: cannot change locale (C.UTF-8)
GET maize_ZEAMAP/epigenome/dna_methylation/02_sites/AMP_Methyl_sites/7381_methylC.bed.gz
bash: warning: setlocale: LC_ALL: cannot change locale (C.UTF-8)
GET maize_ZEAMAP/epigenome/dna_methylation/02_sites/AMP_Methyl_sites/7381_methylC.bed.gz.tbi
bash: warning: setlocale: LC_ALL: cannot change locale (C.UTF-8)
GET maize_ZEAMAP/epigenome/dna_methylation/02_sites/AMP_Methyl_sites/812_methylC.bed.gz
bash: warning: setlocale: LC_ALL: cannot change locale (C.UTF-8)
GET maize_ZEAMAP/epigenome/dna_methylation/02_sites/AMP_Methyl_sites/812_methylC.bed.gz.tbi
bash: warning: setlocale: LC_ALL: cannot change locale (C.UTF-8)
GET maize_ZEAMAP/epigenome/dna_methylation/02_sites/AMP_Methyl_sites/832_methylC.bed.gz
bash: warning: setlocale: LC_ALL: cannot change locale (C.UTF-8)
GET maize_ZEAMAP/epigenome/dna_methylation/02_sites/AMP_Methyl_sites/832_methylC.bed.gz.tbi
bash: warning: setlocale: LC_ALL: cannot change locale (C.UTF-8)
GET maize_ZEAMAP/epigenome/dna_methylation/02_sites/AMP_Methyl_sites/835A_methylC.bed.gz
bash: warning: setlocale: LC_ALL: cannot change locale (C.UTF-8)
SKIP maize_ZEAMAP/epigenome/dna_methylation/02_sites/AMP_Methyl_sites/835A_methylC.bed.gz.tbi
bash: warning: setlocale: LC_ALL: cannot change locale (C.UTF-8)
SKIP maize_ZEAMAP/epigenome/dna_methylation/02_sites/AMP_Methyl_sites/8902_methylC.bed.gz
bash: warning: setlocale: LC_ALL: cannot change locale (C.UTF-8)
SKIP maize_ZEAMAP/epigenome/dna_methylation/02_sites/AMP_Methyl_sites/8902_methylC.bed.gz.tbi
bash: warning: setlocale: LC_ALL: cannot change locale (C.UTF-8)
SKIP maize_ZEAMAP/epigenome/dna_methylation/02_sites/AMP_Methyl_sites/975-12_methylC.bed.gz
bash: warning: setlocale: LC_ALL: cannot change locale (C.UTF-8)
SKIP maize_ZEAMAP/epigenome/dna_methylation/02_sites/AMP_Methyl_sites/975-12_methylC.bed.gz.tbi
bash: warning: setlocale: LC_ALL: cannot change locale (C.UTF-8)
SKIP maize_ZEAMAP/epigenome/dna_methylation/02_sites/AMP_Methyl_sites/A619_methylC.bed.gz
bash: warning: setlocale: LC_ALL: cannot change locale (C.UTF-8)
SKIP maize_ZEAMAP/epigenome/dna_methylation/02_sites/AMP_Methyl_sites/A619_methylC.bed.gz.tbi
bash: warning: setlocale: LC_ALL: cannot change locale (C.UTF-8)
SKIP maize_ZEAMAP/epigenome/dna_methylation/02_sites/AMP_Methyl_sites/B110_methylC.bed.gz
bash: warning: setlocale: LC_ALL: cannot change locale (C.UTF-8)
GET maize_ZEAMAP/epigenome/dna_methylation/02_sites/AMP_Methyl_sites/B110_methylC.bed.gz.tbi
bash: warning: setlocale: LC_ALL: cannot change locale (C.UTF-8)
GET maize_ZEAMAP/epigenome/dna_methylation/02_sites/AMP_Methyl_sites/B111_methylC.bed.gz
bash: warning: setlocale: LC_ALL: cannot change locale (C.UTF-8)
GET maize_ZEAMAP/epigenome/dna_methylation/02_sites/AMP_Methyl_sites/B111_methylC.bed.gz.tbi
bash: warning: setlocale: LC_ALL: cannot change locale (C.UTF-8)
GET maize_ZEAMAP/epigenome/dna_methylation/02_sites/AMP_Methyl_sites/B11_methylC.bed.gz
bash: warning: setlocale: LC_ALL: cannot change locale (C.UTF-8)
SKIP maize_ZEAMAP/epigenome/dna_methylation/02_sites/AMP_Methyl_sites/B11_methylC.bed.gz.tbi
bash: warning: setlocale: LC_ALL: cannot change locale (C.UTF-8)
SKIP maize_ZEAMAP/epigenome/dna_methylation/02_sites/AMP_Methyl_sites/B73_methylC.bed.gz
bash: warning: setlocale: LC_ALL: cannot change locale (C.UTF-8)
SKIP maize_ZEAMAP/epigenome/dna_methylation/02_sites/AMP_Methyl_sites/B73_methylC.bed.gz.tbi
bash: warning: setlocale: LC_ALL: cannot change locale (C.UTF-8)
SKIP maize_ZEAMAP/epigenome/dna_methylation/02_sites/AMP_Methyl_sites/BEM_methylC.bed.gz
bash: warning: setlocale: LC_ALL: cannot change locale (C.UTF-8)
GET maize_ZEAMAP/epigenome/dna_methylation/02_sites/AMP_Methyl_sites/BEM_methylC.bed.gz.tbi
bash: warning: setlocale: LC_ALL: cannot change locale (C.UTF-8)
GET maize_ZEAMAP/epigenome/dna_methylation/02_sites/AMP_Methyl_sites/BS16_methylC.bed.gz
bash: warning: setlocale: LC_ALL: cannot change locale (C.UTF-8)
GET maize_ZEAMAP/epigenome/dna_methylation/02_sites/AMP_Methyl_sites/BS16_methylC.bed.gz.tbi
bash: warning: setlocale: LC_ALL: cannot change locale (C.UTF-8)
GET maize_ZEAMAP/epigenome/dna_methylation/02_sites/AMP_Methyl_sites/BY4839_methylC.bed.gz
bash: warning: setlocale: LC_ALL: cannot change locale (C.UTF-8)
SKIP maize_ZEAMAP/epigenome/dna_methylation/02_sites/AMP_Methyl_sites/BY4839_methylC.bed.gz.tbi
bash: warning: setlocale: LC_ALL: cannot change locale (C.UTF-8)
SKIP maize_ZEAMAP/epigenome/dna_methylation/02_sites/AMP_Methyl_sites/BY4944_methylC.bed.gz
bash: warning: setlocale: LC_ALL: cannot change locale (C.UTF-8)
GET maize_ZEAMAP/epigenome/dna_methylation/02_sites/AMP_Methyl_sites/BY4944_methylC.bed.gz.tbi
bash: warning: setlocale: LC_ALL: cannot change locale (C.UTF-8)
GET maize_ZEAMAP/epigenome/dna_methylation/02_sites/AMP_Methyl_sites/BY4960_methylC.bed.gz
bash: warning: setlocale: LC_ALL: cannot change locale (C.UTF-8)
GET maize_ZEAMAP/epigenome/dna_methylation/02_sites/AMP_Methyl_sites/BY4960_methylC.bed.gz.tbi
bash: warning: setlocale: LC_ALL: cannot change locale (C.UTF-8)
GET maize_ZEAMAP/epigenome/dna_methylation/02_sites/AMP_Methyl_sites/BY809_methylC.bed.gz
bash: warning: setlocale: LC_ALL: cannot change locale (C.UTF-8)
SKIP maize_ZEAMAP/epigenome/dna_methylation/02_sites/AMP_Methyl_sites/BY809_methylC.bed.gz.tbi
bash: warning: setlocale: LC_ALL: cannot change locale (C.UTF-8)
SKIP maize_ZEAMAP/epigenome/dna_methylation/02_sites/AMP_Methyl_sites/BY813_methylC.bed.gz
bash: warning: setlocale: LC_ALL: cannot change locale (C.UTF-8)
GET maize_ZEAMAP/epigenome/dna_methylation/02_sites/AMP_Methyl_sites/BY813_methylC.bed.gz.tbi
bash: warning: setlocale: LC_ALL: cannot change locale (C.UTF-8)
GET maize_ZEAMAP/epigenome/dna_methylation/02_sites/AMP_Methyl_sites/BY815_methylC.bed.gz
bash: warning: setlocale: LC_ALL: cannot change locale (C.UTF-8)
SKIP maize_ZEAMAP/epigenome/dna_methylation/02_sites/AMP_Methyl_sites/BY815_methylC.bed.gz.tbi
bash: warning: setlocale: LC_ALL: cannot change locale (C.UTF-8)
SKIP maize_ZEAMAP/epigenome/dna_methylation/02_sites/AMP_Methyl_sites/BY855_methylC.bed.gz
bash: warning: setlocale: LC_ALL: cannot change locale (C.UTF-8)
GET maize_ZEAMAP/epigenome/dna_methylation/02_sites/AMP_Methyl_sites/BY855_methylC.bed.gz.tbi
bash: warning: setlocale: LC_ALL: cannot change locale (C.UTF-8)
GET maize_ZEAMAP/epigenome/dna_methylation/02_sites/AMP_Methyl_sites/CF3_methylC.bed.gz
bash: warning: setlocale: LC_ALL: cannot change locale (C.UTF-8)
GET maize_ZEAMAP/epigenome/dna_methylation/02_sites/AMP_Methyl_sites/CF3_methylC.bed.gz.tbi
bash: warning: setlocale: LC_ALL: cannot change locale (C.UTF-8)
GET maize_ZEAMAP/epigenome/dna_methylation/02_sites/AMP_Methyl_sites/CHENG698_methylC.bed.gz
bash: warning: setlocale: LC_ALL: cannot change locale (C.UTF-8)
GET maize_ZEAMAP/epigenome/dna_methylation/02_sites/AMP_Methyl_sites/CHENG698_methylC.bed.gz.tbi
bash: warning: setlocale: LC_ALL: cannot change locale (C.UTF-8)
GET maize_ZEAMAP/epigenome/dna_methylation/02_sites/AMP_Methyl_sites/CIMBL105_methylC.bed.gz
bash: warning: setlocale: LC_ALL: cannot change locale (C.UTF-8)
SKIP maize_ZEAMAP/epigenome/dna_methylation/02_sites/AMP_Methyl_sites/CIMBL105_methylC.bed.gz.tbi
bash: warning: setlocale: LC_ALL: cannot change locale (C.UTF-8)
SKIP maize_ZEAMAP/epigenome/dna_methylation/02_sites/AMP_Methyl_sites/CIMBL107_methylC.bed.gz
bash: warning: setlocale: LC_ALL: cannot change locale (C.UTF-8)
SKIP maize_ZEAMAP/epigenome/dna_methylation/02_sites/AMP_Methyl_sites/CIMBL107_methylC.bed.gz.tbi
bash: warning: setlocale: LC_ALL: cannot change locale (C.UTF-8)
SKIP maize_ZEAMAP/epigenome/dna_methylation/02_sites/AMP_Methyl_sites/CIMBL108_methylC.bed.gz
bash: warning: setlocale: LC_ALL: cannot change locale (C.UTF-8)
GET maize_ZEAMAP/epigenome/dna_methylation/02_sites/AMP_Methyl_sites/CIMBL108_methylC.bed.gz.tbi
bash: warning: setlocale: LC_ALL: cannot change locale (C.UTF-8)
GET maize_ZEAMAP/epigenome/dna_methylation/02_sites/AMP_Methyl_sites/CIMBL109_methylC.bed.gz
bash: warning: setlocale: LC_ALL: cannot change locale (C.UTF-8)
SKIP maize_ZEAMAP/epigenome/dna_methylation/02_sites/AMP_Methyl_sites/CIMBL109_methylC.bed.gz.tbi
bash: warning: setlocale: LC_ALL: cannot change locale (C.UTF-8)
SKIP maize_ZEAMAP/epigenome/dna_methylation/02_sites/AMP_Methyl_sites/CIMBL10_methylC.bed.gz
bash: warning: setlocale: LC_ALL: cannot change locale (C.UTF-8)
GET maize_ZEAMAP/epigenome/dna_methylation/02_sites/AMP_Methyl_sites/CIMBL10_methylC.bed.gz.tbi
bash: warning: setlocale: LC_ALL: cannot change locale (C.UTF-8)
GET maize_ZEAMAP/epigenome/dna_methylation/02_sites/AMP_Methyl_sites/CIMBL110_methylC.bed.gz
bash: warning: setlocale: LC_ALL: cannot change locale (C.UTF-8)
GET maize_ZEAMAP/epigenome/dna_methylation/02_sites/AMP_Methyl_sites/CIMBL110_methylC.bed.gz.tbi
bash: warning: setlocale: LC_ALL: cannot change locale (C.UTF-8)
GET maize_ZEAMAP/epigenome/dna_methylation/02_sites/AMP_Methyl_sites/CIMBL112_methylC.bed.gz
bash: warning: setlocale: LC_ALL: cannot change locale (C.UTF-8)
SKIP maize_ZEAMAP/epigenome/dna_methylation/02_sites/AMP_Methyl_sites/CIMBL112_methylC.bed.gz.tbi
bash: warning: setlocale: LC_ALL: cannot change locale (C.UTF-8)
SKIP maize_ZEAMAP/epigenome/dna_methylation/02_sites/AMP_Methyl_sites/CIMBL114_methylC.bed.gz
bash: warning: setlocale: LC_ALL: cannot change locale (C.UTF-8)
GET maize_ZEAMAP/epigenome/dna_methylation/02_sites/AMP_Methyl_sites/CIMBL114_methylC.bed.gz.tbi
bash: warning: setlocale: LC_ALL: cannot change locale (C.UTF-8)
GET maize_ZEAMAP/epigenome/dna_methylation/02_sites/AMP_Methyl_sites/CIMBL116_methylC.bed.gz
bash: warning: setlocale: LC_ALL: cannot change locale (C.UTF-8)
SKIP maize_ZEAMAP/epigenome/dna_methylation/02_sites/AMP_Methyl_sites/CIMBL116_methylC.bed.gz.tbi
bash: warning: setlocale: LC_ALL: cannot change locale (C.UTF-8)
SKIP maize_ZEAMAP/epigenome/dna_methylation/02_sites/AMP_Methyl_sites/CIMBL11_methylC.bed.gz
bash: warning: setlocale: LC_ALL: cannot change locale (C.UTF-8)
SKIP maize_ZEAMAP/epigenome/dna_methylation/02_sites/AMP_Methyl_sites/CIMBL11_methylC.bed.gz.tbi
bash: warning: setlocale: LC_ALL: cannot change locale (C.UTF-8)
SKIP maize_ZEAMAP/epigenome/dna_methylation/02_sites/AMP_Methyl_sites/CIMBL125_methylC.bed.gz
bash: warning: setlocale: LC_ALL: cannot change locale (C.UTF-8)
SKIP maize_ZEAMAP/epigenome/dna_methylation/02_sites/AMP_Methyl_sites/CIMBL125_methylC.bed.gz.tbi
bash: warning: setlocale: LC_ALL: cannot change locale (C.UTF-8)
SKIP maize_ZEAMAP/epigenome/dna_methylation/02_sites/AMP_Methyl_sites/CIMBL126_methylC.bed.gz
bash: warning: setlocale: LC_ALL: cannot change locale (C.UTF-8)
GET maize_ZEAMAP/epigenome/dna_methylation/02_sites/AMP_Methyl_sites/CIMBL126_methylC.bed.gz.tbi
bash: warning: setlocale: LC_ALL: cannot change locale (C.UTF-8)
GET maize_ZEAMAP/epigenome/dna_methylation/02_sites/AMP_Methyl_sites/CIMBL127_methylC.bed.gz
bash: warning: setlocale: LC_ALL: cannot change locale (C.UTF-8)
SKIP maize_ZEAMAP/epigenome/dna_methylation/02_sites/AMP_Methyl_sites/CIMBL127_methylC.bed.gz.tbi
bash: warning: setlocale: LC_ALL: cannot change locale (C.UTF-8)
SKIP maize_ZEAMAP/epigenome/dna_methylation/02_sites/AMP_Methyl_sites/CIMBL129_methylC.bed.gz
bash: warning: setlocale: LC_ALL: cannot change locale (C.UTF-8)
SKIP maize_ZEAMAP/epigenome/dna_methylation/02_sites/AMP_Methyl_sites/CIMBL129_methylC.bed.gz.tbi
bash: warning: setlocale: LC_ALL: cannot change locale (C.UTF-8)
SKIP maize_ZEAMAP/epigenome/dna_methylation/02_sites/AMP_Methyl_sites/CIMBL12_methylC.bed.gz
bash: warning: setlocale: LC_ALL: cannot change locale (C.UTF-8)
GET maize_ZEAMAP/epigenome/dna_methylation/02_sites/AMP_Methyl_sites/CIMBL12_methylC.bed.gz.tbi
bash: warning: setlocale: LC_ALL: cannot change locale (C.UTF-8)
GET maize_ZEAMAP/epigenome/dna_methylation/02_sites/AMP_Methyl_sites/CIMBL130_methylC.bed.gz
bash: warning: setlocale: LC_ALL: cannot change locale (C.UTF-8)
GET maize_ZEAMAP/epigenome/dna_methylation/02_sites/AMP_Methyl_sites/CIMBL130_methylC.bed.gz.tbi
bash: warning: setlocale: LC_ALL: cannot change locale (C.UTF-8)
GET maize_ZEAMAP/epigenome/dna_methylation/02_sites/AMP_Methyl_sites/CIMBL131_methylC.bed.gz
bash: warning: setlocale: LC_ALL: cannot change locale (C.UTF-8)
SKIP maize_ZEAMAP/epigenome/dna_methylation/02_sites/AMP_Methyl_sites/CIMBL131_methylC.bed.gz.tbi
bash: warning: setlocale: LC_ALL: cannot change locale (C.UTF-8)
SKIP maize_ZEAMAP/epigenome/dna_methylation/02_sites/AMP_Methyl_sites/CIMBL133_methylC.bed.gz
bash: warning: setlocale: LC_ALL: cannot change locale (C.UTF-8)
GET maize_ZEAMAP/epigenome/dna_methylation/02_sites/AMP_Methyl_sites/CIMBL133_methylC.bed.gz.tbi
bash: warning: setlocale: LC_ALL: cannot change locale (C.UTF-8)
GET maize_ZEAMAP/epigenome/dna_methylation/02_sites/AMP_Methyl_sites/CIMBL137_methylC.bed.gz
bash: warning: setlocale: LC_ALL: cannot change locale (C.UTF-8)
SKIP maize_ZEAMAP/epigenome/dna_methylation/02_sites/AMP_Methyl_sites/CIMBL137_methylC.bed.gz.tbi
bash: warning: setlocale: LC_ALL: cannot change locale (C.UTF-8)
SKIP maize_ZEAMAP/epigenome/dna_methylation/02_sites/AMP_Methyl_sites/CIMBL138_methylC.bed.gz
bash: warning: setlocale: LC_ALL: cannot change locale (C.UTF-8)
GET maize_ZEAMAP/epigenome/dna_methylation/02_sites/AMP_Methyl_sites/CIMBL138_methylC.bed.gz.tbi
bash: warning: setlocale: LC_ALL: cannot change locale (C.UTF-8)
GET maize_ZEAMAP/epigenome/dna_methylation/02_sites/AMP_Methyl_sites/CIMBL13_methylC.bed.gz
bash: warning: setlocale: LC_ALL: cannot change locale (C.UTF-8)
SKIP maize_ZEAMAP/epigenome/dna_methylation/02_sites/AMP_Methyl_sites/CIMBL13_methylC.bed.gz.tbi
bash: warning: setlocale: LC_ALL: cannot change locale (C.UTF-8)
SKIP maize_ZEAMAP/epigenome/dna_methylation/02_sites/AMP_Methyl_sites/CIMBL140_methylC.bed.gz
bash: warning: setlocale: LC_ALL: cannot change locale (C.UTF-8)
GET maize_ZEAMAP/epigenome/dna_methylation/02_sites/AMP_Methyl_sites/CIMBL140_methylC.bed.gz.tbi
bash: warning: setlocale: LC_ALL: cannot change locale (C.UTF-8)
GET maize_ZEAMAP/epigenome/dna_methylation/02_sites/AMP_Methyl_sites/CIMBL141_methylC.bed.gz
bash: warning: setlocale: LC_ALL: cannot change locale (C.UTF-8)
SKIP maize_ZEAMAP/epigenome/dna_methylation/02_sites/AMP_Methyl_sites/CIMBL141_methylC.bed.gz.tbi
bash: warning: setlocale: LC_ALL: cannot change locale (C.UTF-8)
SKIP maize_ZEAMAP/epigenome/dna_methylation/02_sites/AMP_Methyl_sites/CIMBL145_methylC.bed.gz
bash: warning: setlocale: LC_ALL: cannot change locale (C.UTF-8)
SKIP maize_ZEAMAP/epigenome/dna_methylation/02_sites/AMP_Methyl_sites/CIMBL145_methylC.bed.gz.tbi
bash: warning: setlocale: LC_ALL: cannot change locale (C.UTF-8)
SKIP maize_ZEAMAP/epigenome/dna_methylation/02_sites/AMP_Methyl_sites/CIMBL148_methylC.bed.gz
bash: warning: setlocale: LC_ALL: cannot change locale (C.UTF-8)
SKIP maize_ZEAMAP/epigenome/dna_methylation/02_sites/AMP_Methyl_sites/CIMBL148_methylC.bed.gz.tbi
bash: warning: setlocale: LC_ALL: cannot change locale (C.UTF-8)
SKIP maize_ZEAMAP/epigenome/dna_methylation/02_sites/AMP_Methyl_sites/CIMBL14_methylC.bed.gz
bash: warning: setlocale: LC_ALL: cannot change locale (C.UTF-8)
SKIP maize_ZEAMAP/epigenome/dna_methylation/02_sites/AMP_Methyl_sites/CIMBL14_methylC.bed.gz.tbi
bash: warning: setlocale: LC_ALL: cannot change locale (C.UTF-8)
SKIP maize_ZEAMAP/epigenome/dna_methylation/02_sites/AMP_Methyl_sites/CIMBL150_methylC.bed.gz
bash: warning: setlocale: LC_ALL: cannot change locale (C.UTF-8)
GET maize_ZEAMAP/epigenome/dna_methylation/02_sites/AMP_Methyl_sites/CIMBL150_methylC.bed.gz.tbi
bash: warning: setlocale: LC_ALL: cannot change locale (C.UTF-8)
GET maize_ZEAMAP/epigenome/dna_methylation/02_sites/AMP_Methyl_sites/CIMBL151_methylC.bed.gz
bash: warning: setlocale: LC_ALL: cannot change locale (C.UTF-8)
GET maize_ZEAMAP/epigenome/dna_methylation/02_sites/AMP_Methyl_sites/CIMBL151_methylC.bed.gz.tbi
bash: warning: setlocale: LC_ALL: cannot change locale (C.UTF-8)
GET maize_ZEAMAP/epigenome/dna_methylation/02_sites/AMP_Methyl_sites/CIMBL152_methylC.bed.gz
bash: warning: setlocale: LC_ALL: cannot change locale (C.UTF-8)
GET maize_ZEAMAP/epigenome/dna_methylation/02_sites/AMP_Methyl_sites/CIMBL152_methylC.bed.gz.tbi
bash: warning: setlocale: LC_ALL: cannot change locale (C.UTF-8)
GET maize_ZEAMAP/epigenome/dna_methylation/02_sites/AMP_Methyl_sites/CIMBL154_methylC.bed.gz
bash: warning: setlocale: LC_ALL: cannot change locale (C.UTF-8)
SKIP maize_ZEAMAP/epigenome/dna_methylation/02_sites/AMP_Methyl_sites/CIMBL154_methylC.bed.gz.tbi
bash: warning: setlocale: LC_ALL: cannot change locale (C.UTF-8)
SKIP maize_ZEAMAP/epigenome/dna_methylation/02_sites/AMP_Methyl_sites/CIMBL155_methylC.bed.gz
bash: warning: setlocale: LC_ALL: cannot change locale (C.UTF-8)
SKIP maize_ZEAMAP/epigenome/dna_methylation/02_sites/AMP_Methyl_sites/CIMBL155_methylC.bed.gz.tbi
bash: warning: setlocale: LC_ALL: cannot change locale (C.UTF-8)
SKIP maize_ZEAMAP/epigenome/dna_methylation/02_sites/AMP_Methyl_sites/CIMBL17_methylC.bed.gz
bash: warning: setlocale: LC_ALL: cannot change locale (C.UTF-8)
GET maize_ZEAMAP/epigenome/dna_methylation/02_sites/AMP_Methyl_sites/CIMBL17_methylC.bed.gz.tbi
bash: warning: setlocale: LC_ALL: cannot change locale (C.UTF-8)
GET maize_ZEAMAP/epigenome/dna_methylation/02_sites/AMP_Methyl_sites/CIMBL18_methylC.bed.gz
bash: warning: setlocale: LC_ALL: cannot change locale (C.UTF-8)
SKIP maize_ZEAMAP/epigenome/dna_methylation/02_sites/AMP_Methyl_sites/CIMBL18_methylC.bed.gz.tbi
bash: warning: setlocale: LC_ALL: cannot change locale (C.UTF-8)
SKIP maize_ZEAMAP/epigenome/dna_methylation/02_sites/AMP_Methyl_sites/CIMBL20_methylC.bed.gz
bash: warning: setlocale: LC_ALL: cannot change locale (C.UTF-8)
GET maize_ZEAMAP/epigenome/dna_methylation/02_sites/AMP_Methyl_sites/CIMBL20_methylC.bed.gz.tbi
bash: warning: setlocale: LC_ALL: cannot change locale (C.UTF-8)
GET maize_ZEAMAP/epigenome/dna_methylation/02_sites/AMP_Methyl_sites/CIMBL22_methylC.bed.gz
bash: warning: setlocale: LC_ALL: cannot change locale (C.UTF-8)
SKIP maize_ZEAMAP/epigenome/dna_methylation/02_sites/AMP_Methyl_sites/CIMBL22_methylC.bed.gz.tbi
bash: warning: setlocale: LC_ALL: cannot change locale (C.UTF-8)
GET maize_ZEAMAP/epigenome/dna_methylation/02_sites/AMP_Methyl_sites/CIMBL23_methylC.bed.gz
bash: warning: setlocale: LC_ALL: cannot change locale (C.UTF-8)
SKIP maize_ZEAMAP/epigenome/dna_methylation/02_sites/AMP_Methyl_sites/CIMBL23_methylC.bed.gz.tbi
bash: warning: setlocale: LC_ALL: cannot change locale (C.UTF-8)
SKIP maize_ZEAMAP/epigenome/dna_methylation/02_sites/AMP_Methyl_sites/CIMBL25_methylC.bed.gz
bash: warning: setlocale: LC_ALL: cannot change locale (C.UTF-8)
GET maize_ZEAMAP/epigenome/dna_methylation/02_sites/AMP_Methyl_sites/CIMBL25_methylC.bed.gz.tbi
bash: warning: setlocale: LC_ALL: cannot change locale (C.UTF-8)
GET maize_ZEAMAP/epigenome/dna_methylation/02_sites/AMP_Methyl_sites/CIMBL28_methylC.bed.gz
bash: warning: setlocale: LC_ALL: cannot change locale (C.UTF-8)
GET maize_ZEAMAP/epigenome/dna_methylation/02_sites/AMP_Methyl_sites/CIMBL28_methylC.bed.gz.tbi
bash: warning: setlocale: LC_ALL: cannot change locale (C.UTF-8)
GET maize_ZEAMAP/epigenome/dna_methylation/02_sites/AMP_Methyl_sites/CIMBL29_methylC.bed.gz
bash: warning: setlocale: LC_ALL: cannot change locale (C.UTF-8)
SKIP maize_ZEAMAP/epigenome/dna_methylation/02_sites/AMP_Methyl_sites/CIMBL29_methylC.bed.gz.tbi
bash: warning: setlocale: LC_ALL: cannot change locale (C.UTF-8)
SKIP maize_ZEAMAP/epigenome/dna_methylation/02_sites/AMP_Methyl_sites/CIMBL2_methylC.bed.gz
bash: warning: setlocale: LC_ALL: cannot change locale (C.UTF-8)
SKIP maize_ZEAMAP/epigenome/dna_methylation/02_sites/AMP_Methyl_sites/CIMBL2_methylC.bed.gz.tbi
bash: warning: setlocale: LC_ALL: cannot change locale (C.UTF-8)
SKIP maize_ZEAMAP/epigenome/dna_methylation/02_sites/AMP_Methyl_sites/CIMBL33_methylC.bed.gz
bash: warning: setlocale: LC_ALL: cannot change locale (C.UTF-8)
GET maize_ZEAMAP/epigenome/dna_methylation/02_sites/AMP_Methyl_sites/CIMBL33_methylC.bed.gz.tbi
bash: warning: setlocale: LC_ALL: cannot change locale (C.UTF-8)
GET maize_ZEAMAP/epigenome/dna_methylation/02_sites/AMP_Methyl_sites/CIMBL37_methylC.bed.gz
bash: warning: setlocale: LC_ALL: cannot change locale (C.UTF-8)
GET maize_ZEAMAP/epigenome/dna_methylation/02_sites/AMP_Methyl_sites/CIMBL37_methylC.bed.gz.tbi
bash: warning: setlocale: LC_ALL: cannot change locale (C.UTF-8)
GET maize_ZEAMAP/epigenome/dna_methylation/02_sites/AMP_Methyl_sites/CIMBL39_methylC.bed.gz
bash: warning: setlocale: LC_ALL: cannot change locale (C.UTF-8)
SKIP maize_ZEAMAP/epigenome/dna_methylation/02_sites/AMP_Methyl_sites/CIMBL39_methylC.bed.gz.tbi
bash: warning: setlocale: LC_ALL: cannot change locale (C.UTF-8)
SKIP maize_ZEAMAP/epigenome/dna_methylation/02_sites/AMP_Methyl_sites/CIMBL3_methylC.bed.gz
bash: warning: setlocale: LC_ALL: cannot change locale (C.UTF-8)
GET maize_ZEAMAP/epigenome/dna_methylation/02_sites/AMP_Methyl_sites/CIMBL3_methylC.bed.gz.tbi
bash: warning: setlocale: LC_ALL: cannot change locale (C.UTF-8)
GET maize_ZEAMAP/epigenome/dna_methylation/02_sites/AMP_Methyl_sites/CIMBL40_methylC.bed.gz
bash: warning: setlocale: LC_ALL: cannot change locale (C.UTF-8)
GET maize_ZEAMAP/epigenome/dna_methylation/02_sites/AMP_Methyl_sites/CIMBL40_methylC.bed.gz.tbi
bash: warning: setlocale: LC_ALL: cannot change locale (C.UTF-8)
GET maize_ZEAMAP/epigenome/dna_methylation/02_sites/AMP_Methyl_sites/CIMBL41_methylC.bed.gz
bash: warning: setlocale: LC_ALL: cannot change locale (C.UTF-8)
SKIP maize_ZEAMAP/epigenome/dna_methylation/02_sites/AMP_Methyl_sites/CIMBL41_methylC.bed.gz.tbi
bash: warning: setlocale: LC_ALL: cannot change locale (C.UTF-8)
SKIP maize_ZEAMAP/epigenome/dna_methylation/02_sites/AMP_Methyl_sites/CIMBL42_methylC.bed.gz
bash: warning: setlocale: LC_ALL: cannot change locale (C.UTF-8)
GET maize_ZEAMAP/epigenome/dna_methylation/02_sites/AMP_Methyl_sites/CIMBL42_methylC.bed.gz.tbi
bash: warning: setlocale: LC_ALL: cannot change locale (C.UTF-8)
GET maize_ZEAMAP/epigenome/dna_methylation/02_sites/AMP_Methyl_sites/CIMBL43_methylC.bed.gz
bash: warning: setlocale: LC_ALL: cannot change locale (C.UTF-8)
SKIP maize_ZEAMAP/epigenome/dna_methylation/02_sites/AMP_Methyl_sites/CIMBL43_methylC.bed.gz.tbi
bash: warning: setlocale: LC_ALL: cannot change locale (C.UTF-8)
SKIP maize_ZEAMAP/epigenome/dna_methylation/02_sites/AMP_Methyl_sites/CIMBL44_methylC.bed.gz
bash: warning: setlocale: LC_ALL: cannot change locale (C.UTF-8)
GET maize_ZEAMAP/epigenome/dna_methylation/02_sites/AMP_Methyl_sites/CIMBL44_methylC.bed.gz.tbi
bash: warning: setlocale: LC_ALL: cannot change locale (C.UTF-8)
GET maize_ZEAMAP/epigenome/dna_methylation/02_sites/AMP_Methyl_sites/CIMBL48_methylC.bed.gz
bash: warning: setlocale: LC_ALL: cannot change locale (C.UTF-8)
GET maize_ZEAMAP/epigenome/dna_methylation/02_sites/AMP_Methyl_sites/CIMBL48_methylC.bed.gz.tbi
bash: warning: setlocale: LC_ALL: cannot change locale (C.UTF-8)
GET maize_ZEAMAP/epigenome/dna_methylation/02_sites/AMP_Methyl_sites/CIMBL49_methylC.bed.gz
bash: warning: setlocale: LC_ALL: cannot change locale (C.UTF-8)
SKIP maize_ZEAMAP/epigenome/dna_methylation/02_sites/AMP_Methyl_sites/CIMBL49_methylC.bed.gz.tbi
bash: warning: setlocale: LC_ALL: cannot change locale (C.UTF-8)
SKIP maize_ZEAMAP/epigenome/dna_methylation/02_sites/AMP_Methyl_sites/CIMBL4_methylC.bed.gz
bash: warning: setlocale: LC_ALL: cannot change locale (C.UTF-8)
SKIP maize_ZEAMAP/epigenome/dna_methylation/02_sites/AMP_Methyl_sites/CIMBL4_methylC.bed.gz.tbi
bash: warning: setlocale: LC_ALL: cannot change locale (C.UTF-8)
GET maize_ZEAMAP/epigenome/dna_methylation/02_sites/AMP_Methyl_sites/CIMBL51_methylC.bed.gz
bash: warning: setlocale: LC_ALL: cannot change locale (C.UTF-8)
GET maize_ZEAMAP/epigenome/dna_methylation/02_sites/AMP_Methyl_sites/CIMBL51_methylC.bed.gz.tbi
bash: warning: setlocale: LC_ALL: cannot change locale (C.UTF-8)
GET maize_ZEAMAP/epigenome/dna_methylation/02_sites/AMP_Methyl_sites/CIMBL53_methylC.bed.gz
bash: warning: setlocale: LC_ALL: cannot change locale (C.UTF-8)
GET maize_ZEAMAP/epigenome/dna_methylation/02_sites/AMP_Methyl_sites/CIMBL53_methylC.bed.gz.tbi
bash: warning: setlocale: LC_ALL: cannot change locale (C.UTF-8)
GET maize_ZEAMAP/epigenome/dna_methylation/02_sites/AMP_Methyl_sites/CIMBL56_methylC.bed.gz
bash: warning: setlocale: LC_ALL: cannot change locale (C.UTF-8)
SKIP maize_ZEAMAP/epigenome/dna_methylation/02_sites/AMP_Methyl_sites/CIMBL56_methylC.bed.gz.tbi
bash: warning: setlocale: LC_ALL: cannot change locale (C.UTF-8)
SKIP maize_ZEAMAP/epigenome/dna_methylation/02_sites/AMP_Methyl_sites/CIMBL60_methylC.bed.gz
bash: warning: setlocale: LC_ALL: cannot change locale (C.UTF-8)
SKIP maize_ZEAMAP/epigenome/dna_methylation/02_sites/AMP_Methyl_sites/CIMBL60_methylC.bed.gz.tbi
bash: warning: setlocale: LC_ALL: cannot change locale (C.UTF-8)
SKIP maize_ZEAMAP/epigenome/dna_methylation/02_sites/AMP_Methyl_sites/CIMBL63_methylC.bed.gz
bash: warning: setlocale: LC_ALL: cannot change locale (C.UTF-8)
SKIP maize_ZEAMAP/epigenome/dna_methylation/02_sites/AMP_Methyl_sites/CIMBL63_methylC.bed.gz.tbi
bash: warning: setlocale: LC_ALL: cannot change locale (C.UTF-8)
SKIP maize_ZEAMAP/epigenome/dna_methylation/02_sites/AMP_Methyl_sites/CIMBL66_methylC.bed.gz
bash: warning: setlocale: LC_ALL: cannot change locale (C.UTF-8)
GET maize_ZEAMAP/epigenome/dna_methylation/02_sites/AMP_Methyl_sites/CIMBL66_methylC.bed.gz.tbi
bash: warning: setlocale: LC_ALL: cannot change locale (C.UTF-8)
GET maize_ZEAMAP/epigenome/dna_methylation/02_sites/AMP_Methyl_sites/CIMBL68_methylC.bed.gz
bash: warning: setlocale: LC_ALL: cannot change locale (C.UTF-8)
SKIP maize_ZEAMAP/epigenome/dna_methylation/02_sites/AMP_Methyl_sites/CIMBL68_methylC.bed.gz.tbi
bash: warning: setlocale: LC_ALL: cannot change locale (C.UTF-8)
SKIP maize_ZEAMAP/epigenome/dna_methylation/02_sites/AMP_Methyl_sites/CIMBL69_methylC.bed.gz
bash: warning: setlocale: LC_ALL: cannot change locale (C.UTF-8)
GET maize_ZEAMAP/epigenome/dna_methylation/02_sites/AMP_Methyl_sites/CIMBL69_methylC.bed.gz.tbi
bash: warning: setlocale: LC_ALL: cannot change locale (C.UTF-8)
GET maize_ZEAMAP/epigenome/dna_methylation/02_sites/AMP_Methyl_sites/CIMBL70_methylC.bed.gz
bash: warning: setlocale: LC_ALL: cannot change locale (C.UTF-8)
GET maize_ZEAMAP/epigenome/dna_methylation/02_sites/AMP_Methyl_sites/CIMBL70_methylC.bed.gz.tbi
bash: warning: setlocale: LC_ALL: cannot change locale (C.UTF-8)
GET maize_ZEAMAP/epigenome/dna_methylation/02_sites/AMP_Methyl_sites/CIMBL71_methylC.bed.gz
bash: warning: setlocale: LC_ALL: cannot change locale (C.UTF-8)
SKIP maize_ZEAMAP/epigenome/dna_methylation/02_sites/AMP_Methyl_sites/CIMBL71_methylC.bed.gz.tbi
bash: warning: setlocale: LC_ALL: cannot change locale (C.UTF-8)
SKIP maize_ZEAMAP/epigenome/dna_methylation/02_sites/AMP_Methyl_sites/CIMBL72_methylC.bed.gz
bash: warning: setlocale: LC_ALL: cannot change locale (C.UTF-8)
SKIP maize_ZEAMAP/epigenome/dna_methylation/02_sites/AMP_Methyl_sites/CIMBL72_methylC.bed.gz.tbi
bash: warning: setlocale: LC_ALL: cannot change locale (C.UTF-8)
SKIP maize_ZEAMAP/epigenome/dna_methylation/02_sites/AMP_Methyl_sites/CIMBL74_methylC.bed.gz
bash: warning: setlocale: LC_ALL: cannot change locale (C.UTF-8)
GET maize_ZEAMAP/epigenome/dna_methylation/02_sites/AMP_Methyl_sites/CIMBL74_methylC.bed.gz.tbi
bash: warning: setlocale: LC_ALL: cannot change locale (C.UTF-8)
GET maize_ZEAMAP/epigenome/dna_methylation/02_sites/AMP_Methyl_sites/CIMBL75_methylC.bed.gz
bash: warning: setlocale: LC_ALL: cannot change locale (C.UTF-8)
GET maize_ZEAMAP/epigenome/dna_methylation/02_sites/AMP_Methyl_sites/CIMBL75_methylC.bed.gz.tbi
bash: warning: setlocale: LC_ALL: cannot change locale (C.UTF-8)
GET maize_ZEAMAP/epigenome/dna_methylation/02_sites/AMP_Methyl_sites/CIMBL76_methylC.bed.gz
bash: warning: setlocale: LC_ALL: cannot change locale (C.UTF-8)
SKIP maize_ZEAMAP/epigenome/dna_methylation/02_sites/AMP_Methyl_sites/CIMBL76_methylC.bed.gz.tbi
bash: warning: setlocale: LC_ALL: cannot change locale (C.UTF-8)
SKIP maize_ZEAMAP/epigenome/dna_methylation/02_sites/AMP_Methyl_sites/CIMBL77_methylC.bed.gz
bash: warning: setlocale: LC_ALL: cannot change locale (C.UTF-8)
GET maize_ZEAMAP/epigenome/dna_methylation/02_sites/AMP_Methyl_sites/CIMBL77_methylC.bed.gz.tbi
bash: warning: setlocale: LC_ALL: cannot change locale (C.UTF-8)
GET maize_ZEAMAP/epigenome/dna_methylation/02_sites/AMP_Methyl_sites/CIMBL7_methylC.bed.gz
bash: warning: setlocale: LC_ALL: cannot change locale (C.UTF-8)
SKIP maize_ZEAMAP/epigenome/dna_methylation/02_sites/AMP_Methyl_sites/CIMBL7_methylC.bed.gz.tbi
bash: warning: setlocale: LC_ALL: cannot change locale (C.UTF-8)
SKIP maize_ZEAMAP/epigenome/dna_methylation/02_sites/AMP_Methyl_sites/CIMBL82_methylC.bed.gz
bash: warning: setlocale: LC_ALL: cannot change locale (C.UTF-8)
GET maize_ZEAMAP/epigenome/dna_methylation/02_sites/AMP_Methyl_sites/CIMBL82_methylC.bed.gz.tbi
bash: warning: setlocale: LC_ALL: cannot change locale (C.UTF-8)
GET maize_ZEAMAP/epigenome/dna_methylation/02_sites/AMP_Methyl_sites/CIMBL83_methylC.bed.gz
bash: warning: setlocale: LC_ALL: cannot change locale (C.UTF-8)
SKIP maize_ZEAMAP/epigenome/dna_methylation/02_sites/AMP_Methyl_sites/CIMBL83_methylC.bed.gz.tbi
bash: warning: setlocale: LC_ALL: cannot change locale (C.UTF-8)
SKIP maize_ZEAMAP/epigenome/dna_methylation/02_sites/AMP_Methyl_sites/CIMBL86_methylC.bed.gz
bash: warning: setlocale: LC_ALL: cannot change locale (C.UTF-8)
GET maize_ZEAMAP/epigenome/dna_methylation/02_sites/AMP_Methyl_sites/CIMBL86_methylC.bed.gz.tbi
bash: warning: setlocale: LC_ALL: cannot change locale (C.UTF-8)
GET maize_ZEAMAP/epigenome/dna_methylation/02_sites/AMP_Methyl_sites/CIMBL88_methylC.bed.gz
bash: warning: setlocale: LC_ALL: cannot change locale (C.UTF-8)
GET maize_ZEAMAP/epigenome/dna_methylation/02_sites/AMP_Methyl_sites/CIMBL88_methylC.bed.gz.tbi
bash: warning: setlocale: LC_ALL: cannot change locale (C.UTF-8)
GET maize_ZEAMAP/epigenome/dna_methylation/02_sites/AMP_Methyl_sites/CIMBL8_methylC.bed.gz
bash: warning: setlocale: LC_ALL: cannot change locale (C.UTF-8)
SKIP maize_ZEAMAP/epigenome/dna_methylation/02_sites/AMP_Methyl_sites/CIMBL8_methylC.bed.gz.tbi
bash: warning: setlocale: LC_ALL: cannot change locale (C.UTF-8)
SKIP maize_ZEAMAP/epigenome/dna_methylation/02_sites/AMP_Methyl_sites/CIMBL91_methylC.bed.gz
bash: warning: setlocale: LC_ALL: cannot change locale (C.UTF-8)
SKIP maize_ZEAMAP/epigenome/dna_methylation/02_sites/AMP_Methyl_sites/CIMBL91_methylC.bed.gz.tbi
bash: warning: setlocale: LC_ALL: cannot change locale (C.UTF-8)
SKIP maize_ZEAMAP/epigenome/dna_methylation/02_sites/AMP_Methyl_sites/CIMBL92_methylC.bed.gz
bash: warning: setlocale: LC_ALL: cannot change locale (C.UTF-8)
GET maize_ZEAMAP/epigenome/dna_methylation/02_sites/AMP_Methyl_sites/CIMBL92_methylC.bed.gz.tbi
bash: warning: setlocale: LC_ALL: cannot change locale (C.UTF-8)
GET maize_ZEAMAP/epigenome/dna_methylation/02_sites/AMP_Methyl_sites/CIMBL94_methylC.bed.gz
bash: warning: setlocale: LC_ALL: cannot change locale (C.UTF-8)
SKIP maize_ZEAMAP/epigenome/dna_methylation/02_sites/AMP_Methyl_sites/CIMBL94_methylC.bed.gz.tbi
bash: warning: setlocale: LC_ALL: cannot change locale (C.UTF-8)
SKIP maize_ZEAMAP/epigenome/dna_methylation/02_sites/AMP_Methyl_sites/CIMBL95_methylC.bed.gz
bash: warning: setlocale: LC_ALL: cannot change locale (C.UTF-8)
SKIP maize_ZEAMAP/epigenome/dna_methylation/02_sites/AMP_Methyl_sites/CIMBL95_methylC.bed.gz.tbi
bash: warning: setlocale: LC_ALL: cannot change locale (C.UTF-8)
SKIP maize_ZEAMAP/epigenome/dna_methylation/02_sites/AMP_Methyl_sites/CIMBL96_methylC.bed.gz
bash: warning: setlocale: LC_ALL: cannot change locale (C.UTF-8)
GET maize_ZEAMAP/epigenome/dna_methylation/02_sites/AMP_Methyl_sites/CIMBL96_methylC.bed.gz.tbi
bash: warning: setlocale: LC_ALL: cannot change locale (C.UTF-8)
GET maize_ZEAMAP/epigenome/dna_methylation/02_sites/AMP_Methyl_sites/CIMBL99_methylC.bed.gz
bash: warning: setlocale: LC_ALL: cannot change locale (C.UTF-8)
SKIP maize_ZEAMAP/epigenome/dna_methylation/02_sites/AMP_Methyl_sites/CIMBL99_methylC.bed.gz.tbi
bash: warning: setlocale: LC_ALL: cannot change locale (C.UTF-8)
SKIP maize_ZEAMAP/epigenome/dna_methylation/02_sites/AMP_Methyl_sites/CIMBL9_methylC.bed.gz
bash: warning: setlocale: LC_ALL: cannot change locale (C.UTF-8)
GET maize_ZEAMAP/epigenome/dna_methylation/02_sites/AMP_Methyl_sites/CIMBL9_methylC.bed.gz.tbi
bash: warning: setlocale: LC_ALL: cannot change locale (C.UTF-8)
GET maize_ZEAMAP/epigenome/dna_methylation/02_sites/AMP_Methyl_sites/CML114_methylC.bed.gz
bash: warning: setlocale: LC_ALL: cannot change locale (C.UTF-8)
GET maize_ZEAMAP/epigenome/dna_methylation/02_sites/AMP_Methyl_sites/CML114_methylC.bed.gz.tbi
bash: warning: setlocale: LC_ALL: cannot change locale (C.UTF-8)
GET maize_ZEAMAP/epigenome/dna_methylation/02_sites/AMP_Methyl_sites/CML121_methylC.bed.gz
bash: warning: setlocale: LC_ALL: cannot change locale (C.UTF-8)
GET maize_ZEAMAP/epigenome/dna_methylation/02_sites/AMP_Methyl_sites/CML121_methylC.bed.gz.tbi
bash: warning: setlocale: LC_ALL: cannot change locale (C.UTF-8)
GET maize_ZEAMAP/epigenome/dna_methylation/02_sites/AMP_Methyl_sites/CML122_methylC.bed.gz
bash: warning: setlocale: LC_ALL: cannot change locale (C.UTF-8)
SKIP maize_ZEAMAP/epigenome/dna_methylation/02_sites/AMP_Methyl_sites/CML122_methylC.bed.gz.tbi
bash: warning: setlocale: LC_ALL: cannot change locale (C.UTF-8)
SKIP maize_ZEAMAP/epigenome/dna_methylation/02_sites/AMP_Methyl_sites/CML130_methylC.bed.gz
bash: warning: setlocale: LC_ALL: cannot change locale (C.UTF-8)
SKIP maize_ZEAMAP/epigenome/dna_methylation/02_sites/AMP_Methyl_sites/CML130_methylC.bed.gz.tbi
bash: warning: setlocale: LC_ALL: cannot change locale (C.UTF-8)
GET maize_ZEAMAP/epigenome/dna_methylation/02_sites/AMP_Methyl_sites/CML134_methylC.bed.gz
bash: warning: setlocale: LC_ALL: cannot change locale (C.UTF-8)
SKIP maize_ZEAMAP/epigenome/dna_methylation/02_sites/AMP_Methyl_sites/CML134_methylC.bed.gz.tbi
bash: warning: setlocale: LC_ALL: cannot change locale (C.UTF-8)
SKIP maize_ZEAMAP/epigenome/dna_methylation/02_sites/AMP_Methyl_sites/CML139_methylC.bed.gz
bash: warning: setlocale: LC_ALL: cannot change locale (C.UTF-8)
GET maize_ZEAMAP/epigenome/dna_methylation/02_sites/AMP_Methyl_sites/CML139_methylC.bed.gz.tbi
bash: warning: setlocale: LC_ALL: cannot change locale (C.UTF-8)
GET maize_ZEAMAP/epigenome/dna_methylation/02_sites/AMP_Methyl_sites/CML162_methylC.bed.gz
bash: warning: setlocale: LC_ALL: cannot change locale (C.UTF-8)
SKIP maize_ZEAMAP/epigenome/dna_methylation/02_sites/AMP_Methyl_sites/CML162_methylC.bed.gz.tbi
bash: warning: setlocale: LC_ALL: cannot change locale (C.UTF-8)
SKIP maize_ZEAMAP/epigenome/dna_methylation/02_sites/AMP_Methyl_sites/CML163_methylC.bed.gz
bash: warning: setlocale: LC_ALL: cannot change locale (C.UTF-8)
SKIP maize_ZEAMAP/epigenome/dna_methylation/02_sites/AMP_Methyl_sites/CML163_methylC.bed.gz.tbi
bash: warning: setlocale: LC_ALL: cannot change locale (C.UTF-8)
SKIP maize_ZEAMAP/epigenome/dna_methylation/02_sites/AMP_Methyl_sites/CML166_methylC.bed.gz
bash: warning: setlocale: LC_ALL: cannot change locale (C.UTF-8)
GET maize_ZEAMAP/epigenome/dna_methylation/02_sites/AMP_Methyl_sites/CML166_methylC.bed.gz.tbi
bash: warning: setlocale: LC_ALL: cannot change locale (C.UTF-8)
GET maize_ZEAMAP/epigenome/dna_methylation/02_sites/AMP_Methyl_sites/CML168_methylC.bed.gz
bash: warning: setlocale: LC_ALL: cannot change locale (C.UTF-8)
GET maize_ZEAMAP/epigenome/dna_methylation/02_sites/AMP_Methyl_sites/CML168_methylC.bed.gz.tbi
bash: warning: setlocale: LC_ALL: cannot change locale (C.UTF-8)
GET maize_ZEAMAP/epigenome/dna_methylation/02_sites/AMP_Methyl_sites/CML170_methylC.bed.gz
bash: warning: setlocale: LC_ALL: cannot change locale (C.UTF-8)
GET maize_ZEAMAP/epigenome/dna_methylation/02_sites/AMP_Methyl_sites/CML170_methylC.bed.gz.tbi
bash: warning: setlocale: LC_ALL: cannot change locale (C.UTF-8)
GET maize_ZEAMAP/epigenome/dna_methylation/02_sites/AMP_Methyl_sites/CML171_methylC.bed.gz
bash: warning: setlocale: LC_ALL: cannot change locale (C.UTF-8)
SKIP maize_ZEAMAP/epigenome/dna_methylation/02_sites/AMP_Methyl_sites/CML171_methylC.bed.gz.tbi
bash: warning: setlocale: LC_ALL: cannot change locale (C.UTF-8)
SKIP maize_ZEAMAP/epigenome/dna_methylation/02_sites/AMP_Methyl_sites/CML172_methylC.bed.gz
bash: warning: setlocale: LC_ALL: cannot change locale (C.UTF-8)
SKIP maize_ZEAMAP/epigenome/dna_methylation/02_sites/AMP_Methyl_sites/CML172_methylC.bed.gz.tbi
bash: warning: setlocale: LC_ALL: cannot change locale (C.UTF-8)
SKIP maize_ZEAMAP/epigenome/dna_methylation/02_sites/AMP_Methyl_sites/CML189_methylC.bed.gz
bash: warning: setlocale: LC_ALL: cannot change locale (C.UTF-8)
SKIP maize_ZEAMAP/epigenome/dna_methylation/02_sites/AMP_Methyl_sites/CML189_methylC.bed.gz.tbi
bash: warning: setlocale: LC_ALL: cannot change locale (C.UTF-8)
SKIP maize_ZEAMAP/epigenome/dna_methylation/02_sites/AMP_Methyl_sites/CML192_methylC.bed.gz
bash: warning: setlocale: LC_ALL: cannot change locale (C.UTF-8)
bash: warning: setlocale: LC_ALL: cannot change locale (C.UTF-8)
SKIP maize_ZEAMAP/epigenome/dna_methylation/02_sites/AMP_Methyl_sites/CML192_methylC.bed.gz.tbi
SKIP maize_ZEAMAP/epigenome/dna_methylation/02_sites/AMP_Methyl_sites/CML223_methylC.bed.gz
bash: warning: setlocale: LC_ALL: cannot change locale (C.UTF-8)
bash: warning: setlocale: LC_ALL: cannot change locale (C.UTF-8)
GET maize_ZEAMAP/epigenome/dna_methylation/02_sites/AMP_Methyl_sites/CML223_methylC.bed.gz.tbi
GET maize_ZEAMAP/epigenome/dna_methylation/02_sites/AMP_Methyl_sites/CML226_methylC.bed.gz
bash: warning: setlocale: LC_ALL: cannot change locale (C.UTF-8)
GET maize_ZEAMAP/epigenome/dna_methylation/02_sites/AMP_Methyl_sites/CML226_methylC.bed.gz.tbi
bash: warning: setlocale: LC_ALL: cannot change locale (C.UTF-8)
GET maize_ZEAMAP/epigenome/dna_methylation/02_sites/AMP_Methyl_sites/CML26_methylC.bed.gz
bash: warning: setlocale: LC_ALL: cannot change locale (C.UTF-8)
GET maize_ZEAMAP/epigenome/dna_methylation/02_sites/AMP_Methyl_sites/CML26_methylC.bed.gz.tbi
bash: warning: setlocale: LC_ALL: cannot change locale (C.UTF-8)
GET maize_ZEAMAP/epigenome/dna_methylation/02_sites/AMP_Methyl_sites/CML27_methylC.bed.gz
bash: warning: setlocale: LC_ALL: cannot change locale (C.UTF-8)
SKIP maize_ZEAMAP/epigenome/dna_methylation/02_sites/AMP_Methyl_sites/CML27_methylC.bed.gz.tbi
bash: warning: setlocale: LC_ALL: cannot change locale (C.UTF-8)
SKIP maize_ZEAMAP/epigenome/dna_methylation/02_sites/AMP_Methyl_sites/CML285_methylC.bed.gz
bash: warning: setlocale: LC_ALL: cannot change locale (C.UTF-8)
SKIP maize_ZEAMAP/epigenome/dna_methylation/02_sites/AMP_Methyl_sites/CML285_methylC.bed.gz.tbi
bash: warning: setlocale: LC_ALL: cannot change locale (C.UTF-8)
SKIP maize_ZEAMAP/epigenome/dna_methylation/02_sites/AMP_Methyl_sites/CML286_methylC.bed.gz
bash: warning: setlocale: LC_ALL: cannot change locale (C.UTF-8)
SKIP maize_ZEAMAP/epigenome/dna_methylation/02_sites/AMP_Methyl_sites/CML286_methylC.bed.gz.tbi
bash: warning: setlocale: LC_ALL: cannot change locale (C.UTF-8)
SKIP maize_ZEAMAP/epigenome/dna_methylation/02_sites/AMP_Methyl_sites/CML287_methylC.bed.gz
bash: warning: setlocale: LC_ALL: cannot change locale (C.UTF-8)
SKIP maize_ZEAMAP/epigenome/dna_methylation/02_sites/AMP_Methyl_sites/CML287_methylC.bed.gz.tbi
bash: warning: setlocale: LC_ALL: cannot change locale (C.UTF-8)
SKIP maize_ZEAMAP/epigenome/dna_methylation/02_sites/AMP_Methyl_sites/CML28_methylC.bed.gz
bash: warning: setlocale: LC_ALL: cannot change locale (C.UTF-8)
GET maize_ZEAMAP/epigenome/dna_methylation/02_sites/AMP_Methyl_sites/CML28_methylC.bed.gz.tbi
bash: warning: setlocale: LC_ALL: cannot change locale (C.UTF-8)
GET maize_ZEAMAP/epigenome/dna_methylation/02_sites/AMP_Methyl_sites/CML29_methylC.bed.gz
bash: warning: setlocale: LC_ALL: cannot change locale (C.UTF-8)
GET maize_ZEAMAP/epigenome/dna_methylation/02_sites/AMP_Methyl_sites/CML29_methylC.bed.gz.tbi
bash: warning: setlocale: LC_ALL: cannot change locale (C.UTF-8)
GET maize_ZEAMAP/epigenome/dna_methylation/02_sites/AMP_Methyl_sites/CML307_methylC.bed.gz
bash: warning: setlocale: LC_ALL: cannot change locale (C.UTF-8)
GET maize_ZEAMAP/epigenome/dna_methylation/02_sites/AMP_Methyl_sites/CML307_methylC.bed.gz.tbi
bash: warning: setlocale: LC_ALL: cannot change locale (C.UTF-8)
GET maize_ZEAMAP/epigenome/dna_methylation/02_sites/AMP_Methyl_sites/CML323_methylC.bed.gz
bash: warning: setlocale: LC_ALL: cannot change locale (C.UTF-8)
GET maize_ZEAMAP/epigenome/dna_methylation/02_sites/AMP_Methyl_sites/CML323_methylC.bed.gz.tbi
bash: warning: setlocale: LC_ALL: cannot change locale (C.UTF-8)
GET maize_ZEAMAP/epigenome/dna_methylation/02_sites/AMP_Methyl_sites/CML324_methylC.bed.gz
bash: warning: setlocale: LC_ALL: cannot change locale (C.UTF-8)
SKIP maize_ZEAMAP/epigenome/dna_methylation/02_sites/AMP_Methyl_sites/CML324_methylC.bed.gz.tbi
bash: warning: setlocale: LC_ALL: cannot change locale (C.UTF-8)
SKIP maize_ZEAMAP/epigenome/dna_methylation/02_sites/AMP_Methyl_sites/CML325_methylC.bed.gz
bash: warning: setlocale: LC_ALL: cannot change locale (C.UTF-8)
GET maize_ZEAMAP/epigenome/dna_methylation/02_sites/AMP_Methyl_sites/CML325_methylC.bed.gz.tbi
bash: warning: setlocale: LC_ALL: cannot change locale (C.UTF-8)
GET maize_ZEAMAP/epigenome/dna_methylation/02_sites/AMP_Methyl_sites/CML327_methylC.bed.gz
bash: warning: setlocale: LC_ALL: cannot change locale (C.UTF-8)
GET maize_ZEAMAP/epigenome/dna_methylation/02_sites/AMP_Methyl_sites/CML327_methylC.bed.gz.tbi
bash: warning: setlocale: LC_ALL: cannot change locale (C.UTF-8)
GET maize_ZEAMAP/epigenome/dna_methylation/02_sites/AMP_Methyl_sites/CML32_methylC.bed.gz
bash: warning: setlocale: LC_ALL: cannot change locale (C.UTF-8)
SKIP maize_ZEAMAP/epigenome/dna_methylation/02_sites/AMP_Methyl_sites/CML32_methylC.bed.gz.tbi
bash: warning: setlocale: LC_ALL: cannot change locale (C.UTF-8)
SKIP maize_ZEAMAP/epigenome/dna_methylation/02_sites/AMP_Methyl_sites/CML360_methylC.bed.gz
bash: warning: setlocale: LC_ALL: cannot change locale (C.UTF-8)
SKIP maize_ZEAMAP/epigenome/dna_methylation/02_sites/AMP_Methyl_sites/CML360_methylC.bed.gz.tbi
bash: warning: setlocale: LC_ALL: cannot change locale (C.UTF-8)
SKIP maize_ZEAMAP/epigenome/dna_methylation/02_sites/AMP_Methyl_sites/CML361_methylC.bed.gz
bash: warning: setlocale: LC_ALL: cannot change locale (C.UTF-8)
GET maize_ZEAMAP/epigenome/dna_methylation/02_sites/AMP_Methyl_sites/CML361_methylC.bed.gz.tbi
bash: warning: setlocale: LC_ALL: cannot change locale (C.UTF-8)
GET maize_ZEAMAP/epigenome/dna_methylation/02_sites/AMP_Methyl_sites/CML40_methylC.bed.gz
bash: warning: setlocale: LC_ALL: cannot change locale (C.UTF-8)
GET maize_ZEAMAP/epigenome/dna_methylation/02_sites/AMP_Methyl_sites/CML40_methylC.bed.gz.tbi
bash: warning: setlocale: LC_ALL: cannot change locale (C.UTF-8)
GET maize_ZEAMAP/epigenome/dna_methylation/02_sites/AMP_Methyl_sites/CML411_methylC.bed.gz
bash: warning: setlocale: LC_ALL: cannot change locale (C.UTF-8)
SKIP maize_ZEAMAP/epigenome/dna_methylation/02_sites/AMP_Methyl_sites/CML411_methylC.bed.gz.tbi
bash: warning: setlocale: LC_ALL: cannot change locale (C.UTF-8)
SKIP maize_ZEAMAP/epigenome/dna_methylation/02_sites/AMP_Methyl_sites/CML423_methylC.bed.gz
bash: warning: setlocale: LC_ALL: cannot change locale (C.UTF-8)
SKIP maize_ZEAMAP/epigenome/dna_methylation/02_sites/AMP_Methyl_sites/CML423_methylC.bed.gz.tbi
bash: warning: setlocale: LC_ALL: cannot change locale (C.UTF-8)
SKIP maize_ZEAMAP/epigenome/dna_methylation/02_sites/AMP_Methyl_sites/CML426_methylC.bed.gz
bash: warning: setlocale: LC_ALL: cannot change locale (C.UTF-8)
SKIP maize_ZEAMAP/epigenome/dna_methylation/02_sites/AMP_Methyl_sites/CML426_methylC.bed.gz.tbi
bash: warning: setlocale: LC_ALL: cannot change locale (C.UTF-8)
SKIP maize_ZEAMAP/epigenome/dna_methylation/02_sites/AMP_Methyl_sites/CML428_methylC.bed.gz
bash: warning: setlocale: LC_ALL: cannot change locale (C.UTF-8)
GET maize_ZEAMAP/epigenome/dna_methylation/02_sites/AMP_Methyl_sites/CML428_methylC.bed.gz.tbi
bash: warning: setlocale: LC_ALL: cannot change locale (C.UTF-8)
GET maize_ZEAMAP/epigenome/dna_methylation/02_sites/AMP_Methyl_sites/CML430_methylC.bed.gz
bash: warning: setlocale: LC_ALL: cannot change locale (C.UTF-8)
GET maize_ZEAMAP/epigenome/dna_methylation/02_sites/AMP_Methyl_sites/CML430_methylC.bed.gz.tbi
bash: warning: setlocale: LC_ALL: cannot change locale (C.UTF-8)
GET maize_ZEAMAP/epigenome/dna_methylation/02_sites/AMP_Methyl_sites/CML431_methylC.bed.gz
bash: warning: setlocale: LC_ALL: cannot change locale (C.UTF-8)
SKIP maize_ZEAMAP/epigenome/dna_methylation/02_sites/AMP_Methyl_sites/CML431_methylC.bed.gz.tbi
bash: warning: setlocale: LC_ALL: cannot change locale (C.UTF-8)
SKIP maize_ZEAMAP/epigenome/dna_methylation/02_sites/AMP_Methyl_sites/CML432_methylC.bed.gz
bash: warning: setlocale: LC_ALL: cannot change locale (C.UTF-8)
SKIP maize_ZEAMAP/epigenome/dna_methylation/02_sites/AMP_Methyl_sites/CML432_methylC.bed.gz.tbi
bash: warning: setlocale: LC_ALL: cannot change locale (C.UTF-8)
SKIP maize_ZEAMAP/epigenome/dna_methylation/02_sites/AMP_Methyl_sites/CML451_methylC.bed.gz
bash: warning: setlocale: LC_ALL: cannot change locale (C.UTF-8)
GET maize_ZEAMAP/epigenome/dna_methylation/02_sites/AMP_Methyl_sites/CML451_methylC.bed.gz.tbi
bash: warning: setlocale: LC_ALL: cannot change locale (C.UTF-8)
GET maize_ZEAMAP/epigenome/dna_methylation/02_sites/AMP_Methyl_sites/CML470_methylC.bed.gz
bash: warning: setlocale: LC_ALL: cannot change locale (C.UTF-8)
GET maize_ZEAMAP/epigenome/dna_methylation/02_sites/AMP_Methyl_sites/CML470_methylC.bed.gz.tbi
bash: warning: setlocale: LC_ALL: cannot change locale (C.UTF-8)
GET maize_ZEAMAP/epigenome/dna_methylation/02_sites/AMP_Methyl_sites/CML471_methylC.bed.gz
bash: warning: setlocale: LC_ALL: cannot change locale (C.UTF-8)
GET maize_ZEAMAP/epigenome/dna_methylation/02_sites/AMP_Methyl_sites/CML471_methylC.bed.gz.tbi
bash: warning: setlocale: LC_ALL: cannot change locale (C.UTF-8)
GET maize_ZEAMAP/epigenome/dna_methylation/02_sites/AMP_Methyl_sites/CML493_methylC.bed.gz
bash: warning: setlocale: LC_ALL: cannot change locale (C.UTF-8)
GET maize_ZEAMAP/epigenome/dna_methylation/02_sites/AMP_Methyl_sites/CML493_methylC.bed.gz.tbi
bash: warning: setlocale: LC_ALL: cannot change locale (C.UTF-8)
GET maize_ZEAMAP/epigenome/dna_methylation/02_sites/AMP_Methyl_sites/CML69_methylC.bed.gz
bash: warning: setlocale: LC_ALL: cannot change locale (C.UTF-8)
GET maize_ZEAMAP/epigenome/dna_methylation/02_sites/AMP_Methyl_sites/CML69_methylC.bed.gz.tbi
bash: warning: setlocale: LC_ALL: cannot change locale (C.UTF-8)
GET maize_ZEAMAP/epigenome/dna_methylation/02_sites/AMP_Methyl_sites/DAN3130_methylC.bed.gz
bash: warning: setlocale: LC_ALL: cannot change locale (C.UTF-8)
SKIP maize_ZEAMAP/epigenome/dna_methylation/02_sites/AMP_Methyl_sites/DAN3130_methylC.bed.gz.tbi
bash: warning: setlocale: LC_ALL: cannot change locale (C.UTF-8)
SKIP maize_ZEAMAP/epigenome/dna_methylation/02_sites/AMP_Methyl_sites/DAN340_methylC.bed.gz
bash: warning: setlocale: LC_ALL: cannot change locale (C.UTF-8)
SKIP maize_ZEAMAP/epigenome/dna_methylation/02_sites/AMP_Methyl_sites/DAN340_methylC.bed.gz.tbi
bash: warning: setlocale: LC_ALL: cannot change locale (C.UTF-8)
SKIP maize_ZEAMAP/epigenome/dna_methylation/02_sites/AMP_Methyl_sites/DAN360_methylC.bed.gz
bash: warning: setlocale: LC_ALL: cannot change locale (C.UTF-8)
GET maize_ZEAMAP/epigenome/dna_methylation/02_sites/AMP_Methyl_sites/DAN360_methylC.bed.gz.tbi
bash: warning: setlocale: LC_ALL: cannot change locale (C.UTF-8)
GET maize_ZEAMAP/epigenome/dna_methylation/02_sites/AMP_Methyl_sites/DAN598_methylC.bed.gz
bash: warning: setlocale: LC_ALL: cannot change locale (C.UTF-8)
SKIP maize_ZEAMAP/epigenome/dna_methylation/02_sites/AMP_Methyl_sites/DAN598_methylC.bed.gz.tbi
bash: warning: setlocale: LC_ALL: cannot change locale (C.UTF-8)
SKIP maize_ZEAMAP/epigenome/dna_methylation/02_sites/AMP_Methyl_sites/DAN599_methylC.bed.gz
bash: warning: setlocale: LC_ALL: cannot change locale (C.UTF-8)
GET maize_ZEAMAP/epigenome/dna_methylation/02_sites/AMP_Methyl_sites/DAN599_methylC.bed.gz.tbi
bash: warning: setlocale: LC_ALL: cannot change locale (C.UTF-8)
GET maize_ZEAMAP/epigenome/dna_methylation/02_sites/AMP_Methyl_sites/DE.EX_methylC.bed.gz
bash: warning: setlocale: LC_ALL: cannot change locale (C.UTF-8)
SKIP maize_ZEAMAP/epigenome/dna_methylation/02_sites/AMP_Methyl_sites/DE.EX_methylC.bed.gz.tbi
bash: warning: setlocale: LC_ALL: cannot change locale (C.UTF-8)
SKIP maize_ZEAMAP/epigenome/dna_methylation/02_sites/AMP_Methyl_sites/GEMS10_methylC.bed.gz
bash: warning: setlocale: LC_ALL: cannot change locale (C.UTF-8)
GET maize_ZEAMAP/epigenome/dna_methylation/02_sites/AMP_Methyl_sites/GEMS10_methylC.bed.gz.tbi
bash: warning: setlocale: LC_ALL: cannot change locale (C.UTF-8)
GET maize_ZEAMAP/epigenome/dna_methylation/02_sites/AMP_Methyl_sites/GEMS11_methylC.bed.gz
bash: warning: setlocale: LC_ALL: cannot change locale (C.UTF-8)
SKIP maize_ZEAMAP/epigenome/dna_methylation/02_sites/AMP_Methyl_sites/GEMS11_methylC.bed.gz.tbi
bash: warning: setlocale: LC_ALL: cannot change locale (C.UTF-8)
SKIP maize_ZEAMAP/epigenome/dna_methylation/02_sites/AMP_Methyl_sites/GEMS13_methylC.bed.gz
bash: warning: setlocale: LC_ALL: cannot change locale (C.UTF-8)
GET maize_ZEAMAP/epigenome/dna_methylation/02_sites/AMP_Methyl_sites/GEMS13_methylC.bed.gz.tbi
bash: warning: setlocale: LC_ALL: cannot change locale (C.UTF-8)
GET maize_ZEAMAP/epigenome/dna_methylation/02_sites/AMP_Methyl_sites/GEMS14_methylC.bed.gz
bash: warning: setlocale: LC_ALL: cannot change locale (C.UTF-8)
GET maize_ZEAMAP/epigenome/dna_methylation/02_sites/AMP_Methyl_sites/GEMS14_methylC.bed.gz.tbi
bash: warning: setlocale: LC_ALL: cannot change locale (C.UTF-8)
GET maize_ZEAMAP/epigenome/dna_methylation/02_sites/AMP_Methyl_sites/GEMS18_methylC.bed.gz
bash: warning: setlocale: LC_ALL: cannot change locale (C.UTF-8)
GET maize_ZEAMAP/epigenome/dna_methylation/02_sites/AMP_Methyl_sites/GEMS18_methylC.bed.gz.tbi
bash: warning: setlocale: LC_ALL: cannot change locale (C.UTF-8)
GET maize_ZEAMAP/epigenome/dna_methylation/02_sites/AMP_Methyl_sites/GEMS19_methylC.bed.gz
bash: warning: setlocale: LC_ALL: cannot change locale (C.UTF-8)
SKIP maize_ZEAMAP/epigenome/dna_methylation/02_sites/AMP_Methyl_sites/GEMS19_methylC.bed.gz.tbi
bash: warning: setlocale: LC_ALL: cannot change locale (C.UTF-8)
SKIP maize_ZEAMAP/epigenome/dna_methylation/02_sites/AMP_Methyl_sites/GEMS21_methylC.bed.gz
bash: warning: setlocale: LC_ALL: cannot change locale (C.UTF-8)
SKIP maize_ZEAMAP/epigenome/dna_methylation/02_sites/AMP_Methyl_sites/GEMS21_methylC.bed.gz.tbi
bash: warning: setlocale: LC_ALL: cannot change locale (C.UTF-8)
SKIP maize_ZEAMAP/epigenome/dna_methylation/02_sites/AMP_Methyl_sites/GEMS24_methylC.bed.gz
bash: warning: setlocale: LC_ALL: cannot change locale (C.UTF-8)
GET maize_ZEAMAP/epigenome/dna_methylation/02_sites/AMP_Methyl_sites/GEMS24_methylC.bed.gz.tbi
bash: warning: setlocale: LC_ALL: cannot change locale (C.UTF-8)
GET maize_ZEAMAP/epigenome/dna_methylation/02_sites/AMP_Methyl_sites/GEMS28_methylC.bed.gz
bash: warning: setlocale: LC_ALL: cannot change locale (C.UTF-8)
SKIP maize_ZEAMAP/epigenome/dna_methylation/02_sites/AMP_Methyl_sites/GEMS28_methylC.bed.gz.tbi
bash: warning: setlocale: LC_ALL: cannot change locale (C.UTF-8)
SKIP maize_ZEAMAP/epigenome/dna_methylation/02_sites/AMP_Methyl_sites/GEMS29_methylC.bed.gz
bash: warning: setlocale: LC_ALL: cannot change locale (C.UTF-8)
GET maize_ZEAMAP/epigenome/dna_methylation/02_sites/AMP_Methyl_sites/GEMS29_methylC.bed.gz.tbi
bash: warning: setlocale: LC_ALL: cannot change locale (C.UTF-8)
GET maize_ZEAMAP/epigenome/dna_methylation/02_sites/AMP_Methyl_sites/GEMS31_methylC.bed.gz
bash: warning: setlocale: LC_ALL: cannot change locale (C.UTF-8)
GET maize_ZEAMAP/epigenome/dna_methylation/02_sites/AMP_Methyl_sites/GEMS31_methylC.bed.gz.tbi
bash: warning: setlocale: LC_ALL: cannot change locale (C.UTF-8)
GET maize_ZEAMAP/epigenome/dna_methylation/02_sites/AMP_Methyl_sites/GEMS32_methylC.bed.gz
bash: warning: setlocale: LC_ALL: cannot change locale (C.UTF-8)
GET maize_ZEAMAP/epigenome/dna_methylation/02_sites/AMP_Methyl_sites/GEMS32_methylC.bed.gz.tbi
bash: warning: setlocale: LC_ALL: cannot change locale (C.UTF-8)
GET maize_ZEAMAP/epigenome/dna_methylation/02_sites/AMP_Methyl_sites/GEMS33_methylC.bed.gz
bash: warning: setlocale: LC_ALL: cannot change locale (C.UTF-8)
GET maize_ZEAMAP/epigenome/dna_methylation/02_sites/AMP_Methyl_sites/GEMS33_methylC.bed.gz.tbi
bash: warning: setlocale: LC_ALL: cannot change locale (C.UTF-8)
GET maize_ZEAMAP/epigenome/dna_methylation/02_sites/AMP_Methyl_sites/GEMS37_methylC.bed.gz
bash: warning: setlocale: LC_ALL: cannot change locale (C.UTF-8)
GET maize_ZEAMAP/epigenome/dna_methylation/02_sites/AMP_Methyl_sites/GEMS37_methylC.bed.gz.tbi
bash: warning: setlocale: LC_ALL: cannot change locale (C.UTF-8)
GET maize_ZEAMAP/epigenome/dna_methylation/02_sites/AMP_Methyl_sites/GEMS3_methylC.bed.gz
bash: warning: setlocale: LC_ALL: cannot change locale (C.UTF-8)
SKIP maize_ZEAMAP/epigenome/dna_methylation/02_sites/AMP_Methyl_sites/GEMS3_methylC.bed.gz.tbi
bash: warning: setlocale: LC_ALL: cannot change locale (C.UTF-8)
SKIP maize_ZEAMAP/epigenome/dna_methylation/02_sites/AMP_Methyl_sites/GEMS47_methylC.bed.gz
bash: warning: setlocale: LC_ALL: cannot change locale (C.UTF-8)
GET maize_ZEAMAP/epigenome/dna_methylation/02_sites/AMP_Methyl_sites/GEMS47_methylC.bed.gz.tbi
bash: warning: setlocale: LC_ALL: cannot change locale (C.UTF-8)
GET maize_ZEAMAP/epigenome/dna_methylation/02_sites/AMP_Methyl_sites/GEMS49_methylC.bed.gz
bash: warning: setlocale: LC_ALL: cannot change locale (C.UTF-8)
GET maize_ZEAMAP/epigenome/dna_methylation/02_sites/AMP_Methyl_sites/GEMS49_methylC.bed.gz.tbi
bash: warning: setlocale: LC_ALL: cannot change locale (C.UTF-8)
GET maize_ZEAMAP/epigenome/dna_methylation/02_sites/AMP_Methyl_sites/GEMS53_methylC.bed.gz
bash: warning: setlocale: LC_ALL: cannot change locale (C.UTF-8)
SKIP maize_ZEAMAP/epigenome/dna_methylation/02_sites/AMP_Methyl_sites/GEMS53_methylC.bed.gz.tbi
bash: warning: setlocale: LC_ALL: cannot change locale (C.UTF-8)
SKIP maize_ZEAMAP/epigenome/dna_methylation/02_sites/AMP_Methyl_sites/GEMS56_methylC.bed.gz
bash: warning: setlocale: LC_ALL: cannot change locale (C.UTF-8)
GET maize_ZEAMAP/epigenome/dna_methylation/02_sites/AMP_Methyl_sites/GEMS56_methylC.bed.gz.tbi
bash: warning: setlocale: LC_ALL: cannot change locale (C.UTF-8)
GET maize_ZEAMAP/epigenome/dna_methylation/02_sites/AMP_Methyl_sites/GEMS5_methylC.bed.gz
bash: warning: setlocale: LC_ALL: cannot change locale (C.UTF-8)
GET maize_ZEAMAP/epigenome/dna_methylation/02_sites/AMP_Methyl_sites/GEMS5_methylC.bed.gz.tbi
bash: warning: setlocale: LC_ALL: cannot change locale (C.UTF-8)
GET maize_ZEAMAP/epigenome/dna_methylation/02_sites/AMP_Methyl_sites/GEMS60_methylC.bed.gz
bash: warning: setlocale: LC_ALL: cannot change locale (C.UTF-8)
GET maize_ZEAMAP/epigenome/dna_methylation/02_sites/AMP_Methyl_sites/GEMS60_methylC.bed.gz.tbi
bash: warning: setlocale: LC_ALL: cannot change locale (C.UTF-8)
GET maize_ZEAMAP/epigenome/dna_methylation/02_sites/AMP_Methyl_sites/GEMS62_methylC.bed.gz
bash: warning: setlocale: LC_ALL: cannot change locale (C.UTF-8)
SKIP maize_ZEAMAP/epigenome/dna_methylation/02_sites/AMP_Methyl_sites/GEMS62_methylC.bed.gz.tbi
bash: warning: setlocale: LC_ALL: cannot change locale (C.UTF-8)
SKIP maize_ZEAMAP/epigenome/dna_methylation/02_sites/AMP_Methyl_sites/GEMS63_methylC.bed.gz
bash: warning: setlocale: LC_ALL: cannot change locale (C.UTF-8)
GET maize_ZEAMAP/epigenome/dna_methylation/02_sites/AMP_Methyl_sites/GEMS63_methylC.bed.gz.tbi
bash: warning: setlocale: LC_ALL: cannot change locale (C.UTF-8)
GET maize_ZEAMAP/epigenome/dna_methylation/02_sites/AMP_Methyl_sites/GEMS64_methylC.bed.gz
bash: warning: setlocale: LC_ALL: cannot change locale (C.UTF-8)
SKIP maize_ZEAMAP/epigenome/dna_methylation/02_sites/AMP_Methyl_sites/GEMS64_methylC.bed.gz.tbi
bash: warning: setlocale: LC_ALL: cannot change locale (C.UTF-8)
SKIP maize_ZEAMAP/epigenome/dna_methylation/02_sites/AMP_Methyl_sites/GEMS65_methylC.bed.gz
bash: warning: setlocale: LC_ALL: cannot change locale (C.UTF-8)
GET maize_ZEAMAP/epigenome/dna_methylation/02_sites/AMP_Methyl_sites/GEMS65_methylC.bed.gz.tbi
bash: warning: setlocale: LC_ALL: cannot change locale (C.UTF-8)
GET maize_ZEAMAP/epigenome/dna_methylation/02_sites/AMP_Methyl_sites/GEMS9_methylC.bed.gz
bash: warning: setlocale: LC_ALL: cannot change locale (C.UTF-8)
GET maize_ZEAMAP/epigenome/dna_methylation/02_sites/AMP_Methyl_sites/GEMS9_methylC.bed.gz.tbi
bash: warning: setlocale: LC_ALL: cannot change locale (C.UTF-8)
GET maize_ZEAMAP/epigenome/dna_methylation/02_sites/AMP_Methyl_sites/GY220_methylC.bed.gz
bash: warning: setlocale: LC_ALL: cannot change locale (C.UTF-8)
SKIP maize_ZEAMAP/epigenome/dna_methylation/02_sites/AMP_Methyl_sites/GY220_methylC.bed.gz.tbi
bash: warning: setlocale: LC_ALL: cannot change locale (C.UTF-8)
SKIP maize_ZEAMAP/epigenome/dna_methylation/02_sites/AMP_Methyl_sites/GY237_methylC.bed.gz
bash: warning: setlocale: LC_ALL: cannot change locale (C.UTF-8)
SKIP maize_ZEAMAP/epigenome/dna_methylation/02_sites/AMP_Methyl_sites/GY237_methylC.bed.gz.tbi
bash: warning: setlocale: LC_ALL: cannot change locale (C.UTF-8)
SKIP maize_ZEAMAP/epigenome/dna_methylation/02_sites/AMP_Methyl_sites/GY386_methylC.bed.gz
bash: warning: setlocale: LC_ALL: cannot change locale (C.UTF-8)
SKIP maize_ZEAMAP/epigenome/dna_methylation/02_sites/AMP_Methyl_sites/GY386_methylC.bed.gz.tbi
bash: warning: setlocale: LC_ALL: cannot change locale (C.UTF-8)
SKIP maize_ZEAMAP/epigenome/dna_methylation/02_sites/AMP_Methyl_sites/GY462_methylC.bed.gz
bash: warning: setlocale: LC_ALL: cannot change locale (C.UTF-8)
SKIP maize_ZEAMAP/epigenome/dna_methylation/02_sites/AMP_Methyl_sites/GY462_methylC.bed.gz.tbi
bash: warning: setlocale: LC_ALL: cannot change locale (C.UTF-8)
SKIP maize_ZEAMAP/epigenome/dna_methylation/02_sites/AMP_Methyl_sites/GY798_methylC.bed.gz
bash: warning: setlocale: LC_ALL: cannot change locale (C.UTF-8)
SKIP maize_ZEAMAP/epigenome/dna_methylation/02_sites/AMP_Methyl_sites/GY798_methylC.bed.gz.tbi
bash: warning: setlocale: LC_ALL: cannot change locale (C.UTF-8)
SKIP maize_ZEAMAP/epigenome/dna_methylation/02_sites/AMP_Methyl_sites/GY923_methylC.bed.gz
bash: warning: setlocale: LC_ALL: cannot change locale (C.UTF-8)
SKIP maize_ZEAMAP/epigenome/dna_methylation/02_sites/AMP_Methyl_sites/GY923_methylC.bed.gz.tbi
bash: warning: setlocale: LC_ALL: cannot change locale (C.UTF-8)
SKIP maize_ZEAMAP/epigenome/dna_methylation/02_sites/AMP_Methyl_sites/HU803_methylC.bed.gz
bash: warning: setlocale: LC_ALL: cannot change locale (C.UTF-8)
SKIP maize_ZEAMAP/epigenome/dna_methylation/02_sites/AMP_Methyl_sites/HU803_methylC.bed.gz.tbi
bash: warning: setlocale: LC_ALL: cannot change locale (C.UTF-8)
SKIP maize_ZEAMAP/epigenome/dna_methylation/02_sites/AMP_Methyl_sites/HYS_methylC.bed.gz
bash: warning: setlocale: LC_ALL: cannot change locale (C.UTF-8)
SKIP maize_ZEAMAP/epigenome/dna_methylation/02_sites/AMP_Methyl_sites/HYS_methylC.bed.gz.tbi
bash: warning: setlocale: LC_ALL: cannot change locale (C.UTF-8)
SKIP maize_ZEAMAP/epigenome/dna_methylation/02_sites/AMP_Methyl_sites/HZS_methylC.bed.gz
bash: warning: setlocale: LC_ALL: cannot change locale (C.UTF-8)
GET maize_ZEAMAP/epigenome/dna_methylation/02_sites/AMP_Methyl_sites/HZS_methylC.bed.gz.tbi
bash: warning: setlocale: LC_ALL: cannot change locale (C.UTF-8)
GET maize_ZEAMAP/epigenome/dna_methylation/02_sites/AMP_Methyl_sites/IRF314_methylC.bed.gz
bash: warning: setlocale: LC_ALL: cannot change locale (C.UTF-8)
SKIP maize_ZEAMAP/epigenome/dna_methylation/02_sites/AMP_Methyl_sites/IRF314_methylC.bed.gz.tbi
bash: warning: setlocale: LC_ALL: cannot change locale (C.UTF-8)
SKIP maize_ZEAMAP/epigenome/dna_methylation/02_sites/AMP_Methyl_sites/J4112_methylC.bed.gz
bash: warning: setlocale: LC_ALL: cannot change locale (C.UTF-8)
GET maize_ZEAMAP/epigenome/dna_methylation/02_sites/AMP_Methyl_sites/J4112_methylC.bed.gz.tbi
bash: warning: setlocale: LC_ALL: cannot change locale (C.UTF-8)
GET maize_ZEAMAP/epigenome/dna_methylation/02_sites/AMP_Methyl_sites/JH59_methylC.bed.gz
bash: warning: setlocale: LC_ALL: cannot change locale (C.UTF-8)
SKIP maize_ZEAMAP/epigenome/dna_methylation/02_sites/AMP_Methyl_sites/JH59_methylC.bed.gz.tbi
bash: warning: setlocale: LC_ALL: cannot change locale (C.UTF-8)
SKIP maize_ZEAMAP/epigenome/dna_methylation/02_sites/AMP_Methyl_sites/JI63_methylC.bed.gz
bash: warning: setlocale: LC_ALL: cannot change locale (C.UTF-8)
GET maize_ZEAMAP/epigenome/dna_methylation/02_sites/AMP_Methyl_sites/JI63_methylC.bed.gz.tbi
bash: warning: setlocale: LC_ALL: cannot change locale (C.UTF-8)
GET maize_ZEAMAP/epigenome/dna_methylation/02_sites/AMP_Methyl_sites/JI846_methylC.bed.gz
bash: warning: setlocale: LC_ALL: cannot change locale (C.UTF-8)
SKIP maize_ZEAMAP/epigenome/dna_methylation/02_sites/AMP_Methyl_sites/JI846_methylC.bed.gz.tbi
bash: warning: setlocale: LC_ALL: cannot change locale (C.UTF-8)
SKIP maize_ZEAMAP/epigenome/dna_methylation/02_sites/AMP_Methyl_sites/JY01_methylC.bed.gz
bash: warning: setlocale: LC_ALL: cannot change locale (C.UTF-8)
GET maize_ZEAMAP/epigenome/dna_methylation/02_sites/AMP_Methyl_sites/JY01_methylC.bed.gz.tbi
bash: warning: setlocale: LC_ALL: cannot change locale (C.UTF-8)
GET maize_ZEAMAP/epigenome/dna_methylation/02_sites/AMP_Methyl_sites/K22_methylC.bed.gz
bash: warning: setlocale: LC_ALL: cannot change locale (C.UTF-8)
SKIP maize_ZEAMAP/epigenome/dna_methylation/02_sites/AMP_Methyl_sites/K22_methylC.bed.gz.tbi
bash: warning: setlocale: LC_ALL: cannot change locale (C.UTF-8)
SKIP maize_ZEAMAP/epigenome/dna_methylation/02_sites/AMP_Methyl_sites/L3180_methylC.bed.gz
bash: warning: setlocale: LC_ALL: cannot change locale (C.UTF-8)
SKIP maize_ZEAMAP/epigenome/dna_methylation/02_sites/AMP_Methyl_sites/L3180_methylC.bed.gz.tbi
bash: warning: setlocale: LC_ALL: cannot change locale (C.UTF-8)
SKIP maize_ZEAMAP/epigenome/dna_methylation/02_sites/AMP_Methyl_sites/LG001_methylC.bed.gz
bash: warning: setlocale: LC_ALL: cannot change locale (C.UTF-8)
GET maize_ZEAMAP/epigenome/dna_methylation/02_sites/AMP_Methyl_sites/LG001_methylC.bed.gz.tbi
bash: warning: setlocale: LC_ALL: cannot change locale (C.UTF-8)
GET maize_ZEAMAP/epigenome/dna_methylation/02_sites/AMP_Methyl_sites/LIAO159_methylC.bed.gz
bash: warning: setlocale: LC_ALL: cannot change locale (C.UTF-8)
SKIP maize_ZEAMAP/epigenome/dna_methylation/02_sites/AMP_Methyl_sites/LIAO159_methylC.bed.gz.tbi
bash: warning: setlocale: LC_ALL: cannot change locale (C.UTF-8)
SKIP maize_ZEAMAP/epigenome/dna_methylation/02_sites/AMP_Methyl_sites/LIAO5263_methylC.bed.gz
bash: warning: setlocale: LC_ALL: cannot change locale (C.UTF-8)
SKIP maize_ZEAMAP/epigenome/dna_methylation/02_sites/AMP_Methyl_sites/LIAO5263_methylC.bed.gz.tbi
bash: warning: setlocale: LC_ALL: cannot change locale (C.UTF-8)
SKIP maize_ZEAMAP/epigenome/dna_methylation/02_sites/AMP_Methyl_sites/LV28_methylC.bed.gz
bash: warning: setlocale: LC_ALL: cannot change locale (C.UTF-8)
GET maize_ZEAMAP/epigenome/dna_methylation/02_sites/AMP_Methyl_sites/LV28_methylC.bed.gz.tbi
bash: warning: setlocale: LC_ALL: cannot change locale (C.UTF-8)
GET maize_ZEAMAP/epigenome/dna_methylation/02_sites/AMP_Methyl_sites/LX9801_methylC.bed.gz
bash: warning: setlocale: LC_ALL: cannot change locale (C.UTF-8)
SKIP maize_ZEAMAP/epigenome/dna_methylation/02_sites/AMP_Methyl_sites/LX9801_methylC.bed.gz.tbi
bash: warning: setlocale: LC_ALL: cannot change locale (C.UTF-8)
SKIP maize_ZEAMAP/epigenome/dna_methylation/02_sites/AMP_Methyl_sites/LXN_methylC.bed.gz
bash: warning: setlocale: LC_ALL: cannot change locale (C.UTF-8)
SKIP maize_ZEAMAP/epigenome/dna_methylation/02_sites/AMP_Methyl_sites/LXN_methylC.bed.gz.tbi
bash: warning: setlocale: LC_ALL: cannot change locale (C.UTF-8)
SKIP maize_ZEAMAP/epigenome/dna_methylation/02_sites/AMP_Methyl_sites/LY_methylC.bed.gz
bash: warning: setlocale: LC_ALL: cannot change locale (C.UTF-8)
SKIP maize_ZEAMAP/epigenome/dna_methylation/02_sites/AMP_Methyl_sites/LY_methylC.bed.gz.tbi
bash: warning: setlocale: LC_ALL: cannot change locale (C.UTF-8)
SKIP maize_ZEAMAP/epigenome/dna_methylation/02_sites/AMP_Methyl_sites/M97_methylC.bed.gz
bash: warning: setlocale: LC_ALL: cannot change locale (C.UTF-8)
SKIP maize_ZEAMAP/epigenome/dna_methylation/02_sites/AMP_Methyl_sites/M97_methylC.bed.gz.tbi
bash: warning: setlocale: LC_ALL: cannot change locale (C.UTF-8)
SKIP maize_ZEAMAP/epigenome/dna_methylation/02_sites/AMP_Methyl_sites/MO17_methylC.bed.gz
bash: warning: setlocale: LC_ALL: cannot change locale (C.UTF-8)
GET maize_ZEAMAP/epigenome/dna_methylation/02_sites/AMP_Methyl_sites/MO17_methylC.bed.gz.tbi
bash: warning: setlocale: LC_ALL: cannot change locale (C.UTF-8)
GET maize_ZEAMAP/epigenome/dna_methylation/02_sites/AMP_Methyl_sites/P138_methylC.bed.gz
bash: warning: setlocale: LC_ALL: cannot change locale (C.UTF-8)
GET maize_ZEAMAP/epigenome/dna_methylation/02_sites/AMP_Methyl_sites/P138_methylC.bed.gz.tbi
bash: warning: setlocale: LC_ALL: cannot change locale (C.UTF-8)
GET maize_ZEAMAP/epigenome/dna_methylation/02_sites/AMP_Methyl_sites/P178_methylC.bed.gz
bash: warning: setlocale: LC_ALL: cannot change locale (C.UTF-8)
SKIP maize_ZEAMAP/epigenome/dna_methylation/02_sites/AMP_Methyl_sites/P178_methylC.bed.gz.tbi
bash: warning: setlocale: LC_ALL: cannot change locale (C.UTF-8)
SKIP maize_ZEAMAP/epigenome/dna_methylation/02_sites/AMP_Methyl_sites/Q1261_methylC.bed.gz
bash: warning: setlocale: LC_ALL: cannot change locale (C.UTF-8)
SKIP maize_ZEAMAP/epigenome/dna_methylation/02_sites/AMP_Methyl_sites/Q1261_methylC.bed.gz.tbi
bash: warning: setlocale: LC_ALL: cannot change locale (C.UTF-8)
SKIP maize_ZEAMAP/epigenome/dna_methylation/02_sites/AMP_Methyl_sites/QI205_methylC.bed.gz
bash: warning: setlocale: LC_ALL: cannot change locale (C.UTF-8)
SKIP maize_ZEAMAP/epigenome/dna_methylation/02_sites/AMP_Methyl_sites/QI205_methylC.bed.gz.tbi
bash: warning: setlocale: LC_ALL: cannot change locale (C.UTF-8)
SKIP maize_ZEAMAP/epigenome/dna_methylation/02_sites/AMP_Methyl_sites/QI319_methylC.bed.gz
bash: warning: setlocale: LC_ALL: cannot change locale (C.UTF-8)
GET maize_ZEAMAP/epigenome/dna_methylation/02_sites/AMP_Methyl_sites/QI319_methylC.bed.gz.tbi
bash: warning: setlocale: LC_ALL: cannot change locale (C.UTF-8)
GET maize_ZEAMAP/epigenome/dna_methylation/02_sites/AMP_Methyl_sites/RY697_methylC.bed.gz
bash: warning: setlocale: LC_ALL: cannot change locale (C.UTF-8)
SKIP maize_ZEAMAP/epigenome/dna_methylation/02_sites/AMP_Methyl_sites/RY697_methylC.bed.gz.tbi
bash: warning: setlocale: LC_ALL: cannot change locale (C.UTF-8)
SKIP maize_ZEAMAP/epigenome/dna_methylation/02_sites/AMP_Methyl_sites/RY713_methylC.bed.gz
bash: warning: setlocale: LC_ALL: cannot change locale (C.UTF-8)
SKIP maize_ZEAMAP/epigenome/dna_methylation/02_sites/AMP_Methyl_sites/RY713_methylC.bed.gz.tbi
bash: warning: setlocale: LC_ALL: cannot change locale (C.UTF-8)
SKIP maize_ZEAMAP/epigenome/dna_methylation/02_sites/AMP_Methyl_sites/RY732_methylC.bed.gz
bash: warning: setlocale: LC_ALL: cannot change locale (C.UTF-8)
GET maize_ZEAMAP/epigenome/dna_methylation/02_sites/AMP_Methyl_sites/RY732_methylC.bed.gz.tbi
bash: warning: setlocale: LC_ALL: cannot change locale (C.UTF-8)
GET maize_ZEAMAP/epigenome/dna_methylation/02_sites/AMP_Methyl_sites/S37_methylC.bed.gz
bash: warning: setlocale: LC_ALL: cannot change locale (C.UTF-8)
SKIP maize_ZEAMAP/epigenome/dna_methylation/02_sites/AMP_Methyl_sites/S37_methylC.bed.gz.tbi
bash: warning: setlocale: LC_ALL: cannot change locale (C.UTF-8)
SKIP maize_ZEAMAP/epigenome/dna_methylation/02_sites/AMP_Methyl_sites/SHEN137_methylC.bed.gz
bash: warning: setlocale: LC_ALL: cannot change locale (C.UTF-8)
GET maize_ZEAMAP/epigenome/dna_methylation/02_sites/AMP_Methyl_sites/SHEN137_methylC.bed.gz.tbi
bash: warning: setlocale: LC_ALL: cannot change locale (C.UTF-8)
GET maize_ZEAMAP/epigenome/dna_methylation/02_sites/AMP_Methyl_sites/SI273_methylC.bed.gz
bash: warning: setlocale: LC_ALL: cannot change locale (C.UTF-8)
SKIP maize_ZEAMAP/epigenome/dna_methylation/02_sites/AMP_Methyl_sites/SI273_methylC.bed.gz.tbi
bash: warning: setlocale: LC_ALL: cannot change locale (C.UTF-8)
SKIP maize_ZEAMAP/epigenome/dna_methylation/02_sites/AMP_Methyl_sites/SW92E114_methylC.bed.gz
bash: warning: setlocale: LC_ALL: cannot change locale (C.UTF-8)
GET maize_ZEAMAP/epigenome/dna_methylation/02_sites/AMP_Methyl_sites/SW92E114_methylC.bed.gz.tbi
bash: warning: setlocale: LC_ALL: cannot change locale (C.UTF-8)
GET maize_ZEAMAP/epigenome/dna_methylation/02_sites/AMP_Methyl_sites/SY1032_methylC.bed.gz
bash: warning: setlocale: LC_ALL: cannot change locale (C.UTF-8)
SKIP maize_ZEAMAP/epigenome/dna_methylation/02_sites/AMP_Methyl_sites/SY1032_methylC.bed.gz.tbi
bash: warning: setlocale: LC_ALL: cannot change locale (C.UTF-8)
SKIP maize_ZEAMAP/epigenome/dna_methylation/02_sites/AMP_Methyl_sites/SY1035_methylC.bed.gz
bash: warning: setlocale: LC_ALL: cannot change locale (C.UTF-8)
GET maize_ZEAMAP/epigenome/dna_methylation/02_sites/AMP_Methyl_sites/SY1035_methylC.bed.gz.tbi
bash: warning: setlocale: LC_ALL: cannot change locale (C.UTF-8)
GET maize_ZEAMAP/epigenome/dna_methylation/02_sites/AMP_Methyl_sites/SY1052_methylC.bed.gz
bash: warning: setlocale: LC_ALL: cannot change locale (C.UTF-8)
GET maize_ZEAMAP/epigenome/dna_methylation/02_sites/AMP_Methyl_sites/SY1052_methylC.bed.gz.tbi
bash: warning: setlocale: LC_ALL: cannot change locale (C.UTF-8)
GET maize_ZEAMAP/epigenome/dna_methylation/02_sites/AMP_Methyl_sites/SY3073_methylC.bed.gz
bash: warning: setlocale: LC_ALL: cannot change locale (C.UTF-8)
GET maize_ZEAMAP/epigenome/dna_methylation/02_sites/AMP_Methyl_sites/SY3073_methylC.bed.gz.tbi
bash: warning: setlocale: LC_ALL: cannot change locale (C.UTF-8)
GET maize_ZEAMAP/epigenome/dna_methylation/02_sites/AMP_Methyl_sites/TIAN77_methylC.bed.gz
bash: warning: setlocale: LC_ALL: cannot change locale (C.UTF-8)
SKIP maize_ZEAMAP/epigenome/dna_methylation/02_sites/AMP_Methyl_sites/TIAN77_methylC.bed.gz.tbi
bash: warning: setlocale: LC_ALL: cannot change locale (C.UTF-8)
SKIP maize_ZEAMAP/epigenome/dna_methylation/02_sites/AMP_Methyl_sites/TIE7922_methylC.bed.gz
bash: warning: setlocale: LC_ALL: cannot change locale (C.UTF-8)
SKIP maize_ZEAMAP/epigenome/dna_methylation/02_sites/AMP_Methyl_sites/TIE7922_methylC.bed.gz.tbi
bash: warning: setlocale: LC_ALL: cannot change locale (C.UTF-8)
SKIP maize_ZEAMAP/epigenome/dna_methylation/02_sites/AMP_Methyl_sites/TT16_methylC.bed.gz
bash: warning: setlocale: LC_ALL: cannot change locale (C.UTF-8)
SKIP maize_ZEAMAP/epigenome/dna_methylation/02_sites/AMP_Methyl_sites/TT16_methylC.bed.gz.tbi
bash: warning: setlocale: LC_ALL: cannot change locale (C.UTF-8)
SKIP maize_ZEAMAP/epigenome/dna_methylation/02_sites/AMP_Methyl_sites/TX5_methylC.bed.gz
bash: warning: setlocale: LC_ALL: cannot change locale (C.UTF-8)
GET maize_ZEAMAP/epigenome/dna_methylation/02_sites/AMP_Methyl_sites/TX5_methylC.bed.gz.tbi
bash: warning: setlocale: LC_ALL: cannot change locale (C.UTF-8)
GET maize_ZEAMAP/epigenome/dna_methylation/02_sites/AMP_Methyl_sites/TY10_methylC.bed.gz
bash: warning: setlocale: LC_ALL: cannot change locale (C.UTF-8)
GET maize_ZEAMAP/epigenome/dna_methylation/02_sites/AMP_Methyl_sites/TY10_methylC.bed.gz.tbi
bash: warning: setlocale: LC_ALL: cannot change locale (C.UTF-8)
GET maize_ZEAMAP/epigenome/dna_methylation/02_sites/AMP_Methyl_sites/TY11_methylC.bed.gz
bash: warning: setlocale: LC_ALL: cannot change locale (C.UTF-8)
SKIP maize_ZEAMAP/epigenome/dna_methylation/02_sites/AMP_Methyl_sites/TY11_methylC.bed.gz.tbi
bash: warning: setlocale: LC_ALL: cannot change locale (C.UTF-8)
SKIP maize_ZEAMAP/epigenome/dna_methylation/02_sites/AMP_Methyl_sites/TY1_methylC.bed.gz
bash: warning: setlocale: LC_ALL: cannot change locale (C.UTF-8)
SKIP maize_ZEAMAP/epigenome/dna_methylation/02_sites/AMP_Methyl_sites/TY1_methylC.bed.gz.tbi
bash: warning: setlocale: LC_ALL: cannot change locale (C.UTF-8)
SKIP maize_ZEAMAP/epigenome/dna_methylation/02_sites/AMP_Methyl_sites/TY2_methylC.bed.gz
bash: warning: setlocale: LC_ALL: cannot change locale (C.UTF-8)
GET maize_ZEAMAP/epigenome/dna_methylation/02_sites/AMP_Methyl_sites/TY2_methylC.bed.gz.tbi
bash: warning: setlocale: LC_ALL: cannot change locale (C.UTF-8)
GET maize_ZEAMAP/epigenome/dna_methylation/02_sites/AMP_Methyl_sites/TY3_methylC.bed.gz
bash: warning: setlocale: LC_ALL: cannot change locale (C.UTF-8)
SKIP maize_ZEAMAP/epigenome/dna_methylation/02_sites/AMP_Methyl_sites/TY3_methylC.bed.gz.tbi
bash: warning: setlocale: LC_ALL: cannot change locale (C.UTF-8)
SKIP maize_ZEAMAP/epigenome/dna_methylation/02_sites/AMP_Methyl_sites/TY6_methylC.bed.gz
bash: warning: setlocale: LC_ALL: cannot change locale (C.UTF-8)
GET maize_ZEAMAP/epigenome/dna_methylation/02_sites/AMP_Methyl_sites/TY6_methylC.bed.gz.tbi
bash: warning: setlocale: LC_ALL: cannot change locale (C.UTF-8)
GET maize_ZEAMAP/epigenome/dna_methylation/02_sites/AMP_Methyl_sites/TY7_methylC.bed.gz
bash: warning: setlocale: LC_ALL: cannot change locale (C.UTF-8)
SKIP maize_ZEAMAP/epigenome/dna_methylation/02_sites/AMP_Methyl_sites/TY7_methylC.bed.gz.tbi
bash: warning: setlocale: LC_ALL: cannot change locale (C.UTF-8)
SKIP maize_ZEAMAP/epigenome/dna_methylation/02_sites/AMP_Methyl_sites/TY8_methylC.bed.gz
bash: warning: setlocale: LC_ALL: cannot change locale (C.UTF-8)
SKIP maize_ZEAMAP/epigenome/dna_methylation/02_sites/AMP_Methyl_sites/TY8_methylC.bed.gz.tbi
bash: warning: setlocale: LC_ALL: cannot change locale (C.UTF-8)
SKIP maize_ZEAMAP/epigenome/dna_methylation/02_sites/AMP_Methyl_sites/W138_methylC.bed.gz
bash: warning: setlocale: LC_ALL: cannot change locale (C.UTF-8)
GET maize_ZEAMAP/epigenome/dna_methylation/02_sites/AMP_Methyl_sites/W138_methylC.bed.gz.tbi
bash: warning: setlocale: LC_ALL: cannot change locale (C.UTF-8)
GET maize_ZEAMAP/epigenome/dna_methylation/02_sites/AMP_Methyl_sites/WMR_methylC.bed.gz
bash: warning: setlocale: LC_ALL: cannot change locale (C.UTF-8)
GET maize_ZEAMAP/epigenome/dna_methylation/02_sites/AMP_Methyl_sites/WMR_methylC.bed.gz.tbi
bash: warning: setlocale: LC_ALL: cannot change locale (C.UTF-8)
GET maize_ZEAMAP/epigenome/dna_methylation/02_sites/AMP_Methyl_sites/WU109_methylC.bed.gz
bash: warning: setlocale: LC_ALL: cannot change locale (C.UTF-8)
GET maize_ZEAMAP/epigenome/dna_methylation/02_sites/AMP_Methyl_sites/WU109_methylC.bed.gz.tbi
bash: warning: setlocale: LC_ALL: cannot change locale (C.UTF-8)
GET maize_ZEAMAP/epigenome/dna_methylation/02_sites/AMP_Methyl_sites/YE488_methylC.bed.gz
bash: warning: setlocale: LC_ALL: cannot change locale (C.UTF-8)
SKIP maize_ZEAMAP/epigenome/dna_methylation/02_sites/AMP_Methyl_sites/YE488_methylC.bed.gz.tbi
bash: warning: setlocale: LC_ALL: cannot change locale (C.UTF-8)
SKIP maize_ZEAMAP/epigenome/dna_methylation/02_sites/AMP_Methyl_sites/YU374_methylC.bed.gz
bash: warning: setlocale: LC_ALL: cannot change locale (C.UTF-8)
SKIP maize_ZEAMAP/epigenome/dna_methylation/02_sites/AMP_Methyl_sites/YU374_methylC.bed.gz.tbi
bash: warning: setlocale: LC_ALL: cannot change locale (C.UTF-8)
SKIP maize_ZEAMAP/epigenome/dna_methylation/02_sites/AMP_Methyl_sites/YU87-1_methylC.bed.gz
bash: warning: setlocale: LC_ALL: cannot change locale (C.UTF-8)
SKIP maize_ZEAMAP/epigenome/dna_methylation/02_sites/AMP_Methyl_sites/YU87-1_methylC.bed.gz.tbi
bash: warning: setlocale: LC_ALL: cannot change locale (C.UTF-8)
SKIP maize_ZEAMAP/epigenome/dna_methylation/02_sites/AMP_Methyl_sites/Z2018F_methylC.bed.gz
bash: warning: setlocale: LC_ALL: cannot change locale (C.UTF-8)
GET maize_ZEAMAP/epigenome/dna_methylation/02_sites/AMP_Methyl_sites/Z2018F_methylC.bed.gz.tbi
bash: warning: setlocale: LC_ALL: cannot change locale (C.UTF-8)
GET maize_ZEAMAP/epigenome/dna_methylation/02_sites/AMP_Methyl_sites/ZB648_methylC.bed.gz
bash: warning: setlocale: LC_ALL: cannot change locale (C.UTF-8)
SKIP maize_ZEAMAP/epigenome/dna_methylation/02_sites/AMP_Methyl_sites/ZB648_methylC.bed.gz.tbi
bash: warning: setlocale: LC_ALL: cannot change locale (C.UTF-8)
SKIP maize_ZEAMAP/epigenome/dna_methylation/02_sites/AMP_Methyl_sites/ZHENG22_methylC.bed.gz
bash: warning: setlocale: LC_ALL: cannot change locale (C.UTF-8)
GET maize_ZEAMAP/epigenome/dna_methylation/02_sites/AMP_Methyl_sites/ZHENG22_methylC.bed.gz.tbi
bash: warning: setlocale: LC_ALL: cannot change locale (C.UTF-8)
GET maize_ZEAMAP/epigenome/dna_methylation/02_sites/AMP_Methyl_sites/ZHENG29_methylC.bed.gz
bash: warning: setlocale: LC_ALL: cannot change locale (C.UTF-8)
GET maize_ZEAMAP/epigenome/dna_methylation/02_sites/AMP_Methyl_sites/ZHENG29_methylC.bed.gz.tbi
bash: warning: setlocale: LC_ALL: cannot change locale (C.UTF-8)
GET maize_ZEAMAP/epigenome/dna_methylation/02_sites/AMP_Methyl_sites/ZHENG30_methylC.bed.gz
bash: warning: setlocale: LC_ALL: cannot change locale (C.UTF-8)
SKIP maize_ZEAMAP/epigenome/dna_methylation/02_sites/AMP_Methyl_sites/ZHENG30_methylC.bed.gz.tbi
bash: warning: setlocale: LC_ALL: cannot change locale (C.UTF-8)
SKIP maize_ZEAMAP/epigenome/dna_methylation/02_sites/AMP_Methyl_sites/ZHENG35_methylC.bed.gz
bash: warning: setlocale: LC_ALL: cannot change locale (C.UTF-8)
GET maize_ZEAMAP/epigenome/dna_methylation/02_sites/AMP_Methyl_sites/ZHENG35_methylC.bed.gz.tbi
bash: warning: setlocale: LC_ALL: cannot change locale (C.UTF-8)
GET maize_ZEAMAP/epigenome/dna_methylation/02_sites/AMP_Methyl_sites/ZHENG58_methylC.bed.gz
bash: warning: setlocale: LC_ALL: cannot change locale (C.UTF-8)
SKIP maize_ZEAMAP/epigenome/dna_methylation/02_sites/AMP_Methyl_sites/ZHENG58_methylC.bed.gz.tbi
bash: warning: setlocale: LC_ALL: cannot change locale (C.UTF-8)
SKIP maize_ZEAMAP/epigenome/dna_methylation/02_sites/AMP_Methyl_sites/ZHENG653_methylC.bed.gz
bash: warning: setlocale: LC_ALL: cannot change locale (C.UTF-8)
SKIP maize_ZEAMAP/epigenome/dna_methylation/02_sites/AMP_Methyl_sites/ZHENG653_methylC.bed.gz.tbi
bash: warning: setlocale: LC_ALL: cannot change locale (C.UTF-8)
SKIP maize_ZEAMAP/epigenome/dna_methylation/02_sites/AMP_Methyl_sites/ZHI41_methylC.bed.gz
bash: warning: setlocale: LC_ALL: cannot change locale (C.UTF-8)
SKIP maize_ZEAMAP/epigenome/dna_methylation/02_sites/AMP_Methyl_sites/ZHI41_methylC.bed.gz.tbi
bash: warning: setlocale: LC_ALL: cannot change locale (C.UTF-8)
SKIP maize_ZEAMAP/epigenome/dna_methylation/02_sites/AMP_Methyl_sites/ZZ01_methylC.bed.gz
bash: warning: setlocale: LC_ALL: cannot change locale (C.UTF-8)
GET maize_ZEAMAP/epigenome/dna_methylation/02_sites/AMP_Methyl_sites/ZZ01_methylC.bed.gz.tbi
bash: warning: setlocale: LC_ALL: cannot change locale (C.UTF-8)
GET maize_ZEAMAP/epigenome/dna_methylation/02_sites/AMP_Methyl_sites/md5.txt
bash: warning: setlocale: LC_ALL: cannot change locale (C.UTF-8)
GET maize_ZEAMAP/epigenome/chromatin_accessibility/MNase_root_heavy.bw
bash: warning: setlocale: LC_ALL: cannot change locale (C.UTF-8)
SKIP maize_ZEAMAP/epigenome/chromatin_accessibility/MNase_root_light.bw
bash: warning: setlocale: LC_ALL: cannot change locale (C.UTF-8)
SKIP maize_ZEAMAP/epigenome/chromatin_accessibility/MNase_shoot_heavy.bw
bash: warning: setlocale: LC_ALL: cannot change locale (C.UTF-8)
GET maize_ZEAMAP/epigenome/chromatin_accessibility/MNase_shoot_light.bw
bash: warning: setlocale: LC_ALL: cannot change locale (C.UTF-8)
GET maize_ZEAMAP/epigenome/chromatin_accessibility/md5.txt
bash: warning: setlocale: LC_ALL: cannot change locale (C.UTF-8)
GET maize_ZEAMAP/epigenome/chromatin_interaction/B73_H3K4me3.lrgbed.gz
bash: warning: setlocale: LC_ALL: cannot change locale (C.UTF-8)
GET maize_ZEAMAP/epigenome/chromatin_interaction/B73_H3K4me3.lrgbed.gz.tbi
bash: warning: setlocale: LC_ALL: cannot change locale (C.UTF-8)
GET maize_ZEAMAP/epigenome/chromatin_interaction/B73_H3K4me3.lrgrefbed.gz
bash: warning: setlocale: LC_ALL: cannot change locale (C.UTF-8)
GET maize_ZEAMAP/epigenome/chromatin_interaction/B73_H3K4me3.lrgrefbed.gz.tbi
bash: warning: setlocale: LC_ALL: cannot change locale (C.UTF-8)
GET maize_ZEAMAP/epigenome/chromatin_interaction/B73_H3K4me3.lrgtsv.gz
bash: warning: setlocale: LC_ALL: cannot change locale (C.UTF-8)
GET maize_ZEAMAP/epigenome/chromatin_interaction/B73_RNAPII.lrgbed.gz
bash: warning: setlocale: LC_ALL: cannot change locale (C.UTF-8)
GET maize_ZEAMAP/epigenome/chromatin_interaction/B73_RNAPII.lrgbed.gz.tbi
bash: warning: setlocale: LC_ALL: cannot change locale (C.UTF-8)
GET maize_ZEAMAP/epigenome/chromatin_interaction/B73_RNAPII.lrgrefbed.gz
bash: warning: setlocale: LC_ALL: cannot change locale (C.UTF-8)
GET maize_ZEAMAP/epigenome/chromatin_interaction/B73_RNAPII.lrgrefbed.gz.tbi
bash: warning: setlocale: LC_ALL: cannot change locale (C.UTF-8)
GET maize_ZEAMAP/epigenome/chromatin_interaction/B73_RNAPII.lrgtsv.gz
bash: warning: setlocale: LC_ALL: cannot change locale (C.UTF-8)
GET maize_ZEAMAP/epigenome/chromatin_interaction/md5.txt
