url	local_path	size_label
https://ftp.cngb.org/pub/CNSA/data3/CNP0001565/zeamap/02_Variants/SNPs/AMP_SNP_anno.vcf.gz	maize_ZEAMAP/variation/AMP_SNP_anno.vcf.gz	198.16MB
https://ftp.cngb.org/pub/CNSA/data3/CNP0001565/zeamap/02_Variants/SNPs/AMP_SNP_anno.vcf.gz.tbi	maize_ZEAMAP/variation/AMP_SNP_anno.vcf.gz.tbi	unknown
https://ftp.cngb.org/pub/CNSA/data3/CNP0001565/zeamap/05_Epigenetics/DNA_Methylation/01_Regions/AMP_mCG_bed/04K5686.bedgraph.gz	maize_ZEAMAP/epigenome/dna_methylation/01_regions/AMP_mCG_bed/04K5686.bedgraph.gz	94.61KB
https://ftp.cngb.org/pub/CNSA/data3/CNP0001565/zeamap/05_Epigenetics/DNA_Methylation/01_Regions/AMP_mCG_bed/04K5686.bedgraph.gz.tbi	maize_ZEAMAP/epigenome/dna_methylation/01_regions/AMP_mCG_bed/04K5686.bedgraph.gz.tbi	75.98KB
https://ftp.cngb.org/pub/CNSA/data3/CNP0001565/zeamap/05_Epigenetics/DNA_Methylation/01_Regions/AMP_mCG_bed/05WN230.bedgraph.gz	maize_ZEAMAP/epigenome/dna_methylation/01_regions/AMP_mCG_bed/05WN230.bedgraph.gz	91.05KB
https://ftp.cngb.org/pub/CNSA/data3/CNP0001565/zeamap/05_Epigenetics/DNA_Methylation/01_Regions/AMP_mCG_bed/05WN230.bedgraph.gz.tbi	maize_ZEAMAP/epigenome/dna_methylation/01_regions/AMP_mCG_bed/05WN230.bedgraph.gz.tbi	75.92KB
https://ftp.cngb.org/pub/CNSA/data3/CNP0001565/zeamap/05_Epigenetics/DNA_Methylation/01_Regions/AMP_mCG_bed/07KS4.bedgraph.gz	maize_ZEAMAP/epigenome/dna_methylation/01_regions/AMP_mCG_bed/07KS4.bedgraph.gz	92.14KB
https://ftp.cngb.org/pub/CNSA/data3/CNP0001565/zeamap/05_Epigenetics/DNA_Methylation/01_Regions/AMP_mCG_bed/07KS4.bedgraph.gz.tbi	maize_ZEAMAP/epigenome/dna_methylation/01_regions/AMP_mCG_bed/07KS4.bedgraph.gz.tbi	75.98KB
https://ftp.cngb.org/pub/CNSA/data3/CNP0001565/zeamap/05_Epigenetics/DNA_Methylation/01_Regions/AMP_mCG_bed/1323.bedgraph.gz	maize_ZEAMAP/epigenome/dna_methylation/01_regions/AMP_mCG_bed/1323.bedgraph.gz	94.11KB
https://ftp.cngb.org/pub/CNSA/data3/CNP0001565/zeamap/05_Epigenetics/DNA_Methylation/01_Regions/AMP_mCG_bed/1323.bedgraph.gz.tbi	maize_ZEAMAP/epigenome/dna_methylation/01_regions/AMP_mCG_bed/1323.bedgraph.gz.tbi	75.99KB
https://ftp.cngb.org/pub/CNSA/data3/CNP0001565/zeamap/05_Epigenetics/DNA_Methylation/01_Regions/AMP_mCG_bed/150.bedgraph.gz	maize_ZEAMAP/epigenome/dna_methylation/01_regions/AMP_mCG_bed/150.bedgraph.gz	93.12KB
https://ftp.cngb.org/pub/CNSA/data3/CNP0001565/zeamap/05_Epigenetics/DNA_Methylation/01_Regions/AMP_mCG_bed/150.bedgraph.gz.tbi	maize_ZEAMAP/epigenome/dna_methylation/01_regions/AMP_mCG_bed/150.bedgraph.gz.tbi	75.94KB
https://ftp.cngb.org/pub/CNSA/data3/CNP0001565/zeamap/05_Epigenetics/DNA_Methylation/01_Regions/AMP_mCG_bed/177.bedgraph.gz	maize_ZEAMAP/epigenome/dna_methylation/01_regions/AMP_mCG_bed/177.bedgraph.gz	86.10KB
https://ftp.cngb.org/pub/CNSA/data3/CNP0001565/zeamap/05_Epigenetics/DNA_Methylation/01_Regions/AMP_mCG_bed/177.bedgraph.gz.tbi	maize_ZEAMAP/epigenome/dna_methylation/01_regions/AMP_mCG_bed/177.bedgraph.gz.tbi	75.77KB
https://ftp.cngb.org/pub/CNSA/data3/CNP0001565/zeamap/05_Epigenetics/DNA_Methylation/01_Regions/AMP_mCG_bed/238.bedgraph.gz	maize_ZEAMAP/epigenome/dna_methylation/01_regions/AMP_mCG_bed/238.bedgraph.gz	90.15KB
https://ftp.cngb.org/pub/CNSA/data3/CNP0001565/zeamap/05_Epigenetics/DNA_Methylation/01_Regions/AMP_mCG_bed/238.bedgraph.gz.tbi	maize_ZEAMAP/epigenome/dna_methylation/01_regions/AMP_mCG_bed/238.bedgraph.gz.tbi	75.93KB
https://ftp.cngb.org/pub/CNSA/data3/CNP0001565/zeamap/05_Epigenetics/DNA_Methylation/01_Regions/AMP_mCG_bed/268.bedgraph.gz	maize_ZEAMAP/epigenome/dna_methylation/01_regions/AMP_mCG_bed/268.bedgraph.gz	88.72KB
https://ftp.cngb.org/pub/CNSA/data3/CNP0001565/zeamap/05_Epigenetics/DNA_Methylation/01_Regions/AMP_mCG_bed/268.bedgraph.gz.tbi	maize_ZEAMAP/epigenome/dna_methylation/01_regions/AMP_mCG_bed/268.bedgraph.gz.tbi	75.90KB
https://ftp.cngb.org/pub/CNSA/data3/CNP0001565/zeamap/05_Epigenetics/DNA_Methylation/01_Regions/AMP_mCG_bed/384-2.bedgraph.gz	maize_ZEAMAP/epigenome/dna_methylation/01_regions/AMP_mCG_bed/384-2.bedgraph.gz	81.16KB
https://ftp.cngb.org/pub/CNSA/data3/CNP0001565/zeamap/05_Epigenetics/DNA_Methylation/01_Regions/AMP_mCG_bed/384-2.bedgraph.gz.tbi	maize_ZEAMAP/epigenome/dna_methylation/01_regions/AMP_mCG_bed/384-2.bedgraph.gz.tbi	75.74KB
https://ftp.cngb.org/pub/CNSA/data3/CNP0001565/zeamap/05_Epigenetics/DNA_Methylation/01_Regions/AMP_mCG_bed/4019.bedgraph.gz	maize_ZEAMAP/epigenome/dna_methylation/01_regions/AMP_mCG_bed/4019.bedgraph.gz	91.49KB
https://ftp.cngb.org/pub/CNSA/data3/CNP0001565/zeamap/05_Epigenetics/DNA_Methylation/01_Regions/AMP_mCG_bed/4019.bedgraph.gz.tbi	maize_ZEAMAP/epigenome/dna_methylation/01_regions/AMP_mCG_bed/4019.bedgraph.gz.tbi	75.95KB
https://ftp.cngb.org/pub/CNSA/data3/CNP0001565/zeamap/05_Epigenetics/DNA_Methylation/01_Regions/AMP_mCG_bed/4F1.bedgraph.gz	maize_ZEAMAP/epigenome/dna_methylation/01_regions/AMP_mCG_bed/4F1.bedgraph.gz	92.19KB
https://ftp.cngb.org/pub/CNSA/data3/CNP0001565/zeamap/05_Epigenetics/DNA_Methylation/01_Regions/AMP_mCG_bed/4F1.bedgraph.gz.tbi	maize_ZEAMAP/epigenome/dna_methylation/01_regions/AMP_mCG_bed/4F1.bedgraph.gz.tbi	75.89KB
https://ftp.cngb.org/pub/CNSA/data3/CNP0001565/zeamap/05_Epigenetics/DNA_Methylation/01_Regions/AMP_mCG_bed/501.bedgraph.gz	maize_ZEAMAP/epigenome/dna_methylation/01_regions/AMP_mCG_bed/501.bedgraph.gz	93.12KB
https://ftp.cngb.org/pub/CNSA/data3/CNP0001565/zeamap/05_Epigenetics/DNA_Methylation/01_Regions/AMP_mCG_bed/501.bedgraph.gz.tbi	maize_ZEAMAP/epigenome/dna_methylation/01_regions/AMP_mCG_bed/501.bedgraph.gz.tbi	75.95KB
https://ftp.cngb.org/pub/CNSA/data3/CNP0001565/zeamap/05_Epigenetics/DNA_Methylation/01_Regions/AMP_mCG_bed/5213.bedgraph.gz	maize_ZEAMAP/epigenome/dna_methylation/01_regions/AMP_mCG_bed/5213.bedgraph.gz	87.75KB
https://ftp.cngb.org/pub/CNSA/data3/CNP0001565/zeamap/05_Epigenetics/DNA_Methylation/01_Regions/AMP_mCG_bed/5213.bedgraph.gz.tbi	maize_ZEAMAP/epigenome/dna_methylation/01_regions/AMP_mCG_bed/5213.bedgraph.gz.tbi	75.85KB
https://ftp.cngb.org/pub/CNSA/data3/CNP0001565/zeamap/05_Epigenetics/DNA_Methylation/01_Regions/AMP_mCG_bed/7327.bedgraph.gz	maize_ZEAMAP/epigenome/dna_methylation/01_regions/AMP_mCG_bed/7327.bedgraph.gz	94.24KB
https://ftp.cngb.org/pub/CNSA/data3/CNP0001565/zeamap/05_Epigenetics/DNA_Methylation/01_Regions/AMP_mCG_bed/7327.bedgraph.gz.tbi	maize_ZEAMAP/epigenome/dna_methylation/01_regions/AMP_mCG_bed/7327.bedgraph.gz.tbi	76.02KB
https://ftp.cngb.org/pub/CNSA/data3/CNP0001565/zeamap/05_Epigenetics/DNA_Methylation/01_Regions/AMP_mCG_bed/7381.bedgraph.gz	maize_ZEAMAP/epigenome/dna_methylation/01_regions/AMP_mCG_bed/7381.bedgraph.gz	83.62KB
https://ftp.cngb.org/pub/CNSA/data3/CNP0001565/zeamap/05_Epigenetics/DNA_Methylation/01_Regions/AMP_mCG_bed/7381.bedgraph.gz.tbi	maize_ZEAMAP/epigenome/dna_methylation/01_regions/AMP_mCG_bed/7381.bedgraph.gz.tbi	75.74KB
https://ftp.cngb.org/pub/CNSA/data3/CNP0001565/zeamap/05_Epigenetics/DNA_Methylation/01_Regions/AMP_mCG_bed/812.bedgraph.gz	maize_ZEAMAP/epigenome/dna_methylation/01_regions/AMP_mCG_bed/812.bedgraph.gz	93.92KB
https://ftp.cngb.org/pub/CNSA/data3/CNP0001565/zeamap/05_Epigenetics/DNA_Methylation/01_Regions/AMP_mCG_bed/812.bedgraph.gz.tbi	maize_ZEAMAP/epigenome/dna_methylation/01_regions/AMP_mCG_bed/812.bedgraph.gz.tbi	75.97KB
https://ftp.cngb.org/pub/CNSA/data3/CNP0001565/zeamap/05_Epigenetics/DNA_Methylation/01_Regions/AMP_mCG_bed/832.bedgraph.gz	maize_ZEAMAP/epigenome/dna_methylation/01_regions/AMP_mCG_bed/832.bedgraph.gz	93.69KB
https://ftp.cngb.org/pub/CNSA/data3/CNP0001565/zeamap/05_Epigenetics/DNA_Methylation/01_Regions/AMP_mCG_bed/832.bedgraph.gz.tbi	maize_ZEAMAP/epigenome/dna_methylation/01_regions/AMP_mCG_bed/832.bedgraph.gz.tbi	75.98KB
https://ftp.cngb.org/pub/CNSA/data3/CNP0001565/zeamap/05_Epigenetics/DNA_Methylation/01_Regions/AMP_mCG_bed/835A.bedgraph.gz	maize_ZEAMAP/epigenome/dna_methylation/01_regions/AMP_mCG_bed/835A.bedgraph.gz	88.65KB
https://ftp.cngb.org/pub/CNSA/data3/CNP0001565/zeamap/05_Epigenetics/DNA_Methylation/01_Regions/AMP_mCG_bed/835A.bedgraph.gz.tbi	maize_ZEAMAP/epigenome/dna_methylation/01_regions/AMP_mCG_bed/835A.bedgraph.gz.tbi	75.87KB
https://ftp.cngb.org/pub/CNSA/data3/CNP0001565/zeamap/05_Epigenetics/DNA_Methylation/01_Regions/AMP_mCG_bed/8902.bedgraph.gz	maize_ZEAMAP/epigenome/dna_methylation/01_regions/AMP_mCG_bed/8902.bedgraph.gz	90.19KB
https://ftp.cngb.org/pub/CNSA/data3/CNP0001565/zeamap/05_Epigenetics/DNA_Methylation/01_Regions/AMP_mCG_bed/8902.bedgraph.gz.tbi	maize_ZEAMAP/epigenome/dna_methylation/01_regions/AMP_mCG_bed/8902.bedgraph.gz.tbi	75.94KB
https://ftp.cngb.org/pub/CNSA/data3/CNP0001565/zeamap/05_Epigenetics/DNA_Methylation/01_Regions/AMP_mCG_bed/975-12.bedgraph.gz	maize_ZEAMAP/epigenome/dna_methylation/01_regions/AMP_mCG_bed/975-12.bedgraph.gz	95.83KB
https://ftp.cngb.org/pub/CNSA/data3/CNP0001565/zeamap/05_Epigenetics/DNA_Methylation/01_Regions/AMP_mCG_bed/975-12.bedgraph.gz.tbi	maize_ZEAMAP/epigenome/dna_methylation/01_regions/AMP_mCG_bed/975-12.bedgraph.gz.tbi	76.03KB
https://ftp.cngb.org/pub/CNSA/data3/CNP0001565/zeamap/05_Epigenetics/DNA_Methylation/01_Regions/AMP_mCG_bed/A619.bedgraph.gz	maize_ZEAMAP/epigenome/dna_methylation/01_regions/AMP_mCG_bed/A619.bedgraph.gz	90.46KB
https://ftp.cngb.org/pub/CNSA/data3/CNP0001565/zeamap/05_Epigenetics/DNA_Methylation/01_Regions/AMP_mCG_bed/A619.bedgraph.gz.tbi	maize_ZEAMAP/epigenome/dna_methylation/01_regions/AMP_mCG_bed/A619.bedgraph.gz.tbi	75.93KB
https://ftp.cngb.org/pub/CNSA/data3/CNP0001565/zeamap/05_Epigenetics/DNA_Methylation/01_Regions/AMP_mCG_bed/B11.bedgraph.gz	maize_ZEAMAP/epigenome/dna_methylation/01_regions/AMP_mCG_bed/B11.bedgraph.gz	93.16KB
https://ftp.cngb.org/pub/CNSA/data3/CNP0001565/zeamap/05_Epigenetics/DNA_Methylation/01_Regions/AMP_mCG_bed/B11.bedgraph.gz.tbi	maize_ZEAMAP/epigenome/dna_methylation/01_regions/AMP_mCG_bed/B11.bedgraph.gz.tbi	75.97KB
https://ftp.cngb.org/pub/CNSA/data3/CNP0001565/zeamap/05_Epigenetics/DNA_Methylation/01_Regions/AMP_mCG_bed/B110.bedgraph.gz	maize_ZEAMAP/epigenome/dna_methylation/01_regions/AMP_mCG_bed/B110.bedgraph.gz	93.54KB
https://ftp.cngb.org/pub/CNSA/data3/CNP0001565/zeamap/05_Epigenetics/DNA_Methylation/01_Regions/AMP_mCG_bed/B110.bedgraph.gz.tbi	maize_ZEAMAP/epigenome/dna_methylation/01_regions/AMP_mCG_bed/B110.bedgraph.gz.tbi	75.94KB
https://ftp.cngb.org/pub/CNSA/data3/CNP0001565/zeamap/05_Epigenetics/DNA_Methylation/01_Regions/AMP_mCG_bed/B111.bedgraph.gz	maize_ZEAMAP/epigenome/dna_methylation/01_regions/AMP_mCG_bed/B111.bedgraph.gz	95.04KB
https://ftp.cngb.org/pub/CNSA/data3/CNP0001565/zeamap/05_Epigenetics/DNA_Methylation/01_Regions/AMP_mCG_bed/B111.bedgraph.gz.tbi	maize_ZEAMAP/epigenome/dna_methylation/01_regions/AMP_mCG_bed/B111.bedgraph.gz.tbi	75.97KB
https://ftp.cngb.org/pub/CNSA/data3/CNP0001565/zeamap/05_Epigenetics/DNA_Methylation/01_Regions/AMP_mCG_bed/B73.bedgraph.gz	maize_ZEAMAP/epigenome/dna_methylation/01_regions/AMP_mCG_bed/B73.bedgraph.gz	92.97KB
https://ftp.cngb.org/pub/CNSA/data3/CNP0001565/zeamap/05_Epigenetics/DNA_Methylation/01_Regions/AMP_mCG_bed/B73.bedgraph.gz.tbi	maize_ZEAMAP/epigenome/dna_methylation/01_regions/AMP_mCG_bed/B73.bedgraph.gz.tbi	75.99KB
https://ftp.cngb.org/pub/CNSA/data3/CNP0001565/zeamap/05_Epigenetics/DNA_Methylation/01_Regions/AMP_mCG_bed/BEM.bedgraph.gz	maize_ZEAMAP/epigenome/dna_methylation/01_regions/AMP_mCG_bed/BEM.bedgraph.gz	90.65KB
https://ftp.cngb.org/pub/CNSA/data3/CNP0001565/zeamap/05_Epigenetics/DNA_Methylation/01_Regions/AMP_mCG_bed/BEM.bedgraph.gz.tbi	maize_ZEAMAP/epigenome/dna_methylation/01_regions/AMP_mCG_bed/BEM.bedgraph.gz.tbi	75.87KB
https://ftp.cngb.org/pub/CNSA/data3/CNP0001565/zeamap/05_Epigenetics/DNA_Methylation/01_Regions/AMP_mCG_bed/BS16.bedgraph.gz	maize_ZEAMAP/epigenome/dna_methylation/01_regions/AMP_mCG_bed/BS16.bedgraph.gz	92.01KB
https://ftp.cngb.org/pub/CNSA/data3/CNP0001565/zeamap/05_Epigenetics/DNA_Methylation/01_Regions/AMP_mCG_bed/BS16.bedgraph.gz.tbi	maize_ZEAMAP/epigenome/dna_methylation/01_regions/AMP_mCG_bed/BS16.bedgraph.gz.tbi	75.95KB
https://ftp.cngb.org/pub/CNSA/data3/CNP0001565/zeamap/05_Epigenetics/DNA_Methylation/01_Regions/AMP_mCG_bed/BY4839.bedgraph.gz	maize_ZEAMAP/epigenome/dna_methylation/01_regions/AMP_mCG_bed/BY4839.bedgraph.gz	79.82KB
https://ftp.cngb.org/pub/CNSA/data3/CNP0001565/zeamap/05_Epigenetics/DNA_Methylation/01_Regions/AMP_mCG_bed/BY4839.bedgraph.gz.tbi	maize_ZEAMAP/epigenome/dna_methylation/01_regions/AMP_mCG_bed/BY4839.bedgraph.gz.tbi	75.66KB
https://ftp.cngb.org/pub/CNSA/data3/CNP0001565/zeamap/05_Epigenetics/DNA_Methylation/01_Regions/AMP_mCG_bed/BY4944.bedgraph.gz	maize_ZEAMAP/epigenome/dna_methylation/01_regions/AMP_mCG_bed/BY4944.bedgraph.gz	90.01KB
https://ftp.cngb.org/pub/CNSA/data3/CNP0001565/zeamap/05_Epigenetics/DNA_Methylation/01_Regions/AMP_mCG_bed/BY4944.bedgraph.gz.tbi	maize_ZEAMAP/epigenome/dna_methylation/01_regions/AMP_mCG_bed/BY4944.bedgraph.gz.tbi	75.96KB
https://ftp.cngb.org/pub/CNSA/data3/CNP0001565/zeamap/05_Epigenetics/DNA_Methylation/01_Regions/AMP_mCG_bed/BY4960.bedgraph.gz	maize_ZEAMAP/epigenome/dna_methylation/01_regions/AMP_mCG_bed/BY4960.bedgraph.gz	89.69KB
https://ftp.cngb.org/pub/CNSA/data3/CNP0001565/zeamap/05_Epigenetics/DNA_Methylation/01_Regions/AMP_mCG_bed/BY4960.bedgraph.gz.tbi	maize_ZEAMAP/epigenome/dna_methylation/01_regions/AMP_mCG_bed/BY4960.bedgraph.gz.tbi	75.86KB
https://ftp.cngb.org/pub/CNSA/data3/CNP0001565/zeamap/05_Epigenetics/DNA_Methylation/01_Regions/AMP_mCG_bed/BY809.bedgraph.gz	maize_ZEAMAP/epigenome/dna_methylation/01_regions/AMP_mCG_bed/BY809.bedgraph.gz	90.90KB
https://ftp.cngb.org/pub/CNSA/data3/CNP0001565/zeamap/05_Epigenetics/DNA_Methylation/01_Regions/AMP_mCG_bed/BY809.bedgraph.gz.tbi	maize_ZEAMAP/epigenome/dna_methylation/01_regions/AMP_mCG_bed/BY809.bedgraph.gz.tbi	75.87KB
https://ftp.cngb.org/pub/CNSA/data3/CNP0001565/zeamap/05_Epigenetics/DNA_Methylation/01_Regions/AMP_mCG_bed/BY813.bedgraph.gz	maize_ZEAMAP/epigenome/dna_methylation/01_regions/AMP_mCG_bed/BY813.bedgraph.gz	90.09KB
https://ftp.cngb.org/pub/CNSA/data3/CNP0001565/zeamap/05_Epigenetics/DNA_Methylation/01_Regions/AMP_mCG_bed/BY813.bedgraph.gz.tbi	maize_ZEAMAP/epigenome/dna_methylation/01_regions/AMP_mCG_bed/BY813.bedgraph.gz.tbi	75.91KB
https://ftp.cngb.org/pub/CNSA/data3/CNP0001565/zeamap/05_Epigenetics/DNA_Methylation/01_Regions/AMP_mCG_bed/BY815.bedgraph.gz	maize_ZEAMAP/epigenome/dna_methylation/01_regions/AMP_mCG_bed/BY815.bedgraph.gz	92.56KB
https://ftp.cngb.org/pub/CNSA/data3/CNP0001565/zeamap/05_Epigenetics/DNA_Methylation/01_Regions/AMP_mCG_bed/BY815.bedgraph.gz.tbi	maize_ZEAMAP/epigenome/dna_methylation/01_regions/AMP_mCG_bed/BY815.bedgraph.gz.tbi	75.98KB
https://ftp.cngb.org/pub/CNSA/data3/CNP0001565/zeamap/05_Epigenetics/DNA_Methylation/01_Regions/AMP_mCG_bed/BY855.bedgraph.gz	maize_ZEAMAP/epigenome/dna_methylation/01_regions/AMP_mCG_bed/BY855.bedgraph.gz	93.23KB
https://ftp.cngb.org/pub/CNSA/data3/CNP0001565/zeamap/05_Epigenetics/DNA_Methylation/01_Regions/AMP_mCG_bed/BY855.bedgraph.gz.tbi	maize_ZEAMAP/epigenome/dna_methylation/01_regions/AMP_mCG_bed/BY855.bedgraph.gz.tbi	75.95KB
https://ftp.cngb.org/pub/CNSA/data3/CNP0001565/zeamap/05_Epigenetics/DNA_Methylation/01_Regions/AMP_mCG_bed/CF3.bedgraph.gz	maize_ZEAMAP/epigenome/dna_methylation/01_regions/AMP_mCG_bed/CF3.bedgraph.gz	94.32KB
https://ftp.cngb.org/pub/CNSA/data3/CNP0001565/zeamap/05_Epigenetics/DNA_Methylation/01_Regions/AMP_mCG_bed/CF3.bedgraph.gz.tbi	maize_ZEAMAP/epigenome/dna_methylation/01_regions/AMP_mCG_bed/CF3.bedgraph.gz.tbi	76.03KB
https://ftp.cngb.org/pub/CNSA/data3/CNP0001565/zeamap/05_Epigenetics/DNA_Methylation/01_Regions/AMP_mCG_bed/CHENG698.bedgraph.gz	maize_ZEAMAP/epigenome/dna_methylation/01_regions/AMP_mCG_bed/CHENG698.bedgraph.gz	93.10KB
https://ftp.cngb.org/pub/CNSA/data3/CNP0001565/zeamap/05_Epigenetics/DNA_Methylation/01_Regions/AMP_mCG_bed/CHENG698.bedgraph.gz.tbi	maize_ZEAMAP/epigenome/dna_methylation/01_regions/AMP_mCG_bed/CHENG698.bedgraph.gz.tbi	75.99KB
https://ftp.cngb.org/pub/CNSA/data3/CNP0001565/zeamap/05_Epigenetics/DNA_Methylation/01_Regions/AMP_mCG_bed/CIMBL10.bedgraph.gz	maize_ZEAMAP/epigenome/dna_methylation/01_regions/AMP_mCG_bed/CIMBL10.bedgraph.gz	92.64KB
https://ftp.cngb.org/pub/CNSA/data3/CNP0001565/zeamap/05_Epigenetics/DNA_Methylation/01_Regions/AMP_mCG_bed/CIMBL10.bedgraph.gz.tbi	maize_ZEAMAP/epigenome/dna_methylation/01_regions/AMP_mCG_bed/CIMBL10.bedgraph.gz.tbi	75.95KB
https://ftp.cngb.org/pub/CNSA/data3/CNP0001565/zeamap/05_Epigenetics/DNA_Methylation/01_Regions/AMP_mCG_bed/CIMBL105.bedgraph.gz	maize_ZEAMAP/epigenome/dna_methylation/01_regions/AMP_mCG_bed/CIMBL105.bedgraph.gz	91.05KB
https://ftp.cngb.org/pub/CNSA/data3/CNP0001565/zeamap/05_Epigenetics/DNA_Methylation/01_Regions/AMP_mCG_bed/CIMBL105.bedgraph.gz.tbi	maize_ZEAMAP/epigenome/dna_methylation/01_regions/AMP_mCG_bed/CIMBL105.bedgraph.gz.tbi	75.97KB
https://ftp.cngb.org/pub/CNSA/data3/CNP0001565/zeamap/05_Epigenetics/DNA_Methylation/01_Regions/AMP_mCG_bed/CIMBL107.bedgraph.gz	maize_ZEAMAP/epigenome/dna_methylation/01_regions/AMP_mCG_bed/CIMBL107.bedgraph.gz	92.33KB
https://ftp.cngb.org/pub/CNSA/data3/CNP0001565/zeamap/05_Epigenetics/DNA_Methylation/01_Regions/AMP_mCG_bed/CIMBL107.bedgraph.gz.tbi	maize_ZEAMAP/epigenome/dna_methylation/01_regions/AMP_mCG_bed/CIMBL107.bedgraph.gz.tbi	75.95KB
https://ftp.cngb.org/pub/CNSA/data3/CNP0001565/zeamap/05_Epigenetics/DNA_Methylation/01_Regions/AMP_mCG_bed/CIMBL108.bedgraph.gz	maize_ZEAMAP/epigenome/dna_methylation/01_regions/AMP_mCG_bed/CIMBL108.bedgraph.gz	91.82KB
https://ftp.cngb.org/pub/CNSA/data3/CNP0001565/zeamap/05_Epigenetics/DNA_Methylation/01_Regions/AMP_mCG_bed/CIMBL108.bedgraph.gz.tbi	maize_ZEAMAP/epigenome/dna_methylation/01_regions/AMP_mCG_bed/CIMBL108.bedgraph.gz.tbi	75.95KB
https://ftp.cngb.org/pub/CNSA/data3/CNP0001565/zeamap/05_Epigenetics/DNA_Methylation/01_Regions/AMP_mCG_bed/CIMBL109.bedgraph.gz	maize_ZEAMAP/epigenome/dna_methylation/01_regions/AMP_mCG_bed/CIMBL109.bedgraph.gz	91.42KB
https://ftp.cngb.org/pub/CNSA/data3/CNP0001565/zeamap/05_Epigenetics/DNA_Methylation/01_Regions/AMP_mCG_bed/CIMBL109.bedgraph.gz.tbi	maize_ZEAMAP/epigenome/dna_methylation/01_regions/AMP_mCG_bed/CIMBL109.bedgraph.gz.tbi	75.93KB
https://ftp.cngb.org/pub/CNSA/data3/CNP0001565/zeamap/05_Epigenetics/DNA_Methylation/01_Regions/AMP_mCG_bed/CIMBL11.bedgraph.gz	maize_ZEAMAP/epigenome/dna_methylation/01_regions/AMP_mCG_bed/CIMBL11.bedgraph.gz	92.71KB
https://ftp.cngb.org/pub/CNSA/data3/CNP0001565/zeamap/05_Epigenetics/DNA_Methylation/01_Regions/AMP_mCG_bed/CIMBL11.bedgraph.gz.tbi	maize_ZEAMAP/epigenome/dna_methylation/01_regions/AMP_mCG_bed/CIMBL11.bedgraph.gz.tbi	75.97KB
https://ftp.cngb.org/pub/CNSA/data3/CNP0001565/zeamap/05_Epigenetics/DNA_Methylation/01_Regions/AMP_mCG_bed/CIMBL110.bedgraph.gz	maize_ZEAMAP/epigenome/dna_methylation/01_regions/AMP_mCG_bed/CIMBL110.bedgraph.gz	86.94KB
https://ftp.cngb.org/pub/CNSA/data3/CNP0001565/zeamap/05_Epigenetics/DNA_Methylation/01_Regions/AMP_mCG_bed/CIMBL110.bedgraph.gz.tbi	maize_ZEAMAP/epigenome/dna_methylation/01_regions/AMP_mCG_bed/CIMBL110.bedgraph.gz.tbi	75.80KB
https://ftp.cngb.org/pub/CNSA/data3/CNP0001565/zeamap/05_Epigenetics/DNA_Methylation/01_Regions/AMP_mCG_bed/CIMBL112.bedgraph.gz	maize_ZEAMAP/epigenome/dna_methylation/01_regions/AMP_mCG_bed/CIMBL112.bedgraph.gz	88.16KB
https://ftp.cngb.org/pub/CNSA/data3/CNP0001565/zeamap/05_Epigenetics/DNA_Methylation/01_Regions/AMP_mCG_bed/CIMBL112.bedgraph.gz.tbi	maize_ZEAMAP/epigenome/dna_methylation/01_regions/AMP_mCG_bed/CIMBL112.bedgraph.gz.tbi	75.83KB
https://ftp.cngb.org/pub/CNSA/data3/CNP0001565/zeamap/05_Epigenetics/DNA_Methylation/01_Regions/AMP_mCG_bed/CIMBL114.bedgraph.gz	maize_ZEAMAP/epigenome/dna_methylation/01_regions/AMP_mCG_bed/CIMBL114.bedgraph.gz	94.54KB
https://ftp.cngb.org/pub/CNSA/data3/CNP0001565/zeamap/05_Epigenetics/DNA_Methylation/01_Regions/AMP_mCG_bed/CIMBL114.bedgraph.gz.tbi	maize_ZEAMAP/epigenome/dna_methylation/01_regions/AMP_mCG_bed/CIMBL114.bedgraph.gz.tbi	76.00KB
https://ftp.cngb.org/pub/CNSA/data3/CNP0001565/zeamap/05_Epigenetics/DNA_Methylation/01_Regions/AMP_mCG_bed/CIMBL116.bedgraph.gz	maize_ZEAMAP/epigenome/dna_methylation/01_regions/AMP_mCG_bed/CIMBL116.bedgraph.gz	91.45KB
https://ftp.cngb.org/pub/CNSA/data3/CNP0001565/zeamap/05_Epigenetics/DNA_Methylation/01_Regions/AMP_mCG_bed/CIMBL116.bedgraph.gz.tbi	maize_ZEAMAP/epigenome/dna_methylation/01_regions/AMP_mCG_bed/CIMBL116.bedgraph.gz.tbi	75.97KB
https://ftp.cngb.org/pub/CNSA/data3/CNP0001565/zeamap/05_Epigenetics/DNA_Methylation/01_Regions/AMP_mCG_bed/CIMBL12.bedgraph.gz	maize_ZEAMAP/epigenome/dna_methylation/01_regions/AMP_mCG_bed/CIMBL12.bedgraph.gz	94.14KB
https://ftp.cngb.org/pub/CNSA/data3/CNP0001565/zeamap/05_Epigenetics/DNA_Methylation/01_Regions/AMP_mCG_bed/CIMBL12.bedgraph.gz.tbi	maize_ZEAMAP/epigenome/dna_methylation/01_regions/AMP_mCG_bed/CIMBL12.bedgraph.gz.tbi	75.99KB
https://ftp.cngb.org/pub/CNSA/data3/CNP0001565/zeamap/05_Epigenetics/DNA_Methylation/01_Regions/AMP_mCG_bed/CIMBL125.bedgraph.gz	maize_ZEAMAP/epigenome/dna_methylation/01_regions/AMP_mCG_bed/CIMBL125.bedgraph.gz	93.90KB
https://ftp.cngb.org/pub/CNSA/data3/CNP0001565/zeamap/05_Epigenetics/DNA_Methylation/01_Regions/AMP_mCG_bed/CIMBL125.bedgraph.gz.tbi	maize_ZEAMAP/epigenome/dna_methylation/01_regions/AMP_mCG_bed/CIMBL125.bedgraph.gz.tbi	76.00KB
https://ftp.cngb.org/pub/CNSA/data3/CNP0001565/zeamap/05_Epigenetics/DNA_Methylation/01_Regions/AMP_mCG_bed/CIMBL126.bedgraph.gz	maize_ZEAMAP/epigenome/dna_methylation/01_regions/AMP_mCG_bed/CIMBL126.bedgraph.gz	92.64KB
https://ftp.cngb.org/pub/CNSA/data3/CNP0001565/zeamap/05_Epigenetics/DNA_Methylation/01_Regions/AMP_mCG_bed/CIMBL126.bedgraph.gz.tbi	maize_ZEAMAP/epigenome/dna_methylation/01_regions/AMP_mCG_bed/CIMBL126.bedgraph.gz.tbi	76.00KB
https://ftp.cngb.org/pub/CNSA/data3/CNP0001565/zeamap/05_Epigenetics/DNA_Methylation/01_Regions/AMP_mCG_bed/CIMBL127.bedgraph.gz	maize_ZEAMAP/epigenome/dna_methylation/01_regions/AMP_mCG_bed/CIMBL127.bedgraph.gz	91.91KB
https://ftp.cngb.org/pub/CNSA/data3/CNP0001565/zeamap/05_Epigenetics/DNA_Methylation/01_Regions/AMP_mCG_bed/CIMBL127.bedgraph.gz.tbi	maize_ZEAMAP/epigenome/dna_methylation/01_regions/AMP_mCG_bed/CIMBL127.bedgraph.gz.tbi	75.90KB
https://ftp.cngb.org/pub/CNSA/data3/CNP0001565/zeamap/05_Epigenetics/DNA_Methylation/01_Regions/AMP_mCG_bed/CIMBL129.bedgraph.gz	maize_ZEAMAP/epigenome/dna_methylation/01_regions/AMP_mCG_bed/CIMBL129.bedgraph.gz	91.42KB
https://ftp.cngb.org/pub/CNSA/data3/CNP0001565/zeamap/05_Epigenetics/DNA_Methylation/01_Regions/AMP_mCG_bed/CIMBL129.bedgraph.gz.tbi	maize_ZEAMAP/epigenome/dna_methylation/01_regions/AMP_mCG_bed/CIMBL129.bedgraph.gz.tbi	75.91KB
https://ftp.cngb.org/pub/CNSA/data3/CNP0001565/zeamap/05_Epigenetics/DNA_Methylation/01_Regions/AMP_mCG_bed/CIMBL13.bedgraph.gz	maize_ZEAMAP/epigenome/dna_methylation/01_regions/AMP_mCG_bed/CIMBL13.bedgraph.gz	92.09KB
https://ftp.cngb.org/pub/CNSA/data3/CNP0001565/zeamap/05_Epigenetics/DNA_Methylation/01_Regions/AMP_mCG_bed/CIMBL13.bedgraph.gz.tbi	maize_ZEAMAP/epigenome/dna_methylation/01_regions/AMP_mCG_bed/CIMBL13.bedgraph.gz.tbi	75.95KB
https://ftp.cngb.org/pub/CNSA/data3/CNP0001565/zeamap/05_Epigenetics/DNA_Methylation/01_Regions/AMP_mCG_bed/CIMBL130.bedgraph.gz	maize_ZEAMAP/epigenome/dna_methylation/01_regions/AMP_mCG_bed/CIMBL130.bedgraph.gz	93.44KB
https://ftp.cngb.org/pub/CNSA/data3/CNP0001565/zeamap/05_Epigenetics/DNA_Methylation/01_Regions/AMP_mCG_bed/CIMBL130.bedgraph.gz.tbi	maize_ZEAMAP/epigenome/dna_methylation/01_regions/AMP_mCG_bed/CIMBL130.bedgraph.gz.tbi	75.97KB
https://ftp.cngb.org/pub/CNSA/data3/CNP0001565/zeamap/05_Epigenetics/DNA_Methylation/01_Regions/AMP_mCG_bed/CIMBL131.bedgraph.gz	maize_ZEAMAP/epigenome/dna_methylation/01_regions/AMP_mCG_bed/CIMBL131.bedgraph.gz	90.81KB
https://ftp.cngb.org/pub/CNSA/data3/CNP0001565/zeamap/05_Epigenetics/DNA_Methylation/01_Regions/AMP_mCG_bed/CIMBL131.bedgraph.gz.tbi	maize_ZEAMAP/epigenome/dna_methylation/01_regions/AMP_mCG_bed/CIMBL131.bedgraph.gz.tbi	75.94KB
https://ftp.cngb.org/pub/CNSA/data3/CNP0001565/zeamap/05_Epigenetics/DNA_Methylation/01_Regions/AMP_mCG_bed/CIMBL133.bedgraph.gz	maize_ZEAMAP/epigenome/dna_methylation/01_regions/AMP_mCG_bed/CIMBL133.bedgraph.gz	94.15KB
https://ftp.cngb.org/pub/CNSA/data3/CNP0001565/zeamap/05_Epigenetics/DNA_Methylation/01_Regions/AMP_mCG_bed/CIMBL133.bedgraph.gz.tbi	maize_ZEAMAP/epigenome/dna_methylation/01_regions/AMP_mCG_bed/CIMBL133.bedgraph.gz.tbi	75.96KB
https://ftp.cngb.org/pub/CNSA/data3/CNP0001565/zeamap/05_Epigenetics/DNA_Methylation/01_Regions/AMP_mCG_bed/CIMBL137.bedgraph.gz	maize_ZEAMAP/epigenome/dna_methylation/01_regions/AMP_mCG_bed/CIMBL137.bedgraph.gz	78.37KB
https://ftp.cngb.org/pub/CNSA/data3/CNP0001565/zeamap/05_Epigenetics/DNA_Methylation/01_Regions/AMP_mCG_bed/CIMBL137.bedgraph.gz.tbi	maize_ZEAMAP/epigenome/dna_methylation/01_regions/AMP_mCG_bed/CIMBL137.bedgraph.gz.tbi	75.68KB
https://ftp.cngb.org/pub/CNSA/data3/CNP0001565/zeamap/05_Epigenetics/DNA_Methylation/01_Regions/AMP_mCG_bed/CIMBL138.bedgraph.gz	maize_ZEAMAP/epigenome/dna_methylation/01_regions/AMP_mCG_bed/CIMBL138.bedgraph.gz	81.98KB
https://ftp.cngb.org/pub/CNSA/data3/CNP0001565/zeamap/05_Epigenetics/DNA_Methylation/01_Regions/AMP_mCG_bed/CIMBL138.bedgraph.gz.tbi	maize_ZEAMAP/epigenome/dna_methylation/01_regions/AMP_mCG_bed/CIMBL138.bedgraph.gz.tbi	75.73KB
https://ftp.cngb.org/pub/CNSA/data3/CNP0001565/zeamap/05_Epigenetics/DNA_Methylation/01_Regions/AMP_mCG_bed/CIMBL14.bedgraph.gz	maize_ZEAMAP/epigenome/dna_methylation/01_regions/AMP_mCG_bed/CIMBL14.bedgraph.gz	91.83KB
https://ftp.cngb.org/pub/CNSA/data3/CNP0001565/zeamap/05_Epigenetics/DNA_Methylation/01_Regions/AMP_mCG_bed/CIMBL14.bedgraph.gz.tbi	maize_ZEAMAP/epigenome/dna_methylation/01_regions/AMP_mCG_bed/CIMBL14.bedgraph.gz.tbi	75.92KB
https://ftp.cngb.org/pub/CNSA/data3/CNP0001565/zeamap/05_Epigenetics/DNA_Methylation/01_Regions/AMP_mCG_bed/CIMBL140.bedgraph.gz	maize_ZEAMAP/epigenome/dna_methylation/01_regions/AMP_mCG_bed/CIMBL140.bedgraph.gz	80.11KB
https://ftp.cngb.org/pub/CNSA/data3/CNP0001565/zeamap/05_Epigenetics/DNA_Methylation/01_Regions/AMP_mCG_bed/CIMBL140.bedgraph.gz.tbi	maize_ZEAMAP/epigenome/dna_methylation/01_regions/AMP_mCG_bed/CIMBL140.bedgraph.gz.tbi	75.67KB
https://ftp.cngb.org/pub/CNSA/data3/CNP0001565/zeamap/05_Epigenetics/DNA_Methylation/01_Regions/AMP_mCG_bed/CIMBL141.bedgraph.gz	maize_ZEAMAP/epigenome/dna_methylation/01_regions/AMP_mCG_bed/CIMBL141.bedgraph.gz	94.42KB
https://ftp.cngb.org/pub/CNSA/data3/CNP0001565/zeamap/05_Epigenetics/DNA_Methylation/01_Regions/AMP_mCG_bed/CIMBL141.bedgraph.gz.tbi	maize_ZEAMAP/epigenome/dna_methylation/01_regions/AMP_mCG_bed/CIMBL141.bedgraph.gz.tbi	76.01KB
https://ftp.cngb.org/pub/CNSA/data3/CNP0001565/zeamap/05_Epigenetics/DNA_Methylation/01_Regions/AMP_mCG_bed/CIMBL145.bedgraph.gz	maize_ZEAMAP/epigenome/dna_methylation/01_regions/AMP_mCG_bed/CIMBL145.bedgraph.gz	91.46KB
https://ftp.cngb.org/pub/CNSA/data3/CNP0001565/zeamap/05_Epigenetics/DNA_Methylation/01_Regions/AMP_mCG_bed/CIMBL145.bedgraph.gz.tbi	maize_ZEAMAP/epigenome/dna_methylation/01_regions/AMP_mCG_bed/CIMBL145.bedgraph.gz.tbi	75.92KB
https://ftp.cngb.org/pub/CNSA/data3/CNP0001565/zeamap/05_Epigenetics/DNA_Methylation/01_Regions/AMP_mCG_bed/CIMBL148.bedgraph.gz	maize_ZEAMAP/epigenome/dna_methylation/01_regions/AMP_mCG_bed/CIMBL148.bedgraph.gz	86.17KB
https://ftp.cngb.org/pub/CNSA/data3/CNP0001565/zeamap/05_Epigenetics/DNA_Methylation/01_Regions/AMP_mCG_bed/CIMBL148.bedgraph.gz.tbi	maize_ZEAMAP/epigenome/dna_methylation/01_regions/AMP_mCG_bed/CIMBL148.bedgraph.gz.tbi	75.84KB
https://ftp.cngb.org/pub/CNSA/data3/CNP0001565/zeamap/05_Epigenetics/DNA_Methylation/01_Regions/AMP_mCG_bed/CIMBL150.bedgraph.gz	maize_ZEAMAP/epigenome/dna_methylation/01_regions/AMP_mCG_bed/CIMBL150.bedgraph.gz	94.62KB
https://ftp.cngb.org/pub/CNSA/data3/CNP0001565/zeamap/05_Epigenetics/DNA_Methylation/01_Regions/AMP_mCG_bed/CIMBL150.bedgraph.gz.tbi	maize_ZEAMAP/epigenome/dna_methylation/01_regions/AMP_mCG_bed/CIMBL150.bedgraph.gz.tbi	76.00KB
https://ftp.cngb.org/pub/CNSA/data3/CNP0001565/zeamap/05_Epigenetics/DNA_Methylation/01_Regions/AMP_mCG_bed/CIMBL151.bedgraph.gz	maize_ZEAMAP/epigenome/dna_methylation/01_regions/AMP_mCG_bed/CIMBL151.bedgraph.gz	94.58KB
https://ftp.cngb.org/pub/CNSA/data3/CNP0001565/zeamap/05_Epigenetics/DNA_Methylation/01_Regions/AMP_mCG_bed/CIMBL151.bedgraph.gz.tbi	maize_ZEAMAP/epigenome/dna_methylation/01_regions/AMP_mCG_bed/CIMBL151.bedgraph.gz.tbi	76.00KB
https://ftp.cngb.org/pub/CNSA/data3/CNP0001565/zeamap/05_Epigenetics/DNA_Methylation/01_Regions/AMP_mCG_bed/CIMBL152.bedgraph.gz	maize_ZEAMAP/epigenome/dna_methylation/01_regions/AMP_mCG_bed/CIMBL152.bedgraph.gz	90.32KB
https://ftp.cngb.org/pub/CNSA/data3/CNP0001565/zeamap/05_Epigenetics/DNA_Methylation/01_Regions/AMP_mCG_bed/CIMBL152.bedgraph.gz.tbi	maize_ZEAMAP/epigenome/dna_methylation/01_regions/AMP_mCG_bed/CIMBL152.bedgraph.gz.tbi	75.90KB
https://ftp.cngb.org/pub/CNSA/data3/CNP0001565/zeamap/05_Epigenetics/DNA_Methylation/01_Regions/AMP_mCG_bed/CIMBL154.bedgraph.gz	maize_ZEAMAP/epigenome/dna_methylation/01_regions/AMP_mCG_bed/CIMBL154.bedgraph.gz	89.06KB
https://ftp.cngb.org/pub/CNSA/data3/CNP0001565/zeamap/05_Epigenetics/DNA_Methylation/01_Regions/AMP_mCG_bed/CIMBL154.bedgraph.gz.tbi	maize_ZEAMAP/epigenome/dna_methylation/01_regions/AMP_mCG_bed/CIMBL154.bedgraph.gz.tbi	75.92KB
https://ftp.cngb.org/pub/CNSA/data3/CNP0001565/zeamap/05_Epigenetics/DNA_Methylation/01_Regions/AMP_mCG_bed/CIMBL155.bedgraph.gz	maize_ZEAMAP/epigenome/dna_methylation/01_regions/AMP_mCG_bed/CIMBL155.bedgraph.gz	86.50KB
https://ftp.cngb.org/pub/CNSA/data3/CNP0001565/zeamap/05_Epigenetics/DNA_Methylation/01_Regions/AMP_mCG_bed/CIMBL155.bedgraph.gz.tbi	maize_ZEAMAP/epigenome/dna_methylation/01_regions/AMP_mCG_bed/CIMBL155.bedgraph.gz.tbi	75.79KB
https://ftp.cngb.org/pub/CNSA/data3/CNP0001565/zeamap/05_Epigenetics/DNA_Methylation/01_Regions/AMP_mCG_bed/CIMBL17.bedgraph.gz	maize_ZEAMAP/epigenome/dna_methylation/01_regions/AMP_mCG_bed/CIMBL17.bedgraph.gz	94.44KB
https://ftp.cngb.org/pub/CNSA/data3/CNP0001565/zeamap/05_Epigenetics/DNA_Methylation/01_Regions/AMP_mCG_bed/CIMBL17.bedgraph.gz.tbi	maize_ZEAMAP/epigenome/dna_methylation/01_regions/AMP_mCG_bed/CIMBL17.bedgraph.gz.tbi	76.01KB
https://ftp.cngb.org/pub/CNSA/data3/CNP0001565/zeamap/05_Epigenetics/DNA_Methylation/01_Regions/AMP_mCG_bed/CIMBL18.bedgraph.gz	maize_ZEAMAP/epigenome/dna_methylation/01_regions/AMP_mCG_bed/CIMBL18.bedgraph.gz	93.86KB
https://ftp.cngb.org/pub/CNSA/data3/CNP0001565/zeamap/05_Epigenetics/DNA_Methylation/01_Regions/AMP_mCG_bed/CIMBL18.bedgraph.gz.tbi	maize_ZEAMAP/epigenome/dna_methylation/01_regions/AMP_mCG_bed/CIMBL18.bedgraph.gz.tbi	76.03KB
https://ftp.cngb.org/pub/CNSA/data3/CNP0001565/zeamap/05_Epigenetics/DNA_Methylation/01_Regions/AMP_mCG_bed/CIMBL2.bedgraph.gz	maize_ZEAMAP/epigenome/dna_methylation/01_regions/AMP_mCG_bed/CIMBL2.bedgraph.gz	93.33KB
https://ftp.cngb.org/pub/CNSA/data3/CNP0001565/zeamap/05_Epigenetics/DNA_Methylation/01_Regions/AMP_mCG_bed/CIMBL2.bedgraph.gz.tbi	maize_ZEAMAP/epigenome/dna_methylation/01_regions/AMP_mCG_bed/CIMBL2.bedgraph.gz.tbi	75.95KB
https://ftp.cngb.org/pub/CNSA/data3/CNP0001565/zeamap/05_Epigenetics/DNA_Methylation/01_Regions/AMP_mCG_bed/CIMBL20.bedgraph.gz	maize_ZEAMAP/epigenome/dna_methylation/01_regions/AMP_mCG_bed/CIMBL20.bedgraph.gz	78.86KB
https://ftp.cngb.org/pub/CNSA/data3/CNP0001565/zeamap/05_Epigenetics/DNA_Methylation/01_Regions/AMP_mCG_bed/CIMBL20.bedgraph.gz.tbi	maize_ZEAMAP/epigenome/dna_methylation/01_regions/AMP_mCG_bed/CIMBL20.bedgraph.gz.tbi	75.66KB
https://ftp.cngb.org/pub/CNSA/data3/CNP0001565/zeamap/05_Epigenetics/DNA_Methylation/01_Regions/AMP_mCG_bed/CIMBL22.bedgraph.gz	maize_ZEAMAP/epigenome/dna_methylation/01_regions/AMP_mCG_bed/CIMBL22.bedgraph.gz	94.83KB
https://ftp.cngb.org/pub/CNSA/data3/CNP0001565/zeamap/05_Epigenetics/DNA_Methylation/01_Regions/AMP_mCG_bed/CIMBL22.bedgraph.gz.tbi	maize_ZEAMAP/epigenome/dna_methylation/01_regions/AMP_mCG_bed/CIMBL22.bedgraph.gz.tbi	76.02KB
https://ftp.cngb.org/pub/CNSA/data3/CNP0001565/zeamap/05_Epigenetics/DNA_Methylation/01_Regions/AMP_mCG_bed/CIMBL23.bedgraph.gz	maize_ZEAMAP/epigenome/dna_methylation/01_regions/AMP_mCG_bed/CIMBL23.bedgraph.gz	90.72KB
https://ftp.cngb.org/pub/CNSA/data3/CNP0001565/zeamap/05_Epigenetics/DNA_Methylation/01_Regions/AMP_mCG_bed/CIMBL23.bedgraph.gz.tbi	maize_ZEAMAP/epigenome/dna_methylation/01_regions/AMP_mCG_bed/CIMBL23.bedgraph.gz.tbi	75.93KB
https://ftp.cngb.org/pub/CNSA/data3/CNP0001565/zeamap/05_Epigenetics/DNA_Methylation/01_Regions/AMP_mCG_bed/CIMBL25.bedgraph.gz	maize_ZEAMAP/epigenome/dna_methylation/01_regions/AMP_mCG_bed/CIMBL25.bedgraph.gz	94.97KB
https://ftp.cngb.org/pub/CNSA/data3/CNP0001565/zeamap/05_Epigenetics/DNA_Methylation/01_Regions/AMP_mCG_bed/CIMBL25.bedgraph.gz.tbi	maize_ZEAMAP/epigenome/dna_methylation/01_regions/AMP_mCG_bed/CIMBL25.bedgraph.gz.tbi	76.00KB
https://ftp.cngb.org/pub/CNSA/data3/CNP0001565/zeamap/05_Epigenetics/DNA_Methylation/01_Regions/AMP_mCG_bed/CIMBL28.bedgraph.gz	maize_ZEAMAP/epigenome/dna_methylation/01_regions/AMP_mCG_bed/CIMBL28.bedgraph.gz	95.11KB
https://ftp.cngb.org/pub/CNSA/data3/CNP0001565/zeamap/05_Epigenetics/DNA_Methylation/01_Regions/AMP_mCG_bed/CIMBL28.bedgraph.gz.tbi	maize_ZEAMAP/epigenome/dna_methylation/01_regions/AMP_mCG_bed/CIMBL28.bedgraph.gz.tbi	76.03KB
https://ftp.cngb.org/pub/CNSA/data3/CNP0001565/zeamap/05_Epigenetics/DNA_Methylation/01_Regions/AMP_mCG_bed/CIMBL29.bedgraph.gz	maize_ZEAMAP/epigenome/dna_methylation/01_regions/AMP_mCG_bed/CIMBL29.bedgraph.gz	91.68KB
https://ftp.cngb.org/pub/CNSA/data3/CNP0001565/zeamap/05_Epigenetics/DNA_Methylation/01_Regions/AMP_mCG_bed/CIMBL29.bedgraph.gz.tbi	maize_ZEAMAP/epigenome/dna_methylation/01_regions/AMP_mCG_bed/CIMBL29.bedgraph.gz.tbi	75.91KB
https://ftp.cngb.org/pub/CNSA/data3/CNP0001565/zeamap/05_Epigenetics/DNA_Methylation/01_Regions/AMP_mCG_bed/CIMBL3.bedgraph.gz	maize_ZEAMAP/epigenome/dna_methylation/01_regions/AMP_mCG_bed/CIMBL3.bedgraph.gz	92.05KB
https://ftp.cngb.org/pub/CNSA/data3/CNP0001565/zeamap/05_Epigenetics/DNA_Methylation/01_Regions/AMP_mCG_bed/CIMBL3.bedgraph.gz.tbi	maize_ZEAMAP/epigenome/dna_methylation/01_regions/AMP_mCG_bed/CIMBL3.bedgraph.gz.tbi	75.96KB
https://ftp.cngb.org/pub/CNSA/data3/CNP0001565/zeamap/05_Epigenetics/DNA_Methylation/01_Regions/AMP_mCG_bed/CIMBL33.bedgraph.gz	maize_ZEAMAP/epigenome/dna_methylation/01_regions/AMP_mCG_bed/CIMBL33.bedgraph.gz	87.86KB
https://ftp.cngb.org/pub/CNSA/data3/CNP0001565/zeamap/05_Epigenetics/DNA_Methylation/01_Regions/AMP_mCG_bed/CIMBL33.bedgraph.gz.tbi	maize_ZEAMAP/epigenome/dna_methylation/01_regions/AMP_mCG_bed/CIMBL33.bedgraph.gz.tbi	75.90KB
https://ftp.cngb.org/pub/CNSA/data3/CNP0001565/zeamap/05_Epigenetics/DNA_Methylation/01_Regions/AMP_mCG_bed/CIMBL37.bedgraph.gz	maize_ZEAMAP/epigenome/dna_methylation/01_regions/AMP_mCG_bed/CIMBL37.bedgraph.gz	92.62KB
https://ftp.cngb.org/pub/CNSA/data3/CNP0001565/zeamap/05_Epigenetics/DNA_Methylation/01_Regions/AMP_mCG_bed/CIMBL37.bedgraph.gz.tbi	maize_ZEAMAP/epigenome/dna_methylation/01_regions/AMP_mCG_bed/CIMBL37.bedgraph.gz.tbi	76.00KB
https://ftp.cngb.org/pub/CNSA/data3/CNP0001565/zeamap/05_Epigenetics/DNA_Methylation/01_Regions/AMP_mCG_bed/CIMBL39.bedgraph.gz	maize_ZEAMAP/epigenome/dna_methylation/01_regions/AMP_mCG_bed/CIMBL39.bedgraph.gz	85.24KB
https://ftp.cngb.org/pub/CNSA/data3/CNP0001565/zeamap/05_Epigenetics/DNA_Methylation/01_Regions/AMP_mCG_bed/CIMBL39.bedgraph.gz.tbi	maize_ZEAMAP/epigenome/dna_methylation/01_regions/AMP_mCG_bed/CIMBL39.bedgraph.gz.tbi	75.74KB
https://ftp.cngb.org/pub/CNSA/data3/CNP0001565/zeamap/05_Epigenetics/DNA_Methylation/01_Regions/AMP_mCG_bed/CIMBL4.bedgraph.gz	maize_ZEAMAP/epigenome/dna_methylation/01_regions/AMP_mCG_bed/CIMBL4.bedgraph.gz	90.42KB
https://ftp.cngb.org/pub/CNSA/data3/CNP0001565/zeamap/05_Epigenetics/DNA_Methylation/01_Regions/AMP_mCG_bed/CIMBL4.bedgraph.gz.tbi	maize_ZEAMAP/epigenome/dna_methylation/01_regions/AMP_mCG_bed/CIMBL4.bedgraph.gz.tbi	75.93KB
https://ftp.cngb.org/pub/CNSA/data3/CNP0001565/zeamap/05_Epigenetics/DNA_Methylation/01_Regions/AMP_mCG_bed/CIMBL40.bedgraph.gz	maize_ZEAMAP/epigenome/dna_methylation/01_regions/AMP_mCG_bed/CIMBL40.bedgraph.gz	94.89KB
https://ftp.cngb.org/pub/CNSA/data3/CNP0001565/zeamap/05_Epigenetics/DNA_Methylation/01_Regions/AMP_mCG_bed/CIMBL40.bedgraph.gz.tbi	maize_ZEAMAP/epigenome/dna_methylation/01_regions/AMP_mCG_bed/CIMBL40.bedgraph.gz.tbi	75.97KB
https://ftp.cngb.org/pub/CNSA/data3/CNP0001565/zeamap/05_Epigenetics/DNA_Methylation/01_Regions/AMP_mCG_bed/CIMBL41.bedgraph.gz	maize_ZEAMAP/epigenome/dna_methylation/01_regions/AMP_mCG_bed/CIMBL41.bedgraph.gz	91.16KB
https://ftp.cngb.org/pub/CNSA/data3/CNP0001565/zeamap/05_Epigenetics/DNA_Methylation/01_Regions/AMP_mCG_bed/CIMBL41.bedgraph.gz.tbi	maize_ZEAMAP/epigenome/dna_methylation/01_regions/AMP_mCG_bed/CIMBL41.bedgraph.gz.tbi	75.97KB
https://ftp.cngb.org/pub/CNSA/data3/CNP0001565/zeamap/05_Epigenetics/DNA_Methylation/01_Regions/AMP_mCG_bed/CIMBL42.bedgraph.gz	maize_ZEAMAP/epigenome/dna_methylation/01_regions/AMP_mCG_bed/CIMBL42.bedgraph.gz	94.09KB
https://ftp.cngb.org/pub/CNSA/data3/CNP0001565/zeamap/05_Epigenetics/DNA_Methylation/01_Regions/AMP_mCG_bed/CIMBL42.bedgraph.gz.tbi	maize_ZEAMAP/epigenome/dna_methylation/01_regions/AMP_mCG_bed/CIMBL42.bedgraph.gz.tbi	75.97KB
https://ftp.cngb.org/pub/CNSA/data3/CNP0001565/zeamap/05_Epigenetics/DNA_Methylation/01_Regions/AMP_mCG_bed/CIMBL43.bedgraph.gz	maize_ZEAMAP/epigenome/dna_methylation/01_regions/AMP_mCG_bed/CIMBL43.bedgraph.gz	94.05KB
https://ftp.cngb.org/pub/CNSA/data3/CNP0001565/zeamap/05_Epigenetics/DNA_Methylation/01_Regions/AMP_mCG_bed/CIMBL43.bedgraph.gz.tbi	maize_ZEAMAP/epigenome/dna_methylation/01_regions/AMP_mCG_bed/CIMBL43.bedgraph.gz.tbi	75.98KB
https://ftp.cngb.org/pub/CNSA/data3/CNP0001565/zeamap/05_Epigenetics/DNA_Methylation/01_Regions/AMP_mCG_bed/CIMBL44.bedgraph.gz	maize_ZEAMAP/epigenome/dna_methylation/01_regions/AMP_mCG_bed/CIMBL44.bedgraph.gz	92.63KB
https://ftp.cngb.org/pub/CNSA/data3/CNP0001565/zeamap/05_Epigenetics/DNA_Methylation/01_Regions/AMP_mCG_bed/CIMBL44.bedgraph.gz.tbi	maize_ZEAMAP/epigenome/dna_methylation/01_regions/AMP_mCG_bed/CIMBL44.bedgraph.gz.tbi	75.90KB
https://ftp.cngb.org/pub/CNSA/data3/CNP0001565/zeamap/05_Epigenetics/DNA_Methylation/01_Regions/AMP_mCG_bed/CIMBL48.bedgraph.gz	maize_ZEAMAP/epigenome/dna_methylation/01_regions/AMP_mCG_bed/CIMBL48.bedgraph.gz	87.17KB
https://ftp.cngb.org/pub/CNSA/data3/CNP0001565/zeamap/05_Epigenetics/DNA_Methylation/01_Regions/AMP_mCG_bed/CIMBL48.bedgraph.gz.tbi	maize_ZEAMAP/epigenome/dna_methylation/01_regions/AMP_mCG_bed/CIMBL48.bedgraph.gz.tbi	75.80KB
https://ftp.cngb.org/pub/CNSA/data3/CNP0001565/zeamap/05_Epigenetics/DNA_Methylation/01_Regions/AMP_mCG_bed/CIMBL49.bedgraph.gz	maize_ZEAMAP/epigenome/dna_methylation/01_regions/AMP_mCG_bed/CIMBL49.bedgraph.gz	94.48KB
https://ftp.cngb.org/pub/CNSA/data3/CNP0001565/zeamap/05_Epigenetics/DNA_Methylation/01_Regions/AMP_mCG_bed/CIMBL49.bedgraph.gz.tbi	maize_ZEAMAP/epigenome/dna_methylation/01_regions/AMP_mCG_bed/CIMBL49.bedgraph.gz.tbi	75.97KB
https://ftp.cngb.org/pub/CNSA/data3/CNP0001565/zeamap/05_Epigenetics/DNA_Methylation/01_Regions/AMP_mCG_bed/CIMBL51.bedgraph.gz	maize_ZEAMAP/epigenome/dna_methylation/01_regions/AMP_mCG_bed/CIMBL51.bedgraph.gz	93.39KB
https://ftp.cngb.org/pub/CNSA/data3/CNP0001565/zeamap/05_Epigenetics/DNA_Methylation/01_Regions/AMP_mCG_bed/CIMBL51.bedgraph.gz.tbi	maize_ZEAMAP/epigenome/dna_methylation/01_regions/AMP_mCG_bed/CIMBL51.bedgraph.gz.tbi	75.99KB
https://ftp.cngb.org/pub/CNSA/data3/CNP0001565/zeamap/05_Epigenetics/DNA_Methylation/01_Regions/AMP_mCG_bed/CIMBL53.bedgraph.gz	maize_ZEAMAP/epigenome/dna_methylation/01_regions/AMP_mCG_bed/CIMBL53.bedgraph.gz	94.02KB
https://ftp.cngb.org/pub/CNSA/data3/CNP0001565/zeamap/05_Epigenetics/DNA_Methylation/01_Regions/AMP_mCG_bed/CIMBL53.bedgraph.gz.tbi	maize_ZEAMAP/epigenome/dna_methylation/01_regions/AMP_mCG_bed/CIMBL53.bedgraph.gz.tbi	76.00KB
https://ftp.cngb.org/pub/CNSA/data3/CNP0001565/zeamap/05_Epigenetics/DNA_Methylation/01_Regions/AMP_mCG_bed/CIMBL56.bedgraph.gz	maize_ZEAMAP/epigenome/dna_methylation/01_regions/AMP_mCG_bed/CIMBL56.bedgraph.gz	92.65KB
https://ftp.cngb.org/pub/CNSA/data3/CNP0001565/zeamap/05_Epigenetics/DNA_Methylation/01_Regions/AMP_mCG_bed/CIMBL56.bedgraph.gz.tbi	maize_ZEAMAP/epigenome/dna_methylation/01_regions/AMP_mCG_bed/CIMBL56.bedgraph.gz.tbi	75.99KB
https://ftp.cngb.org/pub/CNSA/data3/CNP0001565/zeamap/05_Epigenetics/DNA_Methylation/01_Regions/AMP_mCG_bed/CIMBL60.bedgraph.gz	maize_ZEAMAP/epigenome/dna_methylation/01_regions/AMP_mCG_bed/CIMBL60.bedgraph.gz	88.87KB
https://ftp.cngb.org/pub/CNSA/data3/CNP0001565/zeamap/05_Epigenetics/DNA_Methylation/01_Regions/AMP_mCG_bed/CIMBL60.bedgraph.gz.tbi	maize_ZEAMAP/epigenome/dna_methylation/01_regions/AMP_mCG_bed/CIMBL60.bedgraph.gz.tbi	75.92KB
https://ftp.cngb.org/pub/CNSA/data3/CNP0001565/zeamap/05_Epigenetics/DNA_Methylation/01_Regions/AMP_mCG_bed/CIMBL63.bedgraph.gz	maize_ZEAMAP/epigenome/dna_methylation/01_regions/AMP_mCG_bed/CIMBL63.bedgraph.gz	91.61KB
https://ftp.cngb.org/pub/CNSA/data3/CNP0001565/zeamap/05_Epigenetics/DNA_Methylation/01_Regions/AMP_mCG_bed/CIMBL63.bedgraph.gz.tbi	maize_ZEAMAP/epigenome/dna_methylation/01_regions/AMP_mCG_bed/CIMBL63.bedgraph.gz.tbi	75.94KB
https://ftp.cngb.org/pub/CNSA/data3/CNP0001565/zeamap/05_Epigenetics/DNA_Methylation/01_Regions/AMP_mCG_bed/CIMBL66.bedgraph.gz	maize_ZEAMAP/epigenome/dna_methylation/01_regions/AMP_mCG_bed/CIMBL66.bedgraph.gz	94.47KB
https://ftp.cngb.org/pub/CNSA/data3/CNP0001565/zeamap/05_Epigenetics/DNA_Methylation/01_Regions/AMP_mCG_bed/CIMBL66.bedgraph.gz.tbi	maize_ZEAMAP/epigenome/dna_methylation/01_regions/AMP_mCG_bed/CIMBL66.bedgraph.gz.tbi	75.98KB
https://ftp.cngb.org/pub/CNSA/data3/CNP0001565/zeamap/05_Epigenetics/DNA_Methylation/01_Regions/AMP_mCG_bed/CIMBL68.bedgraph.gz	maize_ZEAMAP/epigenome/dna_methylation/01_regions/AMP_mCG_bed/CIMBL68.bedgraph.gz	92.77KB
https://ftp.cngb.org/pub/CNSA/data3/CNP0001565/zeamap/05_Epigenetics/DNA_Methylation/01_Regions/AMP_mCG_bed/CIMBL68.bedgraph.gz.tbi	maize_ZEAMAP/epigenome/dna_methylation/01_regions/AMP_mCG_bed/CIMBL68.bedgraph.gz.tbi	75.98KB
https://ftp.cngb.org/pub/CNSA/data3/CNP0001565/zeamap/05_Epigenetics/DNA_Methylation/01_Regions/AMP_mCG_bed/CIMBL69.bedgraph.gz	maize_ZEAMAP/epigenome/dna_methylation/01_regions/AMP_mCG_bed/CIMBL69.bedgraph.gz	92.22KB
https://ftp.cngb.org/pub/CNSA/data3/CNP0001565/zeamap/05_Epigenetics/DNA_Methylation/01_Regions/AMP_mCG_bed/CIMBL69.bedgraph.gz.tbi	maize_ZEAMAP/epigenome/dna_methylation/01_regions/AMP_mCG_bed/CIMBL69.bedgraph.gz.tbi	75.96KB
https://ftp.cngb.org/pub/CNSA/data3/CNP0001565/zeamap/05_Epigenetics/DNA_Methylation/01_Regions/AMP_mCG_bed/CIMBL7.bedgraph.gz	maize_ZEAMAP/epigenome/dna_methylation/01_regions/AMP_mCG_bed/CIMBL7.bedgraph.gz	94.19KB
https://ftp.cngb.org/pub/CNSA/data3/CNP0001565/zeamap/05_Epigenetics/DNA_Methylation/01_Regions/AMP_mCG_bed/CIMBL7.bedgraph.gz.tbi	maize_ZEAMAP/epigenome/dna_methylation/01_regions/AMP_mCG_bed/CIMBL7.bedgraph.gz.tbi	76.03KB
https://ftp.cngb.org/pub/CNSA/data3/CNP0001565/zeamap/05_Epigenetics/DNA_Methylation/01_Regions/AMP_mCG_bed/CIMBL70.bedgraph.gz	maize_ZEAMAP/epigenome/dna_methylation/01_regions/AMP_mCG_bed/CIMBL70.bedgraph.gz	93.03KB
https://ftp.cngb.org/pub/CNSA/data3/CNP0001565/zeamap/05_Epigenetics/DNA_Methylation/01_Regions/AMP_mCG_bed/CIMBL70.bedgraph.gz.tbi	maize_ZEAMAP/epigenome/dna_methylation/01_regions/AMP_mCG_bed/CIMBL70.bedgraph.gz.tbi	75.97KB
https://ftp.cngb.org/pub/CNSA/data3/CNP0001565/zeamap/05_Epigenetics/DNA_Methylation/01_Regions/AMP_mCG_bed/CIMBL71.bedgraph.gz	maize_ZEAMAP/epigenome/dna_methylation/01_regions/AMP_mCG_bed/CIMBL71.bedgraph.gz	90.67KB
https://ftp.cngb.org/pub/CNSA/data3/CNP0001565/zeamap/05_Epigenetics/DNA_Methylation/01_Regions/AMP_mCG_bed/CIMBL71.bedgraph.gz.tbi	maize_ZEAMAP/epigenome/dna_methylation/01_regions/AMP_mCG_bed/CIMBL71.bedgraph.gz.tbi	75.89KB
https://ftp.cngb.org/pub/CNSA/data3/CNP0001565/zeamap/05_Epigenetics/DNA_Methylation/01_Regions/AMP_mCG_bed/CIMBL72.bedgraph.gz	maize_ZEAMAP/epigenome/dna_methylation/01_regions/AMP_mCG_bed/CIMBL72.bedgraph.gz	87.93KB
https://ftp.cngb.org/pub/CNSA/data3/CNP0001565/zeamap/05_Epigenetics/DNA_Methylation/01_Regions/AMP_mCG_bed/CIMBL72.bedgraph.gz.tbi	maize_ZEAMAP/epigenome/dna_methylation/01_regions/AMP_mCG_bed/CIMBL72.bedgraph.gz.tbi	75.84KB
https://ftp.cngb.org/pub/CNSA/data3/CNP0001565/zeamap/05_Epigenetics/DNA_Methylation/01_Regions/AMP_mCG_bed/CIMBL74.bedgraph.gz	maize_ZEAMAP/epigenome/dna_methylation/01_regions/AMP_mCG_bed/CIMBL74.bedgraph.gz	93.82KB
https://ftp.cngb.org/pub/CNSA/data3/CNP0001565/zeamap/05_Epigenetics/DNA_Methylation/01_Regions/AMP_mCG_bed/CIMBL74.bedgraph.gz.tbi	maize_ZEAMAP/epigenome/dna_methylation/01_regions/AMP_mCG_bed/CIMBL74.bedgraph.gz.tbi	75.96KB
https://ftp.cngb.org/pub/CNSA/data3/CNP0001565/zeamap/05_Epigenetics/DNA_Methylation/01_Regions/AMP_mCG_bed/CIMBL75.bedgraph.gz	maize_ZEAMAP/epigenome/dna_methylation/01_regions/AMP_mCG_bed/CIMBL75.bedgraph.gz	94.09KB
https://ftp.cngb.org/pub/CNSA/data3/CNP0001565/zeamap/05_Epigenetics/DNA_Methylation/01_Regions/AMP_mCG_bed/CIMBL75.bedgraph.gz.tbi	maize_ZEAMAP/epigenome/dna_methylation/01_regions/AMP_mCG_bed/CIMBL75.bedgraph.gz.tbi	76.03KB
https://ftp.cngb.org/pub/CNSA/data3/CNP0001565/zeamap/05_Epigenetics/DNA_Methylation/01_Regions/AMP_mCG_bed/CIMBL76.bedgraph.gz	maize_ZEAMAP/epigenome/dna_methylation/01_regions/AMP_mCG_bed/CIMBL76.bedgraph.gz	89.28KB
https://ftp.cngb.org/pub/CNSA/data3/CNP0001565/zeamap/05_Epigenetics/DNA_Methylation/01_Regions/AMP_mCG_bed/CIMBL76.bedgraph.gz.tbi	maize_ZEAMAP/epigenome/dna_methylation/01_regions/AMP_mCG_bed/CIMBL76.bedgraph.gz.tbi	75.90KB
https://ftp.cngb.org/pub/CNSA/data3/CNP0001565/zeamap/05_Epigenetics/DNA_Methylation/01_Regions/AMP_mCG_bed/CIMBL77.bedgraph.gz	maize_ZEAMAP/epigenome/dna_methylation/01_regions/AMP_mCG_bed/CIMBL77.bedgraph.gz	94.13KB
https://ftp.cngb.org/pub/CNSA/data3/CNP0001565/zeamap/05_Epigenetics/DNA_Methylation/01_Regions/AMP_mCG_bed/CIMBL77.bedgraph.gz.tbi	maize_ZEAMAP/epigenome/dna_methylation/01_regions/AMP_mCG_bed/CIMBL77.bedgraph.gz.tbi	75.98KB
https://ftp.cngb.org/pub/CNSA/data3/CNP0001565/zeamap/05_Epigenetics/DNA_Methylation/01_Regions/AMP_mCG_bed/CIMBL8.bedgraph.gz	maize_ZEAMAP/epigenome/dna_methylation/01_regions/AMP_mCG_bed/CIMBL8.bedgraph.gz	92.15KB
https://ftp.cngb.org/pub/CNSA/data3/CNP0001565/zeamap/05_Epigenetics/DNA_Methylation/01_Regions/AMP_mCG_bed/CIMBL8.bedgraph.gz.tbi	maize_ZEAMAP/epigenome/dna_methylation/01_regions/AMP_mCG_bed/CIMBL8.bedgraph.gz.tbi	75.93KB
https://ftp.cngb.org/pub/CNSA/data3/CNP0001565/zeamap/05_Epigenetics/DNA_Methylation/01_Regions/AMP_mCG_bed/CIMBL82.bedgraph.gz	maize_ZEAMAP/epigenome/dna_methylation/01_regions/AMP_mCG_bed/CIMBL82.bedgraph.gz	90.49KB
https://ftp.cngb.org/pub/CNSA/data3/CNP0001565/zeamap/05_Epigenetics/DNA_Methylation/01_Regions/AMP_mCG_bed/CIMBL82.bedgraph.gz.tbi	maize_ZEAMAP/epigenome/dna_methylation/01_regions/AMP_mCG_bed/CIMBL82.bedgraph.gz.tbi	75.93KB
https://ftp.cngb.org/pub/CNSA/data3/CNP0001565/zeamap/05_Epigenetics/DNA_Methylation/01_Regions/AMP_mCG_bed/CIMBL83.bedgraph.gz	maize_ZEAMAP/epigenome/dna_methylation/01_regions/AMP_mCG_bed/CIMBL83.bedgraph.gz	94.72KB
https://ftp.cngb.org/pub/CNSA/data3/CNP0001565/zeamap/05_Epigenetics/DNA_Methylation/01_Regions/AMP_mCG_bed/CIMBL83.bedgraph.gz.tbi	maize_ZEAMAP/epigenome/dna_methylation/01_regions/AMP_mCG_bed/CIMBL83.bedgraph.gz.tbi	76.01KB
https://ftp.cngb.org/pub/CNSA/data3/CNP0001565/zeamap/05_Epigenetics/DNA_Methylation/01_Regions/AMP_mCG_bed/CIMBL86.bedgraph.gz	maize_ZEAMAP/epigenome/dna_methylation/01_regions/AMP_mCG_bed/CIMBL86.bedgraph.gz	93.35KB
https://ftp.cngb.org/pub/CNSA/data3/CNP0001565/zeamap/05_Epigenetics/DNA_Methylation/01_Regions/AMP_mCG_bed/CIMBL86.bedgraph.gz.tbi	maize_ZEAMAP/epigenome/dna_methylation/01_regions/AMP_mCG_bed/CIMBL86.bedgraph.gz.tbi	75.99KB
https://ftp.cngb.org/pub/CNSA/data3/CNP0001565/zeamap/05_Epigenetics/DNA_Methylation/01_Regions/AMP_mCG_bed/CIMBL88.bedgraph.gz	maize_ZEAMAP/epigenome/dna_methylation/01_regions/AMP_mCG_bed/CIMBL88.bedgraph.gz	94.94KB
https://ftp.cngb.org/pub/CNSA/data3/CNP0001565/zeamap/05_Epigenetics/DNA_Methylation/01_Regions/AMP_mCG_bed/CIMBL88.bedgraph.gz.tbi	maize_ZEAMAP/epigenome/dna_methylation/01_regions/AMP_mCG_bed/CIMBL88.bedgraph.gz.tbi	75.98KB
https://ftp.cngb.org/pub/CNSA/data3/CNP0001565/zeamap/05_Epigenetics/DNA_Methylation/01_Regions/AMP_mCG_bed/CIMBL9.bedgraph.gz	maize_ZEAMAP/epigenome/dna_methylation/01_regions/AMP_mCG_bed/CIMBL9.bedgraph.gz	95.51KB
https://ftp.cngb.org/pub/CNSA/data3/CNP0001565/zeamap/05_Epigenetics/DNA_Methylation/01_Regions/AMP_mCG_bed/CIMBL9.bedgraph.gz.tbi	maize_ZEAMAP/epigenome/dna_methylation/01_regions/AMP_mCG_bed/CIMBL9.bedgraph.gz.tbi	76.02KB
https://ftp.cngb.org/pub/CNSA/data3/CNP0001565/zeamap/05_Epigenetics/DNA_Methylation/01_Regions/AMP_mCG_bed/CIMBL91.bedgraph.gz	maize_ZEAMAP/epigenome/dna_methylation/01_regions/AMP_mCG_bed/CIMBL91.bedgraph.gz	90.17KB
https://ftp.cngb.org/pub/CNSA/data3/CNP0001565/zeamap/05_Epigenetics/DNA_Methylation/01_Regions/AMP_mCG_bed/CIMBL91.bedgraph.gz.tbi	maize_ZEAMAP/epigenome/dna_methylation/01_regions/AMP_mCG_bed/CIMBL91.bedgraph.gz.tbi	75.91KB
https://ftp.cngb.org/pub/CNSA/data3/CNP0001565/zeamap/05_Epigenetics/DNA_Methylation/01_Regions/AMP_mCG_bed/CIMBL92.bedgraph.gz	maize_ZEAMAP/epigenome/dna_methylation/01_regions/AMP_mCG_bed/CIMBL92.bedgraph.gz	92.89KB
https://ftp.cngb.org/pub/CNSA/data3/CNP0001565/zeamap/05_Epigenetics/DNA_Methylation/01_Regions/AMP_mCG_bed/CIMBL92.bedgraph.gz.tbi	maize_ZEAMAP/epigenome/dna_methylation/01_regions/AMP_mCG_bed/CIMBL92.bedgraph.gz.tbi	75.95KB
https://ftp.cngb.org/pub/CNSA/data3/CNP0001565/zeamap/05_Epigenetics/DNA_Methylation/01_Regions/AMP_mCG_bed/CIMBL94.bedgraph.gz	maize_ZEAMAP/epigenome/dna_methylation/01_regions/AMP_mCG_bed/CIMBL94.bedgraph.gz	95.12KB
https://ftp.cngb.org/pub/CNSA/data3/CNP0001565/zeamap/05_Epigenetics/DNA_Methylation/01_Regions/AMP_mCG_bed/CIMBL94.bedgraph.gz.tbi	maize_ZEAMAP/epigenome/dna_methylation/01_regions/AMP_mCG_bed/CIMBL94.bedgraph.gz.tbi	75.99KB
https://ftp.cngb.org/pub/CNSA/data3/CNP0001565/zeamap/05_Epigenetics/DNA_Methylation/01_Regions/AMP_mCG_bed/CIMBL95.bedgraph.gz	maize_ZEAMAP/epigenome/dna_methylation/01_regions/AMP_mCG_bed/CIMBL95.bedgraph.gz	94.57KB
https://ftp.cngb.org/pub/CNSA/data3/CNP0001565/zeamap/05_Epigenetics/DNA_Methylation/01_Regions/AMP_mCG_bed/CIMBL95.bedgraph.gz.tbi	maize_ZEAMAP/epigenome/dna_methylation/01_regions/AMP_mCG_bed/CIMBL95.bedgraph.gz.tbi	76.01KB
https://ftp.cngb.org/pub/CNSA/data3/CNP0001565/zeamap/05_Epigenetics/DNA_Methylation/01_Regions/AMP_mCG_bed/CIMBL96.bedgraph.gz	maize_ZEAMAP/epigenome/dna_methylation/01_regions/AMP_mCG_bed/CIMBL96.bedgraph.gz	94.40KB
https://ftp.cngb.org/pub/CNSA/data3/CNP0001565/zeamap/05_Epigenetics/DNA_Methylation/01_Regions/AMP_mCG_bed/CIMBL96.bedgraph.gz.tbi	maize_ZEAMAP/epigenome/dna_methylation/01_regions/AMP_mCG_bed/CIMBL96.bedgraph.gz.tbi	75.99KB
https://ftp.cngb.org/pub/CNSA/data3/CNP0001565/zeamap/05_Epigenetics/DNA_Methylation/01_Regions/AMP_mCG_bed/CIMBL99.bedgraph.gz	maize_ZEAMAP/epigenome/dna_methylation/01_regions/AMP_mCG_bed/CIMBL99.bedgraph.gz	94.04KB
https://ftp.cngb.org/pub/CNSA/data3/CNP0001565/zeamap/05_Epigenetics/DNA_Methylation/01_Regions/AMP_mCG_bed/CIMBL99.bedgraph.gz.tbi	maize_ZEAMAP/epigenome/dna_methylation/01_regions/AMP_mCG_bed/CIMBL99.bedgraph.gz.tbi	75.99KB
https://ftp.cngb.org/pub/CNSA/data3/CNP0001565/zeamap/05_Epigenetics/DNA_Methylation/01_Regions/AMP_mCG_bed/CML114.bedgraph.gz	maize_ZEAMAP/epigenome/dna_methylation/01_regions/AMP_mCG_bed/CML114.bedgraph.gz	93.74KB
https://ftp.cngb.org/pub/CNSA/data3/CNP0001565/zeamap/05_Epigenetics/DNA_Methylation/01_Regions/AMP_mCG_bed/CML114.bedgraph.gz.tbi	maize_ZEAMAP/epigenome/dna_methylation/01_regions/AMP_mCG_bed/CML114.bedgraph.gz.tbi	75.98KB
https://ftp.cngb.org/pub/CNSA/data3/CNP0001565/zeamap/05_Epigenetics/DNA_Methylation/01_Regions/AMP_mCG_bed/CML121.bedgraph.gz	maize_ZEAMAP/epigenome/dna_methylation/01_regions/AMP_mCG_bed/CML121.bedgraph.gz	84.26KB
https://ftp.cngb.org/pub/CNSA/data3/CNP0001565/zeamap/05_Epigenetics/DNA_Methylation/01_Regions/AMP_mCG_bed/CML121.bedgraph.gz.tbi	maize_ZEAMAP/epigenome/dna_methylation/01_regions/AMP_mCG_bed/CML121.bedgraph.gz.tbi	75.81KB
https://ftp.cngb.org/pub/CNSA/data3/CNP0001565/zeamap/05_Epigenetics/DNA_Methylation/01_Regions/AMP_mCG_bed/CML122.bedgraph.gz	maize_ZEAMAP/epigenome/dna_methylation/01_regions/AMP_mCG_bed/CML122.bedgraph.gz	93.44KB
https://ftp.cngb.org/pub/CNSA/data3/CNP0001565/zeamap/05_Epigenetics/DNA_Methylation/01_Regions/AMP_mCG_bed/CML122.bedgraph.gz.tbi	maize_ZEAMAP/epigenome/dna_methylation/01_regions/AMP_mCG_bed/CML122.bedgraph.gz.tbi	75.97KB
https://ftp.cngb.org/pub/CNSA/data3/CNP0001565/zeamap/05_Epigenetics/DNA_Methylation/01_Regions/AMP_mCG_bed/CML130.bedgraph.gz	maize_ZEAMAP/epigenome/dna_methylation/01_regions/AMP_mCG_bed/CML130.bedgraph.gz	82.63KB
https://ftp.cngb.org/pub/CNSA/data3/CNP0001565/zeamap/05_Epigenetics/DNA_Methylation/01_Regions/AMP_mCG_bed/CML130.bedgraph.gz.tbi	maize_ZEAMAP/epigenome/dna_methylation/01_regions/AMP_mCG_bed/CML130.bedgraph.gz.tbi	75.75KB
https://ftp.cngb.org/pub/CNSA/data3/CNP0001565/zeamap/05_Epigenetics/DNA_Methylation/01_Regions/AMP_mCG_bed/CML134.bedgraph.gz	maize_ZEAMAP/epigenome/dna_methylation/01_regions/AMP_mCG_bed/CML134.bedgraph.gz	91.63KB
https://ftp.cngb.org/pub/CNSA/data3/CNP0001565/zeamap/05_Epigenetics/DNA_Methylation/01_Regions/AMP_mCG_bed/CML134.bedgraph.gz.tbi	maize_ZEAMAP/epigenome/dna_methylation/01_regions/AMP_mCG_bed/CML134.bedgraph.gz.tbi	75.91KB
https://ftp.cngb.org/pub/CNSA/data3/CNP0001565/zeamap/05_Epigenetics/DNA_Methylation/01_Regions/AMP_mCG_bed/CML139.bedgraph.gz	maize_ZEAMAP/epigenome/dna_methylation/01_regions/AMP_mCG_bed/CML139.bedgraph.gz	94.93KB
https://ftp.cngb.org/pub/CNSA/data3/CNP0001565/zeamap/05_Epigenetics/DNA_Methylation/01_Regions/AMP_mCG_bed/CML139.bedgraph.gz.tbi	maize_ZEAMAP/epigenome/dna_methylation/01_regions/AMP_mCG_bed/CML139.bedgraph.gz.tbi	76.01KB
https://ftp.cngb.org/pub/CNSA/data3/CNP0001565/zeamap/05_Epigenetics/DNA_Methylation/01_Regions/AMP_mCG_bed/CML162.bedgraph.gz	maize_ZEAMAP/epigenome/dna_methylation/01_regions/AMP_mCG_bed/CML162.bedgraph.gz	87.86KB
https://ftp.cngb.org/pub/CNSA/data3/CNP0001565/zeamap/05_Epigenetics/DNA_Methylation/01_Regions/AMP_mCG_bed/CML162.bedgraph.gz.tbi	maize_ZEAMAP/epigenome/dna_methylation/01_regions/AMP_mCG_bed/CML162.bedgraph.gz.tbi	75.92KB
https://ftp.cngb.org/pub/CNSA/data3/CNP0001565/zeamap/05_Epigenetics/DNA_Methylation/01_Regions/AMP_mCG_bed/CML163.bedgraph.gz	maize_ZEAMAP/epigenome/dna_methylation/01_regions/AMP_mCG_bed/CML163.bedgraph.gz	95.03KB
https://ftp.cngb.org/pub/CNSA/data3/CNP0001565/zeamap/05_Epigenetics/DNA_Methylation/01_Regions/AMP_mCG_bed/CML163.bedgraph.gz.tbi	maize_ZEAMAP/epigenome/dna_methylation/01_regions/AMP_mCG_bed/CML163.bedgraph.gz.tbi	76.02KB
https://ftp.cngb.org/pub/CNSA/data3/CNP0001565/zeamap/05_Epigenetics/DNA_Methylation/01_Regions/AMP_mCG_bed/CML166.bedgraph.gz	maize_ZEAMAP/epigenome/dna_methylation/01_regions/AMP_mCG_bed/CML166.bedgraph.gz	81.42KB
https://ftp.cngb.org/pub/CNSA/data3/CNP0001565/zeamap/05_Epigenetics/DNA_Methylation/01_Regions/AMP_mCG_bed/CML166.bedgraph.gz.tbi	maize_ZEAMAP/epigenome/dna_methylation/01_regions/AMP_mCG_bed/CML166.bedgraph.gz.tbi	75.70KB
https://ftp.cngb.org/pub/CNSA/data3/CNP0001565/zeamap/05_Epigenetics/DNA_Methylation/01_Regions/AMP_mCG_bed/CML168.bedgraph.gz	maize_ZEAMAP/epigenome/dna_methylation/01_regions/AMP_mCG_bed/CML168.bedgraph.gz	85.68KB
https://ftp.cngb.org/pub/CNSA/data3/CNP0001565/zeamap/05_Epigenetics/DNA_Methylation/01_Regions/AMP_mCG_bed/CML168.bedgraph.gz.tbi	maize_ZEAMAP/epigenome/dna_methylation/01_regions/AMP_mCG_bed/CML168.bedgraph.gz.tbi	75.80KB
https://ftp.cngb.org/pub/CNSA/data3/CNP0001565/zeamap/05_Epigenetics/DNA_Methylation/01_Regions/AMP_mCG_bed/CML170.bedgraph.gz	maize_ZEAMAP/epigenome/dna_methylation/01_regions/AMP_mCG_bed/CML170.bedgraph.gz	93.92KB
https://ftp.cngb.org/pub/CNSA/data3/CNP0001565/zeamap/05_Epigenetics/DNA_Methylation/01_Regions/AMP_mCG_bed/CML170.bedgraph.gz.tbi	maize_ZEAMAP/epigenome/dna_methylation/01_regions/AMP_mCG_bed/CML170.bedgraph.gz.tbi	75.92KB
https://ftp.cngb.org/pub/CNSA/data3/CNP0001565/zeamap/05_Epigenetics/DNA_Methylation/01_Regions/AMP_mCG_bed/CML171.bedgraph.gz	maize_ZEAMAP/epigenome/dna_methylation/01_regions/AMP_mCG_bed/CML171.bedgraph.gz	94.76KB
https://ftp.cngb.org/pub/CNSA/data3/CNP0001565/zeamap/05_Epigenetics/DNA_Methylation/01_Regions/AMP_mCG_bed/CML171.bedgraph.gz.tbi	maize_ZEAMAP/epigenome/dna_methylation/01_regions/AMP_mCG_bed/CML171.bedgraph.gz.tbi	76.00KB
https://ftp.cngb.org/pub/CNSA/data3/CNP0001565/zeamap/05_Epigenetics/DNA_Methylation/01_Regions/AMP_mCG_bed/CML172.bedgraph.gz	maize_ZEAMAP/epigenome/dna_methylation/01_regions/AMP_mCG_bed/CML172.bedgraph.gz	93.72KB
https://ftp.cngb.org/pub/CNSA/data3/CNP0001565/zeamap/05_Epigenetics/DNA_Methylation/01_Regions/AMP_mCG_bed/CML172.bedgraph.gz.tbi	maize_ZEAMAP/epigenome/dna_methylation/01_regions/AMP_mCG_bed/CML172.bedgraph.gz.tbi	75.96KB
https://ftp.cngb.org/pub/CNSA/data3/CNP0001565/zeamap/05_Epigenetics/DNA_Methylation/01_Regions/AMP_mCG_bed/CML189.bedgraph.gz	maize_ZEAMAP/epigenome/dna_methylation/01_regions/AMP_mCG_bed/CML189.bedgraph.gz	91.85KB
https://ftp.cngb.org/pub/CNSA/data3/CNP0001565/zeamap/05_Epigenetics/DNA_Methylation/01_Regions/AMP_mCG_bed/CML189.bedgraph.gz.tbi	maize_ZEAMAP/epigenome/dna_methylation/01_regions/AMP_mCG_bed/CML189.bedgraph.gz.tbi	75.97KB
https://ftp.cngb.org/pub/CNSA/data3/CNP0001565/zeamap/05_Epigenetics/DNA_Methylation/01_Regions/AMP_mCG_bed/CML192.bedgraph.gz	maize_ZEAMAP/epigenome/dna_methylation/01_regions/AMP_mCG_bed/CML192.bedgraph.gz	93.90KB
https://ftp.cngb.org/pub/CNSA/data3/CNP0001565/zeamap/05_Epigenetics/DNA_Methylation/01_Regions/AMP_mCG_bed/CML192.bedgraph.gz.tbi	maize_ZEAMAP/epigenome/dna_methylation/01_regions/AMP_mCG_bed/CML192.bedgraph.gz.tbi	75.94KB
https://ftp.cngb.org/pub/CNSA/data3/CNP0001565/zeamap/05_Epigenetics/DNA_Methylation/01_Regions/AMP_mCG_bed/CML223.bedgraph.gz	maize_ZEAMAP/epigenome/dna_methylation/01_regions/AMP_mCG_bed/CML223.bedgraph.gz	91.94KB
https://ftp.cngb.org/pub/CNSA/data3/CNP0001565/zeamap/05_Epigenetics/DNA_Methylation/01_Regions/AMP_mCG_bed/CML223.bedgraph.gz.tbi	maize_ZEAMAP/epigenome/dna_methylation/01_regions/AMP_mCG_bed/CML223.bedgraph.gz.tbi	76.00KB
https://ftp.cngb.org/pub/CNSA/data3/CNP0001565/zeamap/05_Epigenetics/DNA_Methylation/01_Regions/AMP_mCG_bed/CML226.bedgraph.gz	maize_ZEAMAP/epigenome/dna_methylation/01_regions/AMP_mCG_bed/CML226.bedgraph.gz	90.28KB
https://ftp.cngb.org/pub/CNSA/data3/CNP0001565/zeamap/05_Epigenetics/DNA_Methylation/01_Regions/AMP_mCG_bed/CML226.bedgraph.gz.tbi	maize_ZEAMAP/epigenome/dna_methylation/01_regions/AMP_mCG_bed/CML226.bedgraph.gz.tbi	75.88KB
https://ftp.cngb.org/pub/CNSA/data3/CNP0001565/zeamap/05_Epigenetics/DNA_Methylation/01_Regions/AMP_mCG_bed/CML26.bedgraph.gz	maize_ZEAMAP/epigenome/dna_methylation/01_regions/AMP_mCG_bed/CML26.bedgraph.gz	91.53KB
https://ftp.cngb.org/pub/CNSA/data3/CNP0001565/zeamap/05_Epigenetics/DNA_Methylation/01_Regions/AMP_mCG_bed/CML26.bedgraph.gz.tbi	maize_ZEAMAP/epigenome/dna_methylation/01_regions/AMP_mCG_bed/CML26.bedgraph.gz.tbi	75.96KB
https://ftp.cngb.org/pub/CNSA/data3/CNP0001565/zeamap/05_Epigenetics/DNA_Methylation/01_Regions/AMP_mCG_bed/CML27.bedgraph.gz	maize_ZEAMAP/epigenome/dna_methylation/01_regions/AMP_mCG_bed/CML27.bedgraph.gz	91.80KB
https://ftp.cngb.org/pub/CNSA/data3/CNP0001565/zeamap/05_Epigenetics/DNA_Methylation/01_Regions/AMP_mCG_bed/CML27.bedgraph.gz.tbi	maize_ZEAMAP/epigenome/dna_methylation/01_regions/AMP_mCG_bed/CML27.bedgraph.gz.tbi	75.95KB
https://ftp.cngb.org/pub/CNSA/data3/CNP0001565/zeamap/05_Epigenetics/DNA_Methylation/01_Regions/AMP_mCG_bed/CML28.bedgraph.gz	maize_ZEAMAP/epigenome/dna_methylation/01_regions/AMP_mCG_bed/CML28.bedgraph.gz	85.84KB
https://ftp.cngb.org/pub/CNSA/data3/CNP0001565/zeamap/05_Epigenetics/DNA_Methylation/01_Regions/AMP_mCG_bed/CML28.bedgraph.gz.tbi	maize_ZEAMAP/epigenome/dna_methylation/01_regions/AMP_mCG_bed/CML28.bedgraph.gz.tbi	75.85KB
https://ftp.cngb.org/pub/CNSA/data3/CNP0001565/zeamap/05_Epigenetics/DNA_Methylation/01_Regions/AMP_mCG_bed/CML285.bedgraph.gz	maize_ZEAMAP/epigenome/dna_methylation/01_regions/AMP_mCG_bed/CML285.bedgraph.gz	91.74KB
https://ftp.cngb.org/pub/CNSA/data3/CNP0001565/zeamap/05_Epigenetics/DNA_Methylation/01_Regions/AMP_mCG_bed/CML285.bedgraph.gz.tbi	maize_ZEAMAP/epigenome/dna_methylation/01_regions/AMP_mCG_bed/CML285.bedgraph.gz.tbi	75.93KB
https://ftp.cngb.org/pub/CNSA/data3/CNP0001565/zeamap/05_Epigenetics/DNA_Methylation/01_Regions/AMP_mCG_bed/CML286.bedgraph.gz	maize_ZEAMAP/epigenome/dna_methylation/01_regions/AMP_mCG_bed/CML286.bedgraph.gz	92.76KB
https://ftp.cngb.org/pub/CNSA/data3/CNP0001565/zeamap/05_Epigenetics/DNA_Methylation/01_Regions/AMP_mCG_bed/CML286.bedgraph.gz.tbi	maize_ZEAMAP/epigenome/dna_methylation/01_regions/AMP_mCG_bed/CML286.bedgraph.gz.tbi	75.96KB
https://ftp.cngb.org/pub/CNSA/data3/CNP0001565/zeamap/05_Epigenetics/DNA_Methylation/01_Regions/AMP_mCG_bed/CML287.bedgraph.gz	maize_ZEAMAP/epigenome/dna_methylation/01_regions/AMP_mCG_bed/CML287.bedgraph.gz	89.67KB
https://ftp.cngb.org/pub/CNSA/data3/CNP0001565/zeamap/05_Epigenetics/DNA_Methylation/01_Regions/AMP_mCG_bed/CML287.bedgraph.gz.tbi	maize_ZEAMAP/epigenome/dna_methylation/01_regions/AMP_mCG_bed/CML287.bedgraph.gz.tbi	75.89KB
https://ftp.cngb.org/pub/CNSA/data3/CNP0001565/zeamap/05_Epigenetics/DNA_Methylation/01_Regions/AMP_mCG_bed/CML29.bedgraph.gz	maize_ZEAMAP/epigenome/dna_methylation/01_regions/AMP_mCG_bed/CML29.bedgraph.gz	86.30KB
https://ftp.cngb.org/pub/CNSA/data3/CNP0001565/zeamap/05_Epigenetics/DNA_Methylation/01_Regions/AMP_mCG_bed/CML29.bedgraph.gz.tbi	maize_ZEAMAP/epigenome/dna_methylation/01_regions/AMP_mCG_bed/CML29.bedgraph.gz.tbi	75.83KB
https://ftp.cngb.org/pub/CNSA/data3/CNP0001565/zeamap/05_Epigenetics/DNA_Methylation/01_Regions/AMP_mCG_bed/CML307.bedgraph.gz	maize_ZEAMAP/epigenome/dna_methylation/01_regions/AMP_mCG_bed/CML307.bedgraph.gz	89.46KB
https://ftp.cngb.org/pub/CNSA/data3/CNP0001565/zeamap/05_Epigenetics/DNA_Methylation/01_Regions/AMP_mCG_bed/CML307.bedgraph.gz.tbi	maize_ZEAMAP/epigenome/dna_methylation/01_regions/AMP_mCG_bed/CML307.bedgraph.gz.tbi	75.86KB
https://ftp.cngb.org/pub/CNSA/data3/CNP0001565/zeamap/05_Epigenetics/DNA_Methylation/01_Regions/AMP_mCG_bed/CML32.bedgraph.gz	maize_ZEAMAP/epigenome/dna_methylation/01_regions/AMP_mCG_bed/CML32.bedgraph.gz	94.71KB
https://ftp.cngb.org/pub/CNSA/data3/CNP0001565/zeamap/05_Epigenetics/DNA_Methylation/01_Regions/AMP_mCG_bed/CML32.bedgraph.gz.tbi	maize_ZEAMAP/epigenome/dna_methylation/01_regions/AMP_mCG_bed/CML32.bedgraph.gz.tbi	76.00KB
https://ftp.cngb.org/pub/CNSA/data3/CNP0001565/zeamap/05_Epigenetics/DNA_Methylation/01_Regions/AMP_mCG_bed/CML323.bedgraph.gz	maize_ZEAMAP/epigenome/dna_methylation/01_regions/AMP_mCG_bed/CML323.bedgraph.gz	94.05KB
https://ftp.cngb.org/pub/CNSA/data3/CNP0001565/zeamap/05_Epigenetics/DNA_Methylation/01_Regions/AMP_mCG_bed/CML323.bedgraph.gz.tbi	maize_ZEAMAP/epigenome/dna_methylation/01_regions/AMP_mCG_bed/CML323.bedgraph.gz.tbi	76.00KB
https://ftp.cngb.org/pub/CNSA/data3/CNP0001565/zeamap/05_Epigenetics/DNA_Methylation/01_Regions/AMP_mCG_bed/CML324.bedgraph.gz	maize_ZEAMAP/epigenome/dna_methylation/01_regions/AMP_mCG_bed/CML324.bedgraph.gz	92.17KB
https://ftp.cngb.org/pub/CNSA/data3/CNP0001565/zeamap/05_Epigenetics/DNA_Methylation/01_Regions/AMP_mCG_bed/CML324.bedgraph.gz.tbi	maize_ZEAMAP/epigenome/dna_methylation/01_regions/AMP_mCG_bed/CML324.bedgraph.gz.tbi	75.96KB
https://ftp.cngb.org/pub/CNSA/data3/CNP0001565/zeamap/05_Epigenetics/DNA_Methylation/01_Regions/AMP_mCG_bed/CML325.bedgraph.gz	maize_ZEAMAP/epigenome/dna_methylation/01_regions/AMP_mCG_bed/CML325.bedgraph.gz	94.53KB
https://ftp.cngb.org/pub/CNSA/data3/CNP0001565/zeamap/05_Epigenetics/DNA_Methylation/01_Regions/AMP_mCG_bed/CML325.bedgraph.gz.tbi	maize_ZEAMAP/epigenome/dna_methylation/01_regions/AMP_mCG_bed/CML325.bedgraph.gz.tbi	75.99KB
https://ftp.cngb.org/pub/CNSA/data3/CNP0001565/zeamap/05_Epigenetics/DNA_Methylation/01_Regions/AMP_mCG_bed/CML327.bedgraph.gz	maize_ZEAMAP/epigenome/dna_methylation/01_regions/AMP_mCG_bed/CML327.bedgraph.gz	94.87KB
https://ftp.cngb.org/pub/CNSA/data3/CNP0001565/zeamap/05_Epigenetics/DNA_Methylation/01_Regions/AMP_mCG_bed/CML327.bedgraph.gz.tbi	maize_ZEAMAP/epigenome/dna_methylation/01_regions/AMP_mCG_bed/CML327.bedgraph.gz.tbi	76.03KB
https://ftp.cngb.org/pub/CNSA/data3/CNP0001565/zeamap/05_Epigenetics/DNA_Methylation/01_Regions/AMP_mCG_bed/CML360.bedgraph.gz	maize_ZEAMAP/epigenome/dna_methylation/01_regions/AMP_mCG_bed/CML360.bedgraph.gz	93.15KB
https://ftp.cngb.org/pub/CNSA/data3/CNP0001565/zeamap/05_Epigenetics/DNA_Methylation/01_Regions/AMP_mCG_bed/CML360.bedgraph.gz.tbi	maize_ZEAMAP/epigenome/dna_methylation/01_regions/AMP_mCG_bed/CML360.bedgraph.gz.tbi	75.96KB
https://ftp.cngb.org/pub/CNSA/data3/CNP0001565/zeamap/05_Epigenetics/DNA_Methylation/01_Regions/AMP_mCG_bed/CML361.bedgraph.gz	maize_ZEAMAP/epigenome/dna_methylation/01_regions/AMP_mCG_bed/CML361.bedgraph.gz	90.24KB
https://ftp.cngb.org/pub/CNSA/data3/CNP0001565/zeamap/05_Epigenetics/DNA_Methylation/01_Regions/AMP_mCG_bed/CML361.bedgraph.gz.tbi	maize_ZEAMAP/epigenome/dna_methylation/01_regions/AMP_mCG_bed/CML361.bedgraph.gz.tbi	75.94KB
https://ftp.cngb.org/pub/CNSA/data3/CNP0001565/zeamap/05_Epigenetics/DNA_Methylation/01_Regions/AMP_mCG_bed/CML40.bedgraph.gz	maize_ZEAMAP/epigenome/dna_methylation/01_regions/AMP_mCG_bed/CML40.bedgraph.gz	90.35KB
https://ftp.cngb.org/pub/CNSA/data3/CNP0001565/zeamap/05_Epigenetics/DNA_Methylation/01_Regions/AMP_mCG_bed/CML40.bedgraph.gz.tbi	maize_ZEAMAP/epigenome/dna_methylation/01_regions/AMP_mCG_bed/CML40.bedgraph.gz.tbi	75.93KB
https://ftp.cngb.org/pub/CNSA/data3/CNP0001565/zeamap/05_Epigenetics/DNA_Methylation/01_Regions/AMP_mCG_bed/CML411.bedgraph.gz	maize_ZEAMAP/epigenome/dna_methylation/01_regions/AMP_mCG_bed/CML411.bedgraph.gz	94.73KB
https://ftp.cngb.org/pub/CNSA/data3/CNP0001565/zeamap/05_Epigenetics/DNA_Methylation/01_Regions/AMP_mCG_bed/CML411.bedgraph.gz.tbi	maize_ZEAMAP/epigenome/dna_methylation/01_regions/AMP_mCG_bed/CML411.bedgraph.gz.tbi	76.00KB
https://ftp.cngb.org/pub/CNSA/data3/CNP0001565/zeamap/05_Epigenetics/DNA_Methylation/01_Regions/AMP_mCG_bed/CML423.bedgraph.gz	maize_ZEAMAP/epigenome/dna_methylation/01_regions/AMP_mCG_bed/CML423.bedgraph.gz	95.36KB
https://ftp.cngb.org/pub/CNSA/data3/CNP0001565/zeamap/05_Epigenetics/DNA_Methylation/01_Regions/AMP_mCG_bed/CML423.bedgraph.gz.tbi	maize_ZEAMAP/epigenome/dna_methylation/01_regions/AMP_mCG_bed/CML423.bedgraph.gz.tbi	76.06KB
https://ftp.cngb.org/pub/CNSA/data3/CNP0001565/zeamap/05_Epigenetics/DNA_Methylation/01_Regions/AMP_mCG_bed/CML426.bedgraph.gz	maize_ZEAMAP/epigenome/dna_methylation/01_regions/AMP_mCG_bed/CML426.bedgraph.gz	93.42KB
https://ftp.cngb.org/pub/CNSA/data3/CNP0001565/zeamap/05_Epigenetics/DNA_Methylation/01_Regions/AMP_mCG_bed/CML426.bedgraph.gz.tbi	maize_ZEAMAP/epigenome/dna_methylation/01_regions/AMP_mCG_bed/CML426.bedgraph.gz.tbi	75.97KB
https://ftp.cngb.org/pub/CNSA/data3/CNP0001565/zeamap/05_Epigenetics/DNA_Methylation/01_Regions/AMP_mCG_bed/CML428.bedgraph.gz	maize_ZEAMAP/epigenome/dna_methylation/01_regions/AMP_mCG_bed/CML428.bedgraph.gz	91.90KB
https://ftp.cngb.org/pub/CNSA/data3/CNP0001565/zeamap/05_Epigenetics/DNA_Methylation/01_Regions/AMP_mCG_bed/CML428.bedgraph.gz.tbi	maize_ZEAMAP/epigenome/dna_methylation/01_regions/AMP_mCG_bed/CML428.bedgraph.gz.tbi	75.92KB
https://ftp.cngb.org/pub/CNSA/data3/CNP0001565/zeamap/05_Epigenetics/DNA_Methylation/01_Regions/AMP_mCG_bed/CML430.bedgraph.gz	maize_ZEAMAP/epigenome/dna_methylation/01_regions/AMP_mCG_bed/CML430.bedgraph.gz	92.91KB
https://ftp.cngb.org/pub/CNSA/data3/CNP0001565/zeamap/05_Epigenetics/DNA_Methylation/01_Regions/AMP_mCG_bed/CML430.bedgraph.gz.tbi	maize_ZEAMAP/epigenome/dna_methylation/01_regions/AMP_mCG_bed/CML430.bedgraph.gz.tbi	75.92KB
https://ftp.cngb.org/pub/CNSA/data3/CNP0001565/zeamap/05_Epigenetics/DNA_Methylation/01_Regions/AMP_mCG_bed/CML431.bedgraph.gz	maize_ZEAMAP/epigenome/dna_methylation/01_regions/AMP_mCG_bed/CML431.bedgraph.gz	89.14KB
https://ftp.cngb.org/pub/CNSA/data3/CNP0001565/zeamap/05_Epigenetics/DNA_Methylation/01_Regions/AMP_mCG_bed/CML431.bedgraph.gz.tbi	maize_ZEAMAP/epigenome/dna_methylation/01_regions/AMP_mCG_bed/CML431.bedgraph.gz.tbi	75.88KB
https://ftp.cngb.org/pub/CNSA/data3/CNP0001565/zeamap/05_Epigenetics/DNA_Methylation/01_Regions/AMP_mCG_bed/CML432.bedgraph.gz	maize_ZEAMAP/epigenome/dna_methylation/01_regions/AMP_mCG_bed/CML432.bedgraph.gz	89.73KB
https://ftp.cngb.org/pub/CNSA/data3/CNP0001565/zeamap/05_Epigenetics/DNA_Methylation/01_Regions/AMP_mCG_bed/CML432.bedgraph.gz.tbi	maize_ZEAMAP/epigenome/dna_methylation/01_regions/AMP_mCG_bed/CML432.bedgraph.gz.tbi	75.89KB
https://ftp.cngb.org/pub/CNSA/data3/CNP0001565/zeamap/05_Epigenetics/DNA_Methylation/01_Regions/AMP_mCG_bed/CML451.bedgraph.gz	maize_ZEAMAP/epigenome/dna_methylation/01_regions/AMP_mCG_bed/CML451.bedgraph.gz	93.86KB
https://ftp.cngb.org/pub/CNSA/data3/CNP0001565/zeamap/05_Epigenetics/DNA_Methylation/01_Regions/AMP_mCG_bed/CML451.bedgraph.gz.tbi	maize_ZEAMAP/epigenome/dna_methylation/01_regions/AMP_mCG_bed/CML451.bedgraph.gz.tbi	75.98KB
https://ftp.cngb.org/pub/CNSA/data3/CNP0001565/zeamap/05_Epigenetics/DNA_Methylation/01_Regions/AMP_mCG_bed/CML470.bedgraph.gz	maize_ZEAMAP/epigenome/dna_methylation/01_regions/AMP_mCG_bed/CML470.bedgraph.gz	94.39KB
https://ftp.cngb.org/pub/CNSA/data3/CNP0001565/zeamap/05_Epigenetics/DNA_Methylation/01_Regions/AMP_mCG_bed/CML470.bedgraph.gz.tbi	maize_ZEAMAP/epigenome/dna_methylation/01_regions/AMP_mCG_bed/CML470.bedgraph.gz.tbi	75.98KB
https://ftp.cngb.org/pub/CNSA/data3/CNP0001565/zeamap/05_Epigenetics/DNA_Methylation/01_Regions/AMP_mCG_bed/CML471.bedgraph.gz	maize_ZEAMAP/epigenome/dna_methylation/01_regions/AMP_mCG_bed/CML471.bedgraph.gz	86.68KB
https://ftp.cngb.org/pub/CNSA/data3/CNP0001565/zeamap/05_Epigenetics/DNA_Methylation/01_Regions/AMP_mCG_bed/CML471.bedgraph.gz.tbi	maize_ZEAMAP/epigenome/dna_methylation/01_regions/AMP_mCG_bed/CML471.bedgraph.gz.tbi	75.81KB
https://ftp.cngb.org/pub/CNSA/data3/CNP0001565/zeamap/05_Epigenetics/DNA_Methylation/01_Regions/AMP_mCG_bed/CML493.bedgraph.gz	maize_ZEAMAP/epigenome/dna_methylation/01_regions/AMP_mCG_bed/CML493.bedgraph.gz	93.91KB
https://ftp.cngb.org/pub/CNSA/data3/CNP0001565/zeamap/05_Epigenetics/DNA_Methylation/01_Regions/AMP_mCG_bed/CML493.bedgraph.gz.tbi	maize_ZEAMAP/epigenome/dna_methylation/01_regions/AMP_mCG_bed/CML493.bedgraph.gz.tbi	76.00KB
https://ftp.cngb.org/pub/CNSA/data3/CNP0001565/zeamap/05_Epigenetics/DNA_Methylation/01_Regions/AMP_mCG_bed/CML69.bedgraph.gz	maize_ZEAMAP/epigenome/dna_methylation/01_regions/AMP_mCG_bed/CML69.bedgraph.gz	91.72KB
https://ftp.cngb.org/pub/CNSA/data3/CNP0001565/zeamap/05_Epigenetics/DNA_Methylation/01_Regions/AMP_mCG_bed/CML69.bedgraph.gz.tbi	maize_ZEAMAP/epigenome/dna_methylation/01_regions/AMP_mCG_bed/CML69.bedgraph.gz.tbi	75.93KB
https://ftp.cngb.org/pub/CNSA/data3/CNP0001565/zeamap/05_Epigenetics/DNA_Methylation/01_Regions/AMP_mCG_bed/DAN3130.bedgraph.gz	maize_ZEAMAP/epigenome/dna_methylation/01_regions/AMP_mCG_bed/DAN3130.bedgraph.gz	94.50KB
https://ftp.cngb.org/pub/CNSA/data3/CNP0001565/zeamap/05_Epigenetics/DNA_Methylation/01_Regions/AMP_mCG_bed/DAN3130.bedgraph.gz.tbi	maize_ZEAMAP/epigenome/dna_methylation/01_regions/AMP_mCG_bed/DAN3130.bedgraph.gz.tbi	76.00KB
https://ftp.cngb.org/pub/CNSA/data3/CNP0001565/zeamap/05_Epigenetics/DNA_Methylation/01_Regions/AMP_mCG_bed/DAN340.bedgraph.gz	maize_ZEAMAP/epigenome/dna_methylation/01_regions/AMP_mCG_bed/DAN340.bedgraph.gz	91.05KB
https://ftp.cngb.org/pub/CNSA/data3/CNP0001565/zeamap/05_Epigenetics/DNA_Methylation/01_Regions/AMP_mCG_bed/DAN340.bedgraph.gz.tbi	maize_ZEAMAP/epigenome/dna_methylation/01_regions/AMP_mCG_bed/DAN340.bedgraph.gz.tbi	75.91KB
https://ftp.cngb.org/pub/CNSA/data3/CNP0001565/zeamap/05_Epigenetics/DNA_Methylation/01_Regions/AMP_mCG_bed/DAN360.bedgraph.gz	maize_ZEAMAP/epigenome/dna_methylation/01_regions/AMP_mCG_bed/DAN360.bedgraph.gz	92.99KB
https://ftp.cngb.org/pub/CNSA/data3/CNP0001565/zeamap/05_Epigenetics/DNA_Methylation/01_Regions/AMP_mCG_bed/DAN360.bedgraph.gz.tbi	maize_ZEAMAP/epigenome/dna_methylation/01_regions/AMP_mCG_bed/DAN360.bedgraph.gz.tbi	75.99KB
https://ftp.cngb.org/pub/CNSA/data3/CNP0001565/zeamap/05_Epigenetics/DNA_Methylation/01_Regions/AMP_mCG_bed/DAN598.bedgraph.gz	maize_ZEAMAP/epigenome/dna_methylation/01_regions/AMP_mCG_bed/DAN598.bedgraph.gz	87.63KB
https://ftp.cngb.org/pub/CNSA/data3/CNP0001565/zeamap/05_Epigenetics/DNA_Methylation/01_Regions/AMP_mCG_bed/DAN598.bedgraph.gz.tbi	maize_ZEAMAP/epigenome/dna_methylation/01_regions/AMP_mCG_bed/DAN598.bedgraph.gz.tbi	75.81KB
https://ftp.cngb.org/pub/CNSA/data3/CNP0001565/zeamap/05_Epigenetics/DNA_Methylation/01_Regions/AMP_mCG_bed/DAN599.bedgraph.gz	maize_ZEAMAP/epigenome/dna_methylation/01_regions/AMP_mCG_bed/DAN599.bedgraph.gz	94.83KB
https://ftp.cngb.org/pub/CNSA/data3/CNP0001565/zeamap/05_Epigenetics/DNA_Methylation/01_Regions/AMP_mCG_bed/DAN599.bedgraph.gz.tbi	maize_ZEAMAP/epigenome/dna_methylation/01_regions/AMP_mCG_bed/DAN599.bedgraph.gz.tbi	75.98KB
https://ftp.cngb.org/pub/CNSA/data3/CNP0001565/zeamap/05_Epigenetics/DNA_Methylation/01_Regions/AMP_mCG_bed/DE.EX.bedgraph.gz	maize_ZEAMAP/epigenome/dna_methylation/01_regions/AMP_mCG_bed/DE.EX.bedgraph.gz	94.05KB
https://ftp.cngb.org/pub/CNSA/data3/CNP0001565/zeamap/05_Epigenetics/DNA_Methylation/01_Regions/AMP_mCG_bed/DE.EX.bedgraph.gz.tbi	maize_ZEAMAP/epigenome/dna_methylation/01_regions/AMP_mCG_bed/DE.EX.bedgraph.gz.tbi	76.00KB
https://ftp.cngb.org/pub/CNSA/data3/CNP0001565/zeamap/05_Epigenetics/DNA_Methylation/01_Regions/AMP_mCG_bed/GEMS10.bedgraph.gz	maize_ZEAMAP/epigenome/dna_methylation/01_regions/AMP_mCG_bed/GEMS10.bedgraph.gz	94.09KB
https://ftp.cngb.org/pub/CNSA/data3/CNP0001565/zeamap/05_Epigenetics/DNA_Methylation/01_Regions/AMP_mCG_bed/GEMS10.bedgraph.gz.tbi	maize_ZEAMAP/epigenome/dna_methylation/01_regions/AMP_mCG_bed/GEMS10.bedgraph.gz.tbi	75.96KB
https://ftp.cngb.org/pub/CNSA/data3/CNP0001565/zeamap/05_Epigenetics/DNA_Methylation/01_Regions/AMP_mCG_bed/GEMS11.bedgraph.gz	maize_ZEAMAP/epigenome/dna_methylation/01_regions/AMP_mCG_bed/GEMS11.bedgraph.gz	92.01KB
https://ftp.cngb.org/pub/CNSA/data3/CNP0001565/zeamap/05_Epigenetics/DNA_Methylation/01_Regions/AMP_mCG_bed/GEMS11.bedgraph.gz.tbi	maize_ZEAMAP/epigenome/dna_methylation/01_regions/AMP_mCG_bed/GEMS11.bedgraph.gz.tbi	75.96KB
https://ftp.cngb.org/pub/CNSA/data3/CNP0001565/zeamap/05_Epigenetics/DNA_Methylation/01_Regions/AMP_mCG_bed/GEMS13.bedgraph.gz	maize_ZEAMAP/epigenome/dna_methylation/01_regions/AMP_mCG_bed/GEMS13.bedgraph.gz	91.85KB
https://ftp.cngb.org/pub/CNSA/data3/CNP0001565/zeamap/05_Epigenetics/DNA_Methylation/01_Regions/AMP_mCG_bed/GEMS13.bedgraph.gz.tbi	maize_ZEAMAP/epigenome/dna_methylation/01_regions/AMP_mCG_bed/GEMS13.bedgraph.gz.tbi	75.95KB
https://ftp.cngb.org/pub/CNSA/data3/CNP0001565/zeamap/05_Epigenetics/DNA_Methylation/01_Regions/AMP_mCG_bed/GEMS14.bedgraph.gz	maize_ZEAMAP/epigenome/dna_methylation/01_regions/AMP_mCG_bed/GEMS14.bedgraph.gz	92.53KB
https://ftp.cngb.org/pub/CNSA/data3/CNP0001565/zeamap/05_Epigenetics/DNA_Methylation/01_Regions/AMP_mCG_bed/GEMS14.bedgraph.gz.tbi	maize_ZEAMAP/epigenome/dna_methylation/01_regions/AMP_mCG_bed/GEMS14.bedgraph.gz.tbi	75.91KB
https://ftp.cngb.org/pub/CNSA/data3/CNP0001565/zeamap/05_Epigenetics/DNA_Methylation/01_Regions/AMP_mCG_bed/GEMS18.bedgraph.gz	maize_ZEAMAP/epigenome/dna_methylation/01_regions/AMP_mCG_bed/GEMS18.bedgraph.gz	93.39KB
https://ftp.cngb.org/pub/CNSA/data3/CNP0001565/zeamap/05_Epigenetics/DNA_Methylation/01_Regions/AMP_mCG_bed/GEMS18.bedgraph.gz.tbi	maize_ZEAMAP/epigenome/dna_methylation/01_regions/AMP_mCG_bed/GEMS18.bedgraph.gz.tbi	75.97KB
https://ftp.cngb.org/pub/CNSA/data3/CNP0001565/zeamap/05_Epigenetics/DNA_Methylation/01_Regions/AMP_mCG_bed/GEMS19.bedgraph.gz	maize_ZEAMAP/epigenome/dna_methylation/01_regions/AMP_mCG_bed/GEMS19.bedgraph.gz	88.85KB
https://ftp.cngb.org/pub/CNSA/data3/CNP0001565/zeamap/05_Epigenetics/DNA_Methylation/01_Regions/AMP_mCG_bed/GEMS19.bedgraph.gz.tbi	maize_ZEAMAP/epigenome/dna_methylation/01_regions/AMP_mCG_bed/GEMS19.bedgraph.gz.tbi	75.94KB
https://ftp.cngb.org/pub/CNSA/data3/CNP0001565/zeamap/05_Epigenetics/DNA_Methylation/01_Regions/AMP_mCG_bed/GEMS21.bedgraph.gz	maize_ZEAMAP/epigenome/dna_methylation/01_regions/AMP_mCG_bed/GEMS21.bedgraph.gz	87.87KB
https://ftp.cngb.org/pub/CNSA/data3/CNP0001565/zeamap/05_Epigenetics/DNA_Methylation/01_Regions/AMP_mCG_bed/GEMS21.bedgraph.gz.tbi	maize_ZEAMAP/epigenome/dna_methylation/01_regions/AMP_mCG_bed/GEMS21.bedgraph.gz.tbi	75.89KB
https://ftp.cngb.org/pub/CNSA/data3/CNP0001565/zeamap/05_Epigenetics/DNA_Methylation/01_Regions/AMP_mCG_bed/GEMS24.bedgraph.gz	maize_ZEAMAP/epigenome/dna_methylation/01_regions/AMP_mCG_bed/GEMS24.bedgraph.gz	93.07KB
https://ftp.cngb.org/pub/CNSA/data3/CNP0001565/zeamap/05_Epigenetics/DNA_Methylation/01_Regions/AMP_mCG_bed/GEMS24.bedgraph.gz.tbi	maize_ZEAMAP/epigenome/dna_methylation/01_regions/AMP_mCG_bed/GEMS24.bedgraph.gz.tbi	75.96KB
https://ftp.cngb.org/pub/CNSA/data3/CNP0001565/zeamap/05_Epigenetics/DNA_Methylation/01_Regions/AMP_mCG_bed/GEMS28.bedgraph.gz	maize_ZEAMAP/epigenome/dna_methylation/01_regions/AMP_mCG_bed/GEMS28.bedgraph.gz	93.23KB
https://ftp.cngb.org/pub/CNSA/data3/CNP0001565/zeamap/05_Epigenetics/DNA_Methylation/01_Regions/AMP_mCG_bed/GEMS28.bedgraph.gz.tbi	maize_ZEAMAP/epigenome/dna_methylation/01_regions/AMP_mCG_bed/GEMS28.bedgraph.gz.tbi	75.98KB
https://ftp.cngb.org/pub/CNSA/data3/CNP0001565/zeamap/05_Epigenetics/DNA_Methylation/01_Regions/AMP_mCG_bed/GEMS29.bedgraph.gz	maize_ZEAMAP/epigenome/dna_methylation/01_regions/AMP_mCG_bed/GEMS29.bedgraph.gz	89.46KB
https://ftp.cngb.org/pub/CNSA/data3/CNP0001565/zeamap/05_Epigenetics/DNA_Methylation/01_Regions/AMP_mCG_bed/GEMS29.bedgraph.gz.tbi	maize_ZEAMAP/epigenome/dna_methylation/01_regions/AMP_mCG_bed/GEMS29.bedgraph.gz.tbi	75.94KB
https://ftp.cngb.org/pub/CNSA/data3/CNP0001565/zeamap/05_Epigenetics/DNA_Methylation/01_Regions/AMP_mCG_bed/GEMS3.bedgraph.gz	maize_ZEAMAP/epigenome/dna_methylation/01_regions/AMP_mCG_bed/GEMS3.bedgraph.gz	90.18KB
https://ftp.cngb.org/pub/CNSA/data3/CNP0001565/zeamap/05_Epigenetics/DNA_Methylation/01_Regions/AMP_mCG_bed/GEMS3.bedgraph.gz.tbi	maize_ZEAMAP/epigenome/dna_methylation/01_regions/AMP_mCG_bed/GEMS3.bedgraph.gz.tbi	75.96KB
https://ftp.cngb.org/pub/CNSA/data3/CNP0001565/zeamap/05_Epigenetics/DNA_Methylation/01_Regions/AMP_mCG_bed/GEMS31.bedgraph.gz	maize_ZEAMAP/epigenome/dna_methylation/01_regions/AMP_mCG_bed/GEMS31.bedgraph.gz	92.59KB
https://ftp.cngb.org/pub/CNSA/data3/CNP0001565/zeamap/05_Epigenetics/DNA_Methylation/01_Regions/AMP_mCG_bed/GEMS31.bedgraph.gz.tbi	maize_ZEAMAP/epigenome/dna_methylation/01_regions/AMP_mCG_bed/GEMS31.bedgraph.gz.tbi	75.92KB
https://ftp.cngb.org/pub/CNSA/data3/CNP0001565/zeamap/05_Epigenetics/DNA_Methylation/01_Regions/AMP_mCG_bed/GEMS32.bedgraph.gz	maize_ZEAMAP/epigenome/dna_methylation/01_regions/AMP_mCG_bed/GEMS32.bedgraph.gz	90.72KB
https://ftp.cngb.org/pub/CNSA/data3/CNP0001565/zeamap/05_Epigenetics/DNA_Methylation/01_Regions/AMP_mCG_bed/GEMS32.bedgraph.gz.tbi	maize_ZEAMAP/epigenome/dna_methylation/01_regions/AMP_mCG_bed/GEMS32.bedgraph.gz.tbi	75.90KB
https://ftp.cngb.org/pub/CNSA/data3/CNP0001565/zeamap/05_Epigenetics/DNA_Methylation/01_Regions/AMP_mCG_bed/GEMS33.bedgraph.gz	maize_ZEAMAP/epigenome/dna_methylation/01_regions/AMP_mCG_bed/GEMS33.bedgraph.gz	91.44KB
https://ftp.cngb.org/pub/CNSA/data3/CNP0001565/zeamap/05_Epigenetics/DNA_Methylation/01_Regions/AMP_mCG_bed/GEMS33.bedgraph.gz.tbi	maize_ZEAMAP/epigenome/dna_methylation/01_regions/AMP_mCG_bed/GEMS33.bedgraph.gz.tbi	75.96KB
https://ftp.cngb.org/pub/CNSA/data3/CNP0001565/zeamap/05_Epigenetics/DNA_Methylation/01_Regions/AMP_mCG_bed/GEMS37.bedgraph.gz	maize_ZEAMAP/epigenome/dna_methylation/01_regions/AMP_mCG_bed/GEMS37.bedgraph.gz	92.57KB
https://ftp.cngb.org/pub/CNSA/data3/CNP0001565/zeamap/05_Epigenetics/DNA_Methylation/01_Regions/AMP_mCG_bed/GEMS37.bedgraph.gz.tbi	maize_ZEAMAP/epigenome/dna_methylation/01_regions/AMP_mCG_bed/GEMS37.bedgraph.gz.tbi	75.96KB
https://ftp.cngb.org/pub/CNSA/data3/CNP0001565/zeamap/05_Epigenetics/DNA_Methylation/01_Regions/AMP_mCG_bed/GEMS47.bedgraph.gz	maize_ZEAMAP/epigenome/dna_methylation/01_regions/AMP_mCG_bed/GEMS47.bedgraph.gz	92.02KB
https://ftp.cngb.org/pub/CNSA/data3/CNP0001565/zeamap/05_Epigenetics/DNA_Methylation/01_Regions/AMP_mCG_bed/GEMS47.bedgraph.gz.tbi	maize_ZEAMAP/epigenome/dna_methylation/01_regions/AMP_mCG_bed/GEMS47.bedgraph.gz.tbi	75.93KB
https://ftp.cngb.org/pub/CNSA/data3/CNP0001565/zeamap/05_Epigenetics/DNA_Methylation/01_Regions/AMP_mCG_bed/GEMS49.bedgraph.gz	maize_ZEAMAP/epigenome/dna_methylation/01_regions/AMP_mCG_bed/GEMS49.bedgraph.gz	90.73KB
https://ftp.cngb.org/pub/CNSA/data3/CNP0001565/zeamap/05_Epigenetics/DNA_Methylation/01_Regions/AMP_mCG_bed/GEMS49.bedgraph.gz.tbi	maize_ZEAMAP/epigenome/dna_methylation/01_regions/AMP_mCG_bed/GEMS49.bedgraph.gz.tbi	75.91KB
https://ftp.cngb.org/pub/CNSA/data3/CNP0001565/zeamap/05_Epigenetics/DNA_Methylation/01_Regions/AMP_mCG_bed/GEMS5.bedgraph.gz	maize_ZEAMAP/epigenome/dna_methylation/01_regions/AMP_mCG_bed/GEMS5.bedgraph.gz	80.22KB
https://ftp.cngb.org/pub/CNSA/data3/CNP0001565/zeamap/05_Epigenetics/DNA_Methylation/01_Regions/AMP_mCG_bed/GEMS5.bedgraph.gz.tbi	maize_ZEAMAP/epigenome/dna_methylation/01_regions/AMP_mCG_bed/GEMS5.bedgraph.gz.tbi	75.70KB
https://ftp.cngb.org/pub/CNSA/data3/CNP0001565/zeamap/05_Epigenetics/DNA_Methylation/01_Regions/AMP_mCG_bed/GEMS53.bedgraph.gz	maize_ZEAMAP/epigenome/dna_methylation/01_regions/AMP_mCG_bed/GEMS53.bedgraph.gz	92.10KB
https://ftp.cngb.org/pub/CNSA/data3/CNP0001565/zeamap/05_Epigenetics/DNA_Methylation/01_Regions/AMP_mCG_bed/GEMS53.bedgraph.gz.tbi	maize_ZEAMAP/epigenome/dna_methylation/01_regions/AMP_mCG_bed/GEMS53.bedgraph.gz.tbi	76.02KB
https://ftp.cngb.org/pub/CNSA/data3/CNP0001565/zeamap/05_Epigenetics/DNA_Methylation/01_Regions/AMP_mCG_bed/GEMS56.bedgraph.gz	maize_ZEAMAP/epigenome/dna_methylation/01_regions/AMP_mCG_bed/GEMS56.bedgraph.gz	90.11KB
https://ftp.cngb.org/pub/CNSA/data3/CNP0001565/zeamap/05_Epigenetics/DNA_Methylation/01_Regions/AMP_mCG_bed/GEMS56.bedgraph.gz.tbi	maize_ZEAMAP/epigenome/dna_methylation/01_regions/AMP_mCG_bed/GEMS56.bedgraph.gz.tbi	75.92KB
https://ftp.cngb.org/pub/CNSA/data3/CNP0001565/zeamap/05_Epigenetics/DNA_Methylation/01_Regions/AMP_mCG_bed/GEMS60.bedgraph.gz	maize_ZEAMAP/epigenome/dna_methylation/01_regions/AMP_mCG_bed/GEMS60.bedgraph.gz	91.32KB
https://ftp.cngb.org/pub/CNSA/data3/CNP0001565/zeamap/05_Epigenetics/DNA_Methylation/01_Regions/AMP_mCG_bed/GEMS60.bedgraph.gz.tbi	maize_ZEAMAP/epigenome/dna_methylation/01_regions/AMP_mCG_bed/GEMS60.bedgraph.gz.tbi	75.91KB
https://ftp.cngb.org/pub/CNSA/data3/CNP0001565/zeamap/05_Epigenetics/DNA_Methylation/01_Regions/AMP_mCG_bed/GEMS62.bedgraph.gz	maize_ZEAMAP/epigenome/dna_methylation/01_regions/AMP_mCG_bed/GEMS62.bedgraph.gz	93.76KB
https://ftp.cngb.org/pub/CNSA/data3/CNP0001565/zeamap/05_Epigenetics/DNA_Methylation/01_Regions/AMP_mCG_bed/GEMS62.bedgraph.gz.tbi	maize_ZEAMAP/epigenome/dna_methylation/01_regions/AMP_mCG_bed/GEMS62.bedgraph.gz.tbi	75.95KB
https://ftp.cngb.org/pub/CNSA/data3/CNP0001565/zeamap/05_Epigenetics/DNA_Methylation/01_Regions/AMP_mCG_bed/GEMS63.bedgraph.gz	maize_ZEAMAP/epigenome/dna_methylation/01_regions/AMP_mCG_bed/GEMS63.bedgraph.gz	93.12KB
https://ftp.cngb.org/pub/CNSA/data3/CNP0001565/zeamap/05_Epigenetics/DNA_Methylation/01_Regions/AMP_mCG_bed/GEMS63.bedgraph.gz.tbi	maize_ZEAMAP/epigenome/dna_methylation/01_regions/AMP_mCG_bed/GEMS63.bedgraph.gz.tbi	75.98KB
https://ftp.cngb.org/pub/CNSA/data3/CNP0001565/zeamap/05_Epigenetics/DNA_Methylation/01_Regions/AMP_mCG_bed/GEMS64.bedgraph.gz	maize_ZEAMAP/epigenome/dna_methylation/01_regions/AMP_mCG_bed/GEMS64.bedgraph.gz	93.01KB
https://ftp.cngb.org/pub/CNSA/data3/CNP0001565/zeamap/05_Epigenetics/DNA_Methylation/01_Regions/AMP_mCG_bed/GEMS64.bedgraph.gz.tbi	maize_ZEAMAP/epigenome/dna_methylation/01_regions/AMP_mCG_bed/GEMS64.bedgraph.gz.tbi	75.99KB
https://ftp.cngb.org/pub/CNSA/data3/CNP0001565/zeamap/05_Epigenetics/DNA_Methylation/01_Regions/AMP_mCG_bed/GEMS65.bedgraph.gz	maize_ZEAMAP/epigenome/dna_methylation/01_regions/AMP_mCG_bed/GEMS65.bedgraph.gz	92.85KB
https://ftp.cngb.org/pub/CNSA/data3/CNP0001565/zeamap/05_Epigenetics/DNA_Methylation/01_Regions/AMP_mCG_bed/GEMS65.bedgraph.gz.tbi	maize_ZEAMAP/epigenome/dna_methylation/01_regions/AMP_mCG_bed/GEMS65.bedgraph.gz.tbi	76.00KB
https://ftp.cngb.org/pub/CNSA/data3/CNP0001565/zeamap/05_Epigenetics/DNA_Methylation/01_Regions/AMP_mCG_bed/GEMS9.bedgraph.gz	maize_ZEAMAP/epigenome/dna_methylation/01_regions/AMP_mCG_bed/GEMS9.bedgraph.gz	90.22KB
https://ftp.cngb.org/pub/CNSA/data3/CNP0001565/zeamap/05_Epigenetics/DNA_Methylation/01_Regions/AMP_mCG_bed/GEMS9.bedgraph.gz.tbi	maize_ZEAMAP/epigenome/dna_methylation/01_regions/AMP_mCG_bed/GEMS9.bedgraph.gz.tbi	75.91KB
https://ftp.cngb.org/pub/CNSA/data3/CNP0001565/zeamap/05_Epigenetics/DNA_Methylation/01_Regions/AMP_mCG_bed/GY220.bedgraph.gz	maize_ZEAMAP/epigenome/dna_methylation/01_regions/AMP_mCG_bed/GY220.bedgraph.gz	91.13KB
https://ftp.cngb.org/pub/CNSA/data3/CNP0001565/zeamap/05_Epigenetics/DNA_Methylation/01_Regions/AMP_mCG_bed/GY220.bedgraph.gz.tbi	maize_ZEAMAP/epigenome/dna_methylation/01_regions/AMP_mCG_bed/GY220.bedgraph.gz.tbi	75.91KB
https://ftp.cngb.org/pub/CNSA/data3/CNP0001565/zeamap/05_Epigenetics/DNA_Methylation/01_Regions/AMP_mCG_bed/GY237.bedgraph.gz	maize_ZEAMAP/epigenome/dna_methylation/01_regions/AMP_mCG_bed/GY237.bedgraph.gz	90.35KB
https://ftp.cngb.org/pub/CNSA/data3/CNP0001565/zeamap/05_Epigenetics/DNA_Methylation/01_Regions/AMP_mCG_bed/GY237.bedgraph.gz.tbi	maize_ZEAMAP/epigenome/dna_methylation/01_regions/AMP_mCG_bed/GY237.bedgraph.gz.tbi	75.93KB
https://ftp.cngb.org/pub/CNSA/data3/CNP0001565/zeamap/05_Epigenetics/DNA_Methylation/01_Regions/AMP_mCG_bed/GY386.bedgraph.gz	maize_ZEAMAP/epigenome/dna_methylation/01_regions/AMP_mCG_bed/GY386.bedgraph.gz	93.59KB
https://ftp.cngb.org/pub/CNSA/data3/CNP0001565/zeamap/05_Epigenetics/DNA_Methylation/01_Regions/AMP_mCG_bed/GY386.bedgraph.gz.tbi	maize_ZEAMAP/epigenome/dna_methylation/01_regions/AMP_mCG_bed/GY386.bedgraph.gz.tbi	75.93KB
https://ftp.cngb.org/pub/CNSA/data3/CNP0001565/zeamap/05_Epigenetics/DNA_Methylation/01_Regions/AMP_mCG_bed/GY462.bedgraph.gz	maize_ZEAMAP/epigenome/dna_methylation/01_regions/AMP_mCG_bed/GY462.bedgraph.gz	84.05KB
https://ftp.cngb.org/pub/CNSA/data3/CNP0001565/zeamap/05_Epigenetics/DNA_Methylation/01_Regions/AMP_mCG_bed/GY462.bedgraph.gz.tbi	maize_ZEAMAP/epigenome/dna_methylation/01_regions/AMP_mCG_bed/GY462.bedgraph.gz.tbi	75.69KB
https://ftp.cngb.org/pub/CNSA/data3/CNP0001565/zeamap/05_Epigenetics/DNA_Methylation/01_Regions/AMP_mCG_bed/GY798.bedgraph.gz	maize_ZEAMAP/epigenome/dna_methylation/01_regions/AMP_mCG_bed/GY798.bedgraph.gz	92.58KB
https://ftp.cngb.org/pub/CNSA/data3/CNP0001565/zeamap/05_Epigenetics/DNA_Methylation/01_Regions/AMP_mCG_bed/GY798.bedgraph.gz.tbi	maize_ZEAMAP/epigenome/dna_methylation/01_regions/AMP_mCG_bed/GY798.bedgraph.gz.tbi	75.96KB
https://ftp.cngb.org/pub/CNSA/data3/CNP0001565/zeamap/05_Epigenetics/DNA_Methylation/01_Regions/AMP_mCG_bed/GY923.bedgraph.gz	maize_ZEAMAP/epigenome/dna_methylation/01_regions/AMP_mCG_bed/GY923.bedgraph.gz	92.91KB
https://ftp.cngb.org/pub/CNSA/data3/CNP0001565/zeamap/05_Epigenetics/DNA_Methylation/01_Regions/AMP_mCG_bed/GY923.bedgraph.gz.tbi	maize_ZEAMAP/epigenome/dna_methylation/01_regions/AMP_mCG_bed/GY923.bedgraph.gz.tbi	75.98KB
https://ftp.cngb.org/pub/CNSA/data3/CNP0001565/zeamap/05_Epigenetics/DNA_Methylation/01_Regions/AMP_mCG_bed/HU803.bedgraph.gz	maize_ZEAMAP/epigenome/dna_methylation/01_regions/AMP_mCG_bed/HU803.bedgraph.gz	96.07KB
https://ftp.cngb.org/pub/CNSA/data3/CNP0001565/zeamap/05_Epigenetics/DNA_Methylation/01_Regions/AMP_mCG_bed/HU803.bedgraph.gz.tbi	maize_ZEAMAP/epigenome/dna_methylation/01_regions/AMP_mCG_bed/HU803.bedgraph.gz.tbi	76.04KB
https://ftp.cngb.org/pub/CNSA/data3/CNP0001565/zeamap/05_Epigenetics/DNA_Methylation/01_Regions/AMP_mCG_bed/HYS.bedgraph.gz	maize_ZEAMAP/epigenome/dna_methylation/01_regions/AMP_mCG_bed/HYS.bedgraph.gz	92.54KB
https://ftp.cngb.org/pub/CNSA/data3/CNP0001565/zeamap/05_Epigenetics/DNA_Methylation/01_Regions/AMP_mCG_bed/HYS.bedgraph.gz.tbi	maize_ZEAMAP/epigenome/dna_methylation/01_regions/AMP_mCG_bed/HYS.bedgraph.gz.tbi	75.95KB
https://ftp.cngb.org/pub/CNSA/data3/CNP0001565/zeamap/05_Epigenetics/DNA_Methylation/01_Regions/AMP_mCG_bed/HZS.bedgraph.gz	maize_ZEAMAP/epigenome/dna_methylation/01_regions/AMP_mCG_bed/HZS.bedgraph.gz	91.90KB
https://ftp.cngb.org/pub/CNSA/data3/CNP0001565/zeamap/05_Epigenetics/DNA_Methylation/01_Regions/AMP_mCG_bed/HZS.bedgraph.gz.tbi	maize_ZEAMAP/epigenome/dna_methylation/01_regions/AMP_mCG_bed/HZS.bedgraph.gz.tbi	75.93KB
https://ftp.cngb.org/pub/CNSA/data3/CNP0001565/zeamap/05_Epigenetics/DNA_Methylation/01_Regions/AMP_mCG_bed/IRF314.bedgraph.gz	maize_ZEAMAP/epigenome/dna_methylation/01_regions/AMP_mCG_bed/IRF314.bedgraph.gz	91.90KB
https://ftp.cngb.org/pub/CNSA/data3/CNP0001565/zeamap/05_Epigenetics/DNA_Methylation/01_Regions/AMP_mCG_bed/IRF314.bedgraph.gz.tbi	maize_ZEAMAP/epigenome/dna_methylation/01_regions/AMP_mCG_bed/IRF314.bedgraph.gz.tbi	75.93KB
https://ftp.cngb.org/pub/CNSA/data3/CNP0001565/zeamap/05_Epigenetics/DNA_Methylation/01_Regions/AMP_mCG_bed/J4112.bedgraph.gz	maize_ZEAMAP/epigenome/dna_methylation/01_regions/AMP_mCG_bed/J4112.bedgraph.gz	90.75KB
https://ftp.cngb.org/pub/CNSA/data3/CNP0001565/zeamap/05_Epigenetics/DNA_Methylation/01_Regions/AMP_mCG_bed/J4112.bedgraph.gz.tbi	maize_ZEAMAP/epigenome/dna_methylation/01_regions/AMP_mCG_bed/J4112.bedgraph.gz.tbi	75.88KB
https://ftp.cngb.org/pub/CNSA/data3/CNP0001565/zeamap/05_Epigenetics/DNA_Methylation/01_Regions/AMP_mCG_bed/JH59.bedgraph.gz	maize_ZEAMAP/epigenome/dna_methylation/01_regions/AMP_mCG_bed/JH59.bedgraph.gz	91.80KB
https://ftp.cngb.org/pub/CNSA/data3/CNP0001565/zeamap/05_Epigenetics/DNA_Methylation/01_Regions/AMP_mCG_bed/JH59.bedgraph.gz.tbi	maize_ZEAMAP/epigenome/dna_methylation/01_regions/AMP_mCG_bed/JH59.bedgraph.gz.tbi	75.96KB
https://ftp.cngb.org/pub/CNSA/data3/CNP0001565/zeamap/05_Epigenetics/DNA_Methylation/01_Regions/AMP_mCG_bed/JI63.bedgraph.gz	maize_ZEAMAP/epigenome/dna_methylation/01_regions/AMP_mCG_bed/JI63.bedgraph.gz	91.18KB
https://ftp.cngb.org/pub/CNSA/data3/CNP0001565/zeamap/05_Epigenetics/DNA_Methylation/01_Regions/AMP_mCG_bed/JI63.bedgraph.gz.tbi	maize_ZEAMAP/epigenome/dna_methylation/01_regions/AMP_mCG_bed/JI63.bedgraph.gz.tbi	75.95KB
https://ftp.cngb.org/pub/CNSA/data3/CNP0001565/zeamap/05_Epigenetics/DNA_Methylation/01_Regions/AMP_mCG_bed/JI846.bedgraph.gz	maize_ZEAMAP/epigenome/dna_methylation/01_regions/AMP_mCG_bed/JI846.bedgraph.gz	91.32KB
https://ftp.cngb.org/pub/CNSA/data3/CNP0001565/zeamap/05_Epigenetics/DNA_Methylation/01_Regions/AMP_mCG_bed/JI846.bedgraph.gz.tbi	maize_ZEAMAP/epigenome/dna_methylation/01_regions/AMP_mCG_bed/JI846.bedgraph.gz.tbi	75.92KB
https://ftp.cngb.org/pub/CNSA/data3/CNP0001565/zeamap/05_Epigenetics/DNA_Methylation/01_Regions/AMP_mCG_bed/JY01.bedgraph.gz	maize_ZEAMAP/epigenome/dna_methylation/01_regions/AMP_mCG_bed/JY01.bedgraph.gz	93.16KB
https://ftp.cngb.org/pub/CNSA/data3/CNP0001565/zeamap/05_Epigenetics/DNA_Methylation/01_Regions/AMP_mCG_bed/JY01.bedgraph.gz.tbi	maize_ZEAMAP/epigenome/dna_methylation/01_regions/AMP_mCG_bed/JY01.bedgraph.gz.tbi	75.90KB
https://ftp.cngb.org/pub/CNSA/data3/CNP0001565/zeamap/05_Epigenetics/DNA_Methylation/01_Regions/AMP_mCG_bed/K22.bedgraph.gz	maize_ZEAMAP/epigenome/dna_methylation/01_regions/AMP_mCG_bed/K22.bedgraph.gz	93.00KB
https://ftp.cngb.org/pub/CNSA/data3/CNP0001565/zeamap/05_Epigenetics/DNA_Methylation/01_Regions/AMP_mCG_bed/K22.bedgraph.gz.tbi	maize_ZEAMAP/epigenome/dna_methylation/01_regions/AMP_mCG_bed/K22.bedgraph.gz.tbi	75.95KB
https://ftp.cngb.org/pub/CNSA/data3/CNP0001565/zeamap/05_Epigenetics/DNA_Methylation/01_Regions/AMP_mCG_bed/L3180.bedgraph.gz	maize_ZEAMAP/epigenome/dna_methylation/01_regions/AMP_mCG_bed/L3180.bedgraph.gz	93.29KB
https://ftp.cngb.org/pub/CNSA/data3/CNP0001565/zeamap/05_Epigenetics/DNA_Methylation/01_Regions/AMP_mCG_bed/L3180.bedgraph.gz.tbi	maize_ZEAMAP/epigenome/dna_methylation/01_regions/AMP_mCG_bed/L3180.bedgraph.gz.tbi	76.00KB
https://ftp.cngb.org/pub/CNSA/data3/CNP0001565/zeamap/05_Epigenetics/DNA_Methylation/01_Regions/AMP_mCG_bed/LG001.bedgraph.gz	maize_ZEAMAP/epigenome/dna_methylation/01_regions/AMP_mCG_bed/LG001.bedgraph.gz	92.95KB
https://ftp.cngb.org/pub/CNSA/data3/CNP0001565/zeamap/05_Epigenetics/DNA_Methylation/01_Regions/AMP_mCG_bed/LG001.bedgraph.gz.tbi	maize_ZEAMAP/epigenome/dna_methylation/01_regions/AMP_mCG_bed/LG001.bedgraph.gz.tbi	75.98KB
https://ftp.cngb.org/pub/CNSA/data3/CNP0001565/zeamap/05_Epigenetics/DNA_Methylation/01_Regions/AMP_mCG_bed/LIAO159.bedgraph.gz	maize_ZEAMAP/epigenome/dna_methylation/01_regions/AMP_mCG_bed/LIAO159.bedgraph.gz	89.08KB
https://ftp.cngb.org/pub/CNSA/data3/CNP0001565/zeamap/05_Epigenetics/DNA_Methylation/01_Regions/AMP_mCG_bed/LIAO159.bedgraph.gz.tbi	maize_ZEAMAP/epigenome/dna_methylation/01_regions/AMP_mCG_bed/LIAO159.bedgraph.gz.tbi	75.87KB
https://ftp.cngb.org/pub/CNSA/data3/CNP0001565/zeamap/05_Epigenetics/DNA_Methylation/01_Regions/AMP_mCG_bed/LIAO5263.bedgraph.gz	maize_ZEAMAP/epigenome/dna_methylation/01_regions/AMP_mCG_bed/LIAO5263.bedgraph.gz	95.19KB
https://ftp.cngb.org/pub/CNSA/data3/CNP0001565/zeamap/05_Epigenetics/DNA_Methylation/01_Regions/AMP_mCG_bed/LIAO5263.bedgraph.gz.tbi	maize_ZEAMAP/epigenome/dna_methylation/01_regions/AMP_mCG_bed/LIAO5263.bedgraph.gz.tbi	76.02KB
https://ftp.cngb.org/pub/CNSA/data3/CNP0001565/zeamap/05_Epigenetics/DNA_Methylation/01_Regions/AMP_mCG_bed/LV28.bedgraph.gz	maize_ZEAMAP/epigenome/dna_methylation/01_regions/AMP_mCG_bed/LV28.bedgraph.gz	90.82KB
https://ftp.cngb.org/pub/CNSA/data3/CNP0001565/zeamap/05_Epigenetics/DNA_Methylation/01_Regions/AMP_mCG_bed/LV28.bedgraph.gz.tbi	maize_ZEAMAP/epigenome/dna_methylation/01_regions/AMP_mCG_bed/LV28.bedgraph.gz.tbi	75.90KB
https://ftp.cngb.org/pub/CNSA/data3/CNP0001565/zeamap/05_Epigenetics/DNA_Methylation/01_Regions/AMP_mCG_bed/LX9801.bedgraph.gz	maize_ZEAMAP/epigenome/dna_methylation/01_regions/AMP_mCG_bed/LX9801.bedgraph.gz	92.26KB
https://ftp.cngb.org/pub/CNSA/data3/CNP0001565/zeamap/05_Epigenetics/DNA_Methylation/01_Regions/AMP_mCG_bed/LX9801.bedgraph.gz.tbi	maize_ZEAMAP/epigenome/dna_methylation/01_regions/AMP_mCG_bed/LX9801.bedgraph.gz.tbi	76.00KB
https://ftp.cngb.org/pub/CNSA/data3/CNP0001565/zeamap/05_Epigenetics/DNA_Methylation/01_Regions/AMP_mCG_bed/LXN.bedgraph.gz	maize_ZEAMAP/epigenome/dna_methylation/01_regions/AMP_mCG_bed/LXN.bedgraph.gz	92.16KB
https://ftp.cngb.org/pub/CNSA/data3/CNP0001565/zeamap/05_Epigenetics/DNA_Methylation/01_Regions/AMP_mCG_bed/LXN.bedgraph.gz.tbi	maize_ZEAMAP/epigenome/dna_methylation/01_regions/AMP_mCG_bed/LXN.bedgraph.gz.tbi	75.95KB
https://ftp.cngb.org/pub/CNSA/data3/CNP0001565/zeamap/05_Epigenetics/DNA_Methylation/01_Regions/AMP_mCG_bed/LY.bedgraph.gz	maize_ZEAMAP/epigenome/dna_methylation/01_regions/AMP_mCG_bed/LY.bedgraph.gz	92.61KB
https://ftp.cngb.org/pub/CNSA/data3/CNP0001565/zeamap/05_Epigenetics/DNA_Methylation/01_Regions/AMP_mCG_bed/LY.bedgraph.gz.tbi	maize_ZEAMAP/epigenome/dna_methylation/01_regions/AMP_mCG_bed/LY.bedgraph.gz.tbi	75.98KB
https://ftp.cngb.org/pub/CNSA/data3/CNP0001565/zeamap/05_Epigenetics/DNA_Methylation/01_Regions/AMP_mCG_bed/M97.bedgraph.gz	maize_ZEAMAP/epigenome/dna_methylation/01_regions/AMP_mCG_bed/M97.bedgraph.gz	94.04KB
https://ftp.cngb.org/pub/CNSA/data3/CNP0001565/zeamap/05_Epigenetics/DNA_Methylation/01_Regions/AMP_mCG_bed/M97.bedgraph.gz.tbi	maize_ZEAMAP/epigenome/dna_methylation/01_regions/AMP_mCG_bed/M97.bedgraph.gz.tbi	76.00KB
https://ftp.cngb.org/pub/CNSA/data3/CNP0001565/zeamap/05_Epigenetics/DNA_Methylation/01_Regions/AMP_mCG_bed/MO17.bedgraph.gz	maize_ZEAMAP/epigenome/dna_methylation/01_regions/AMP_mCG_bed/MO17.bedgraph.gz	91.75KB
https://ftp.cngb.org/pub/CNSA/data3/CNP0001565/zeamap/05_Epigenetics/DNA_Methylation/01_Regions/AMP_mCG_bed/MO17.bedgraph.gz.tbi	maize_ZEAMAP/epigenome/dna_methylation/01_regions/AMP_mCG_bed/MO17.bedgraph.gz.tbi	75.93KB
https://ftp.cngb.org/pub/CNSA/data3/CNP0001565/zeamap/05_Epigenetics/DNA_Methylation/01_Regions/AMP_mCG_bed/P138.bedgraph.gz	maize_ZEAMAP/epigenome/dna_methylation/01_regions/AMP_mCG_bed/P138.bedgraph.gz	93.19KB
https://ftp.cngb.org/pub/CNSA/data3/CNP0001565/zeamap/05_Epigenetics/DNA_Methylation/01_Regions/AMP_mCG_bed/P138.bedgraph.gz.tbi	maize_ZEAMAP/epigenome/dna_methylation/01_regions/AMP_mCG_bed/P138.bedgraph.gz.tbi	75.95KB
https://ftp.cngb.org/pub/CNSA/data3/CNP0001565/zeamap/05_Epigenetics/DNA_Methylation/01_Regions/AMP_mCG_bed/P178.bedgraph.gz	maize_ZEAMAP/epigenome/dna_methylation/01_regions/AMP_mCG_bed/P178.bedgraph.gz	95.14KB
https://ftp.cngb.org/pub/CNSA/data3/CNP0001565/zeamap/05_Epigenetics/DNA_Methylation/01_Regions/AMP_mCG_bed/P178.bedgraph.gz.tbi	maize_ZEAMAP/epigenome/dna_methylation/01_regions/AMP_mCG_bed/P178.bedgraph.gz.tbi	76.01KB
https://ftp.cngb.org/pub/CNSA/data3/CNP0001565/zeamap/05_Epigenetics/DNA_Methylation/01_Regions/AMP_mCG_bed/Q1261.bedgraph.gz	maize_ZEAMAP/epigenome/dna_methylation/01_regions/AMP_mCG_bed/Q1261.bedgraph.gz	93.43KB
https://ftp.cngb.org/pub/CNSA/data3/CNP0001565/zeamap/05_Epigenetics/DNA_Methylation/01_Regions/AMP_mCG_bed/Q1261.bedgraph.gz.tbi	maize_ZEAMAP/epigenome/dna_methylation/01_regions/AMP_mCG_bed/Q1261.bedgraph.gz.tbi	75.97KB
https://ftp.cngb.org/pub/CNSA/data3/CNP0001565/zeamap/05_Epigenetics/DNA_Methylation/01_Regions/AMP_mCG_bed/QI205.bedgraph.gz	maize_ZEAMAP/epigenome/dna_methylation/01_regions/AMP_mCG_bed/QI205.bedgraph.gz	89.69KB
https://ftp.cngb.org/pub/CNSA/data3/CNP0001565/zeamap/05_Epigenetics/DNA_Methylation/01_Regions/AMP_mCG_bed/QI205.bedgraph.gz.tbi	maize_ZEAMAP/epigenome/dna_methylation/01_regions/AMP_mCG_bed/QI205.bedgraph.gz.tbi	75.90KB
https://ftp.cngb.org/pub/CNSA/data3/CNP0001565/zeamap/05_Epigenetics/DNA_Methylation/01_Regions/AMP_mCG_bed/QI319.bedgraph.gz	maize_ZEAMAP/epigenome/dna_methylation/01_regions/AMP_mCG_bed/QI319.bedgraph.gz	91.44KB
https://ftp.cngb.org/pub/CNSA/data3/CNP0001565/zeamap/05_Epigenetics/DNA_Methylation/01_Regions/AMP_mCG_bed/QI319.bedgraph.gz.tbi	maize_ZEAMAP/epigenome/dna_methylation/01_regions/AMP_mCG_bed/QI319.bedgraph.gz.tbi	75.94KB
https://ftp.cngb.org/pub/CNSA/data3/CNP0001565/zeamap/05_Epigenetics/DNA_Methylation/01_Regions/AMP_mCG_bed/RY697.bedgraph.gz	maize_ZEAMAP/epigenome/dna_methylation/01_regions/AMP_mCG_bed/RY697.bedgraph.gz	94.08KB
https://ftp.cngb.org/pub/CNSA/data3/CNP0001565/zeamap/05_Epigenetics/DNA_Methylation/01_Regions/AMP_mCG_bed/RY697.bedgraph.gz.tbi	maize_ZEAMAP/epigenome/dna_methylation/01_regions/AMP_mCG_bed/RY697.bedgraph.gz.tbi	75.93KB
https://ftp.cngb.org/pub/CNSA/data3/CNP0001565/zeamap/05_Epigenetics/DNA_Methylation/01_Regions/AMP_mCG_bed/RY713.bedgraph.gz	maize_ZEAMAP/epigenome/dna_methylation/01_regions/AMP_mCG_bed/RY713.bedgraph.gz	90.29KB
https://ftp.cngb.org/pub/CNSA/data3/CNP0001565/zeamap/05_Epigenetics/DNA_Methylation/01_Regions/AMP_mCG_bed/RY713.bedgraph.gz.tbi	maize_ZEAMAP/epigenome/dna_methylation/01_regions/AMP_mCG_bed/RY713.bedgraph.gz.tbi	75.94KB
https://ftp.cngb.org/pub/CNSA/data3/CNP0001565/zeamap/05_Epigenetics/DNA_Methylation/01_Regions/AMP_mCG_bed/RY732.bedgraph.gz	maize_ZEAMAP/epigenome/dna_methylation/01_regions/AMP_mCG_bed/RY732.bedgraph.gz	92.67KB
https://ftp.cngb.org/pub/CNSA/data3/CNP0001565/zeamap/05_Epigenetics/DNA_Methylation/01_Regions/AMP_mCG_bed/RY732.bedgraph.gz.tbi	maize_ZEAMAP/epigenome/dna_methylation/01_regions/AMP_mCG_bed/RY732.bedgraph.gz.tbi	75.93KB
https://ftp.cngb.org/pub/CNSA/data3/CNP0001565/zeamap/05_Epigenetics/DNA_Methylation/01_Regions/AMP_mCG_bed/S37.bedgraph.gz	maize_ZEAMAP/epigenome/dna_methylation/01_regions/AMP_mCG_bed/S37.bedgraph.gz	92.35KB
https://ftp.cngb.org/pub/CNSA/data3/CNP0001565/zeamap/05_Epigenetics/DNA_Methylation/01_Regions/AMP_mCG_bed/S37.bedgraph.gz.tbi	maize_ZEAMAP/epigenome/dna_methylation/01_regions/AMP_mCG_bed/S37.bedgraph.gz.tbi	75.98KB
https://ftp.cngb.org/pub/CNSA/data3/CNP0001565/zeamap/05_Epigenetics/DNA_Methylation/01_Regions/AMP_mCG_bed/SHEN137.bedgraph.gz	maize_ZEAMAP/epigenome/dna_methylation/01_regions/AMP_mCG_bed/SHEN137.bedgraph.gz	92.79KB
https://ftp.cngb.org/pub/CNSA/data3/CNP0001565/zeamap/05_Epigenetics/DNA_Methylation/01_Regions/AMP_mCG_bed/SHEN137.bedgraph.gz.tbi	maize_ZEAMAP/epigenome/dna_methylation/01_regions/AMP_mCG_bed/SHEN137.bedgraph.gz.tbi	75.95KB
https://ftp.cngb.org/pub/CNSA/data3/CNP0001565/zeamap/05_Epigenetics/DNA_Methylation/01_Regions/AMP_mCG_bed/SI273.bedgraph.gz	maize_ZEAMAP/epigenome/dna_methylation/01_regions/AMP_mCG_bed/SI273.bedgraph.gz	91.46KB
https://ftp.cngb.org/pub/CNSA/data3/CNP0001565/zeamap/05_Epigenetics/DNA_Methylation/01_Regions/AMP_mCG_bed/SI273.bedgraph.gz.tbi	maize_ZEAMAP/epigenome/dna_methylation/01_regions/AMP_mCG_bed/SI273.bedgraph.gz.tbi	75.93KB
https://ftp.cngb.org/pub/CNSA/data3/CNP0001565/zeamap/05_Epigenetics/DNA_Methylation/01_Regions/AMP_mCG_bed/SW92E114.bedgraph.gz	maize_ZEAMAP/epigenome/dna_methylation/01_regions/AMP_mCG_bed/SW92E114.bedgraph.gz	93.03KB
https://ftp.cngb.org/pub/CNSA/data3/CNP0001565/zeamap/05_Epigenetics/DNA_Methylation/01_Regions/AMP_mCG_bed/SW92E114.bedgraph.gz.tbi	maize_ZEAMAP/epigenome/dna_methylation/01_regions/AMP_mCG_bed/SW92E114.bedgraph.gz.tbi	76.01KB
https://ftp.cngb.org/pub/CNSA/data3/CNP0001565/zeamap/05_Epigenetics/DNA_Methylation/01_Regions/AMP_mCG_bed/SY1032.bedgraph.gz	maize_ZEAMAP/epigenome/dna_methylation/01_regions/AMP_mCG_bed/SY1032.bedgraph.gz	90.37KB
https://ftp.cngb.org/pub/CNSA/data3/CNP0001565/zeamap/05_Epigenetics/DNA_Methylation/01_Regions/AMP_mCG_bed/SY1032.bedgraph.gz.tbi	maize_ZEAMAP/epigenome/dna_methylation/01_regions/AMP_mCG_bed/SY1032.bedgraph.gz.tbi	75.89KB
https://ftp.cngb.org/pub/CNSA/data3/CNP0001565/zeamap/05_Epigenetics/DNA_Methylation/01_Regions/AMP_mCG_bed/SY1035.bedgraph.gz	maize_ZEAMAP/epigenome/dna_methylation/01_regions/AMP_mCG_bed/SY1035.bedgraph.gz	89.52KB
https://ftp.cngb.org/pub/CNSA/data3/CNP0001565/zeamap/05_Epigenetics/DNA_Methylation/01_Regions/AMP_mCG_bed/SY1035.bedgraph.gz.tbi	maize_ZEAMAP/epigenome/dna_methylation/01_regions/AMP_mCG_bed/SY1035.bedgraph.gz.tbi	75.87KB
https://ftp.cngb.org/pub/CNSA/data3/CNP0001565/zeamap/05_Epigenetics/DNA_Methylation/01_Regions/AMP_mCG_bed/SY1052.bedgraph.gz	maize_ZEAMAP/epigenome/dna_methylation/01_regions/AMP_mCG_bed/SY1052.bedgraph.gz	93.48KB
https://ftp.cngb.org/pub/CNSA/data3/CNP0001565/zeamap/05_Epigenetics/DNA_Methylation/01_Regions/AMP_mCG_bed/SY1052.bedgraph.gz.tbi	maize_ZEAMAP/epigenome/dna_methylation/01_regions/AMP_mCG_bed/SY1052.bedgraph.gz.tbi	75.98KB
https://ftp.cngb.org/pub/CNSA/data3/CNP0001565/zeamap/05_Epigenetics/DNA_Methylation/01_Regions/AMP_mCG_bed/SY3073.bedgraph.gz	maize_ZEAMAP/epigenome/dna_methylation/01_regions/AMP_mCG_bed/SY3073.bedgraph.gz	94.38KB
https://ftp.cngb.org/pub/CNSA/data3/CNP0001565/zeamap/05_Epigenetics/DNA_Methylation/01_Regions/AMP_mCG_bed/SY3073.bedgraph.gz.tbi	maize_ZEAMAP/epigenome/dna_methylation/01_regions/AMP_mCG_bed/SY3073.bedgraph.gz.tbi	76.03KB
https://ftp.cngb.org/pub/CNSA/data3/CNP0001565/zeamap/05_Epigenetics/DNA_Methylation/01_Regions/AMP_mCG_bed/TIAN77.bedgraph.gz	maize_ZEAMAP/epigenome/dna_methylation/01_regions/AMP_mCG_bed/TIAN77.bedgraph.gz	88.67KB
https://ftp.cngb.org/pub/CNSA/data3/CNP0001565/zeamap/05_Epigenetics/DNA_Methylation/01_Regions/AMP_mCG_bed/TIAN77.bedgraph.gz.tbi	maize_ZEAMAP/epigenome/dna_methylation/01_regions/AMP_mCG_bed/TIAN77.bedgraph.gz.tbi	75.89KB
https://ftp.cngb.org/pub/CNSA/data3/CNP0001565/zeamap/05_Epigenetics/DNA_Methylation/01_Regions/AMP_mCG_bed/TIE7922.bedgraph.gz	maize_ZEAMAP/epigenome/dna_methylation/01_regions/AMP_mCG_bed/TIE7922.bedgraph.gz	93.70KB
https://ftp.cngb.org/pub/CNSA/data3/CNP0001565/zeamap/05_Epigenetics/DNA_Methylation/01_Regions/AMP_mCG_bed/TIE7922.bedgraph.gz.tbi	maize_ZEAMAP/epigenome/dna_methylation/01_regions/AMP_mCG_bed/TIE7922.bedgraph.gz.tbi	75.98KB
https://ftp.cngb.org/pub/CNSA/data3/CNP0001565/zeamap/05_Epigenetics/DNA_Methylation/01_Regions/AMP_mCG_bed/TT16.bedgraph.gz	maize_ZEAMAP/epigenome/dna_methylation/01_regions/AMP_mCG_bed/TT16.bedgraph.gz	95.02KB
https://ftp.cngb.org/pub/CNSA/data3/CNP0001565/zeamap/05_Epigenetics/DNA_Methylation/01_Regions/AMP_mCG_bed/TT16.bedgraph.gz.tbi	maize_ZEAMAP/epigenome/dna_methylation/01_regions/AMP_mCG_bed/TT16.bedgraph.gz.tbi	76.03KB
https://ftp.cngb.org/pub/CNSA/data3/CNP0001565/zeamap/05_Epigenetics/DNA_Methylation/01_Regions/AMP_mCG_bed/TX5.bedgraph.gz	maize_ZEAMAP/epigenome/dna_methylation/01_regions/AMP_mCG_bed/TX5.bedgraph.gz	81.02KB
https://ftp.cngb.org/pub/CNSA/data3/CNP0001565/zeamap/05_Epigenetics/DNA_Methylation/01_Regions/AMP_mCG_bed/TX5.bedgraph.gz.tbi	maize_ZEAMAP/epigenome/dna_methylation/01_regions/AMP_mCG_bed/TX5.bedgraph.gz.tbi	75.69KB
https://ftp.cngb.org/pub/CNSA/data3/CNP0001565/zeamap/05_Epigenetics/DNA_Methylation/01_Regions/AMP_mCG_bed/TY1.bedgraph.gz	maize_ZEAMAP/epigenome/dna_methylation/01_regions/AMP_mCG_bed/TY1.bedgraph.gz	92.09KB
https://ftp.cngb.org/pub/CNSA/data3/CNP0001565/zeamap/05_Epigenetics/DNA_Methylation/01_Regions/AMP_mCG_bed/TY1.bedgraph.gz.tbi	maize_ZEAMAP/epigenome/dna_methylation/01_regions/AMP_mCG_bed/TY1.bedgraph.gz.tbi	76.01KB
https://ftp.cngb.org/pub/CNSA/data3/CNP0001565/zeamap/05_Epigenetics/DNA_Methylation/01_Regions/AMP_mCG_bed/TY10.bedgraph.gz	maize_ZEAMAP/epigenome/dna_methylation/01_regions/AMP_mCG_bed/TY10.bedgraph.gz	92.90KB
https://ftp.cngb.org/pub/CNSA/data3/CNP0001565/zeamap/05_Epigenetics/DNA_Methylation/01_Regions/AMP_mCG_bed/TY10.bedgraph.gz.tbi	maize_ZEAMAP/epigenome/dna_methylation/01_regions/AMP_mCG_bed/TY10.bedgraph.gz.tbi	75.98KB
https://ftp.cngb.org/pub/CNSA/data3/CNP0001565/zeamap/05_Epigenetics/DNA_Methylation/01_Regions/AMP_mCG_bed/TY11.bedgraph.gz	maize_ZEAMAP/epigenome/dna_methylation/01_regions/AMP_mCG_bed/TY11.bedgraph.gz	93.11KB
https://ftp.cngb.org/pub/CNSA/data3/CNP0001565/zeamap/05_Epigenetics/DNA_Methylation/01_Regions/AMP_mCG_bed/TY11.bedgraph.gz.tbi	maize_ZEAMAP/epigenome/dna_methylation/01_regions/AMP_mCG_bed/TY11.bedgraph.gz.tbi	75.97KB
https://ftp.cngb.org/pub/CNSA/data3/CNP0001565/zeamap/05_Epigenetics/DNA_Methylation/01_Regions/AMP_mCG_bed/TY2.bedgraph.gz	maize_ZEAMAP/epigenome/dna_methylation/01_regions/AMP_mCG_bed/TY2.bedgraph.gz	88.35KB
https://ftp.cngb.org/pub/CNSA/data3/CNP0001565/zeamap/05_Epigenetics/DNA_Methylation/01_Regions/AMP_mCG_bed/TY2.bedgraph.gz.tbi	maize_ZEAMAP/epigenome/dna_methylation/01_regions/AMP_mCG_bed/TY2.bedgraph.gz.tbi	75.86KB
https://ftp.cngb.org/pub/CNSA/data3/CNP0001565/zeamap/05_Epigenetics/DNA_Methylation/01_Regions/AMP_mCG_bed/TY3.bedgraph.gz	maize_ZEAMAP/epigenome/dna_methylation/01_regions/AMP_mCG_bed/TY3.bedgraph.gz	88.06KB
https://ftp.cngb.org/pub/CNSA/data3/CNP0001565/zeamap/05_Epigenetics/DNA_Methylation/01_Regions/AMP_mCG_bed/TY3.bedgraph.gz.tbi	maize_ZEAMAP/epigenome/dna_methylation/01_regions/AMP_mCG_bed/TY3.bedgraph.gz.tbi	75.91KB
https://ftp.cngb.org/pub/CNSA/data3/CNP0001565/zeamap/05_Epigenetics/DNA_Methylation/01_Regions/AMP_mCG_bed/TY6.bedgraph.gz	maize_ZEAMAP/epigenome/dna_methylation/01_regions/AMP_mCG_bed/TY6.bedgraph.gz	90.88KB
https://ftp.cngb.org/pub/CNSA/data3/CNP0001565/zeamap/05_Epigenetics/DNA_Methylation/01_Regions/AMP_mCG_bed/TY6.bedgraph.gz.tbi	maize_ZEAMAP/epigenome/dna_methylation/01_regions/AMP_mCG_bed/TY6.bedgraph.gz.tbi	75.92KB
https://ftp.cngb.org/pub/CNSA/data3/CNP0001565/zeamap/05_Epigenetics/DNA_Methylation/01_Regions/AMP_mCG_bed/TY7.bedgraph.gz	maize_ZEAMAP/epigenome/dna_methylation/01_regions/AMP_mCG_bed/TY7.bedgraph.gz	89.59KB
https://ftp.cngb.org/pub/CNSA/data3/CNP0001565/zeamap/05_Epigenetics/DNA_Methylation/01_Regions/AMP_mCG_bed/TY7.bedgraph.gz.tbi	maize_ZEAMAP/epigenome/dna_methylation/01_regions/AMP_mCG_bed/TY7.bedgraph.gz.tbi	75.91KB
https://ftp.cngb.org/pub/CNSA/data3/CNP0001565/zeamap/05_Epigenetics/DNA_Methylation/01_Regions/AMP_mCG_bed/TY8.bedgraph.gz	maize_ZEAMAP/epigenome/dna_methylation/01_regions/AMP_mCG_bed/TY8.bedgraph.gz	91.00KB
https://ftp.cngb.org/pub/CNSA/data3/CNP0001565/zeamap/05_Epigenetics/DNA_Methylation/01_Regions/AMP_mCG_bed/TY8.bedgraph.gz.tbi	maize_ZEAMAP/epigenome/dna_methylation/01_regions/AMP_mCG_bed/TY8.bedgraph.gz.tbi	75.97KB
https://ftp.cngb.org/pub/CNSA/data3/CNP0001565/zeamap/05_Epigenetics/DNA_Methylation/01_Regions/AMP_mCG_bed/W138.bedgraph.gz	maize_ZEAMAP/epigenome/dna_methylation/01_regions/AMP_mCG_bed/W138.bedgraph.gz	88.37KB
https://ftp.cngb.org/pub/CNSA/data3/CNP0001565/zeamap/05_Epigenetics/DNA_Methylation/01_Regions/AMP_mCG_bed/W138.bedgraph.gz.tbi	maize_ZEAMAP/epigenome/dna_methylation/01_regions/AMP_mCG_bed/W138.bedgraph.gz.tbi	75.89KB
https://ftp.cngb.org/pub/CNSA/data3/CNP0001565/zeamap/05_Epigenetics/DNA_Methylation/01_Regions/AMP_mCG_bed/WMR.bedgraph.gz	maize_ZEAMAP/epigenome/dna_methylation/01_regions/AMP_mCG_bed/WMR.bedgraph.gz	92.67KB
https://ftp.cngb.org/pub/CNSA/data3/CNP0001565/zeamap/05_Epigenetics/DNA_Methylation/01_Regions/AMP_mCG_bed/WMR.bedgraph.gz.tbi	maize_ZEAMAP/epigenome/dna_methylation/01_regions/AMP_mCG_bed/WMR.bedgraph.gz.tbi	75.92KB
https://ftp.cngb.org/pub/CNSA/data3/CNP0001565/zeamap/05_Epigenetics/DNA_Methylation/01_Regions/AMP_mCG_bed/WU109.bedgraph.gz	maize_ZEAMAP/epigenome/dna_methylation/01_regions/AMP_mCG_bed/WU109.bedgraph.gz	92.22KB
https://ftp.cngb.org/pub/CNSA/data3/CNP0001565/zeamap/05_Epigenetics/DNA_Methylation/01_Regions/AMP_mCG_bed/WU109.bedgraph.gz.tbi	maize_ZEAMAP/epigenome/dna_methylation/01_regions/AMP_mCG_bed/WU109.bedgraph.gz.tbi	75.92KB
https://ftp.cngb.org/pub/CNSA/data3/CNP0001565/zeamap/05_Epigenetics/DNA_Methylation/01_Regions/AMP_mCG_bed/YE488.bedgraph.gz	maize_ZEAMAP/epigenome/dna_methylation/01_regions/AMP_mCG_bed/YE488.bedgraph.gz	88.57KB
https://ftp.cngb.org/pub/CNSA/data3/CNP0001565/zeamap/05_Epigenetics/DNA_Methylation/01_Regions/AMP_mCG_bed/YE488.bedgraph.gz.tbi	maize_ZEAMAP/epigenome/dna_methylation/01_regions/AMP_mCG_bed/YE488.bedgraph.gz.tbi	75.87KB
https://ftp.cngb.org/pub/CNSA/data3/CNP0001565/zeamap/05_Epigenetics/DNA_Methylation/01_Regions/AMP_mCG_bed/YU374.bedgraph.gz	maize_ZEAMAP/epigenome/dna_methylation/01_regions/AMP_mCG_bed/YU374.bedgraph.gz	80.05KB
https://ftp.cngb.org/pub/CNSA/data3/CNP0001565/zeamap/05_Epigenetics/DNA_Methylation/01_Regions/AMP_mCG_bed/YU374.bedgraph.gz.tbi	maize_ZEAMAP/epigenome/dna_methylation/01_regions/AMP_mCG_bed/YU374.bedgraph.gz.tbi	75.73KB
https://ftp.cngb.org/pub/CNSA/data3/CNP0001565/zeamap/05_Epigenetics/DNA_Methylation/01_Regions/AMP_mCG_bed/YU87-1.bedgraph.gz	maize_ZEAMAP/epigenome/dna_methylation/01_regions/AMP_mCG_bed/YU87-1.bedgraph.gz	89.04KB
https://ftp.cngb.org/pub/CNSA/data3/CNP0001565/zeamap/05_Epigenetics/DNA_Methylation/01_Regions/AMP_mCG_bed/YU87-1.bedgraph.gz.tbi	maize_ZEAMAP/epigenome/dna_methylation/01_regions/AMP_mCG_bed/YU87-1.bedgraph.gz.tbi	75.88KB
https://ftp.cngb.org/pub/CNSA/data3/CNP0001565/zeamap/05_Epigenetics/DNA_Methylation/01_Regions/AMP_mCG_bed/Z2018F.bedgraph.gz	maize_ZEAMAP/epigenome/dna_methylation/01_regions/AMP_mCG_bed/Z2018F.bedgraph.gz	92.00KB
https://ftp.cngb.org/pub/CNSA/data3/CNP0001565/zeamap/05_Epigenetics/DNA_Methylation/01_Regions/AMP_mCG_bed/Z2018F.bedgraph.gz.tbi	maize_ZEAMAP/epigenome/dna_methylation/01_regions/AMP_mCG_bed/Z2018F.bedgraph.gz.tbi	75.97KB
https://ftp.cngb.org/pub/CNSA/data3/CNP0001565/zeamap/05_Epigenetics/DNA_Methylation/01_Regions/AMP_mCG_bed/ZB648.bedgraph.gz	maize_ZEAMAP/epigenome/dna_methylation/01_regions/AMP_mCG_bed/ZB648.bedgraph.gz	88.98KB
https://ftp.cngb.org/pub/CNSA/data3/CNP0001565/zeamap/05_Epigenetics/DNA_Methylation/01_Regions/AMP_mCG_bed/ZB648.bedgraph.gz.tbi	maize_ZEAMAP/epigenome/dna_methylation/01_regions/AMP_mCG_bed/ZB648.bedgraph.gz.tbi	75.92KB
https://ftp.cngb.org/pub/CNSA/data3/CNP0001565/zeamap/05_Epigenetics/DNA_Methylation/01_Regions/AMP_mCG_bed/ZHENG22.bedgraph.gz	maize_ZEAMAP/epigenome/dna_methylation/01_regions/AMP_mCG_bed/ZHENG22.bedgraph.gz	91.36KB
https://ftp.cngb.org/pub/CNSA/data3/CNP0001565/zeamap/05_Epigenetics/DNA_Methylation/01_Regions/AMP_mCG_bed/ZHENG22.bedgraph.gz.tbi	maize_ZEAMAP/epigenome/dna_methylation/01_regions/AMP_mCG_bed/ZHENG22.bedgraph.gz.tbi	75.95KB
https://ftp.cngb.org/pub/CNSA/data3/CNP0001565/zeamap/05_Epigenetics/DNA_Methylation/01_Regions/AMP_mCG_bed/ZHENG29.bedgraph.gz	maize_ZEAMAP/epigenome/dna_methylation/01_regions/AMP_mCG_bed/ZHENG29.bedgraph.gz	93.05KB
https://ftp.cngb.org/pub/CNSA/data3/CNP0001565/zeamap/05_Epigenetics/DNA_Methylation/01_Regions/AMP_mCG_bed/ZHENG29.bedgraph.gz.tbi	maize_ZEAMAP/epigenome/dna_methylation/01_regions/AMP_mCG_bed/ZHENG29.bedgraph.gz.tbi	76.00KB
https://ftp.cngb.org/pub/CNSA/data3/CNP0001565/zeamap/05_Epigenetics/DNA_Methylation/01_Regions/AMP_mCG_bed/ZHENG30.bedgraph.gz	maize_ZEAMAP/epigenome/dna_methylation/01_regions/AMP_mCG_bed/ZHENG30.bedgraph.gz	90.29KB
https://ftp.cngb.org/pub/CNSA/data3/CNP0001565/zeamap/05_Epigenetics/DNA_Methylation/01_Regions/AMP_mCG_bed/ZHENG30.bedgraph.gz.tbi	maize_ZEAMAP/epigenome/dna_methylation/01_regions/AMP_mCG_bed/ZHENG30.bedgraph.gz.tbi	75.90KB
https://ftp.cngb.org/pub/CNSA/data3/CNP0001565/zeamap/05_Epigenetics/DNA_Methylation/01_Regions/AMP_mCG_bed/ZHENG35.bedgraph.gz	maize_ZEAMAP/epigenome/dna_methylation/01_regions/AMP_mCG_bed/ZHENG35.bedgraph.gz	94.57KB
https://ftp.cngb.org/pub/CNSA/data3/CNP0001565/zeamap/05_Epigenetics/DNA_Methylation/01_Regions/AMP_mCG_bed/ZHENG35.bedgraph.gz.tbi	maize_ZEAMAP/epigenome/dna_methylation/01_regions/AMP_mCG_bed/ZHENG35.bedgraph.gz.tbi	75.98KB
https://ftp.cngb.org/pub/CNSA/data3/CNP0001565/zeamap/05_Epigenetics/DNA_Methylation/01_Regions/AMP_mCG_bed/ZHENG58.bedgraph.gz	maize_ZEAMAP/epigenome/dna_methylation/01_regions/AMP_mCG_bed/ZHENG58.bedgraph.gz	90.86KB
https://ftp.cngb.org/pub/CNSA/data3/CNP0001565/zeamap/05_Epigenetics/DNA_Methylation/01_Regions/AMP_mCG_bed/ZHENG58.bedgraph.gz.tbi	maize_ZEAMAP/epigenome/dna_methylation/01_regions/AMP_mCG_bed/ZHENG58.bedgraph.gz.tbi	75.92KB
https://ftp.cngb.org/pub/CNSA/data3/CNP0001565/zeamap/05_Epigenetics/DNA_Methylation/01_Regions/AMP_mCG_bed/ZHENG653.bedgraph.gz	maize_ZEAMAP/epigenome/dna_methylation/01_regions/AMP_mCG_bed/ZHENG653.bedgraph.gz	84.38KB
https://ftp.cngb.org/pub/CNSA/data3/CNP0001565/zeamap/05_Epigenetics/DNA_Methylation/01_Regions/AMP_mCG_bed/ZHENG653.bedgraph.gz.tbi	maize_ZEAMAP/epigenome/dna_methylation/01_regions/AMP_mCG_bed/ZHENG653.bedgraph.gz.tbi	75.76KB
https://ftp.cngb.org/pub/CNSA/data3/CNP0001565/zeamap/05_Epigenetics/DNA_Methylation/01_Regions/AMP_mCG_bed/ZHI41.bedgraph.gz	maize_ZEAMAP/epigenome/dna_methylation/01_regions/AMP_mCG_bed/ZHI41.bedgraph.gz	92.44KB
https://ftp.cngb.org/pub/CNSA/data3/CNP0001565/zeamap/05_Epigenetics/DNA_Methylation/01_Regions/AMP_mCG_bed/ZHI41.bedgraph.gz.tbi	maize_ZEAMAP/epigenome/dna_methylation/01_regions/AMP_mCG_bed/ZHI41.bedgraph.gz.tbi	75.98KB
https://ftp.cngb.org/pub/CNSA/data3/CNP0001565/zeamap/05_Epigenetics/DNA_Methylation/01_Regions/AMP_mCG_bed/ZZ01.bedgraph.gz	maize_ZEAMAP/epigenome/dna_methylation/01_regions/AMP_mCG_bed/ZZ01.bedgraph.gz	92.99KB
https://ftp.cngb.org/pub/CNSA/data3/CNP0001565/zeamap/05_Epigenetics/DNA_Methylation/01_Regions/AMP_mCG_bed/ZZ01.bedgraph.gz.tbi	maize_ZEAMAP/epigenome/dna_methylation/01_regions/AMP_mCG_bed/ZZ01.bedgraph.gz.tbi	75.99KB
https://ftp.cngb.org/pub/CNSA/data3/CNP0001565/zeamap/05_Epigenetics/DNA_Methylation/01_Regions/AMP_mCG_bed/md5.txt	maize_ZEAMAP/epigenome/dna_methylation/01_regions/AMP_mCG_bed/md5.txt	28.16KB
https://ftp.cngb.org/pub/CNSA/data3/CNP0001565/zeamap/05_Epigenetics/DNA_Methylation/01_Regions/AMP_mCHG_bed/04K5686.bedgraph.gz	maize_ZEAMAP/epigenome/dna_methylation/01_regions/AMP_mCHG_bed/04K5686.bedgraph.gz	103.10KB
https://ftp.cngb.org/pub/CNSA/data3/CNP0001565/zeamap/05_Epigenetics/DNA_Methylation/01_Regions/AMP_mCHG_bed/04K5686.bedgraph.gz.tbi	maize_ZEAMAP/epigenome/dna_methylation/01_regions/AMP_mCHG_bed/04K5686.bedgraph.gz.tbi	79.71KB
https://ftp.cngb.org/pub/CNSA/data3/CNP0001565/zeamap/05_Epigenetics/DNA_Methylation/01_Regions/AMP_mCHG_bed/05WN230.bedgraph.gz	maize_ZEAMAP/epigenome/dna_methylation/01_regions/AMP_mCHG_bed/05WN230.bedgraph.gz	97.82KB
https://ftp.cngb.org/pub/CNSA/data3/CNP0001565/zeamap/05_Epigenetics/DNA_Methylation/01_Regions/AMP_mCHG_bed/05WN230.bedgraph.gz.tbi	maize_ZEAMAP/epigenome/dna_methylation/01_regions/AMP_mCHG_bed/05WN230.bedgraph.gz.tbi	79.64KB
https://ftp.cngb.org/pub/CNSA/data3/CNP0001565/zeamap/05_Epigenetics/DNA_Methylation/01_Regions/AMP_mCHG_bed/07KS4.bedgraph.gz	maize_ZEAMAP/epigenome/dna_methylation/01_regions/AMP_mCHG_bed/07KS4.bedgraph.gz	100.11KB
https://ftp.cngb.org/pub/CNSA/data3/CNP0001565/zeamap/05_Epigenetics/DNA_Methylation/01_Regions/AMP_mCHG_bed/07KS4.bedgraph.gz.tbi	maize_ZEAMAP/epigenome/dna_methylation/01_regions/AMP_mCHG_bed/07KS4.bedgraph.gz.tbi	79.68KB
https://ftp.cngb.org/pub/CNSA/data3/CNP0001565/zeamap/05_Epigenetics/DNA_Methylation/01_Regions/AMP_mCHG_bed/1323.bedgraph.gz	maize_ZEAMAP/epigenome/dna_methylation/01_regions/AMP_mCHG_bed/1323.bedgraph.gz	102.03KB
https://ftp.cngb.org/pub/CNSA/data3/CNP0001565/zeamap/05_Epigenetics/DNA_Methylation/01_Regions/AMP_mCHG_bed/1323.bedgraph.gz.tbi	maize_ZEAMAP/epigenome/dna_methylation/01_regions/AMP_mCHG_bed/1323.bedgraph.gz.tbi	79.67KB
https://ftp.cngb.org/pub/CNSA/data3/CNP0001565/zeamap/05_Epigenetics/DNA_Methylation/01_Regions/AMP_mCHG_bed/150.bedgraph.gz	maize_ZEAMAP/epigenome/dna_methylation/01_regions/AMP_mCHG_bed/150.bedgraph.gz	101.22KB
https://ftp.cngb.org/pub/CNSA/data3/CNP0001565/zeamap/05_Epigenetics/DNA_Methylation/01_Regions/AMP_mCHG_bed/150.bedgraph.gz.tbi	maize_ZEAMAP/epigenome/dna_methylation/01_regions/AMP_mCHG_bed/150.bedgraph.gz.tbi	79.63KB
https://ftp.cngb.org/pub/CNSA/data3/CNP0001565/zeamap/05_Epigenetics/DNA_Methylation/01_Regions/AMP_mCHG_bed/177.bedgraph.gz	maize_ZEAMAP/epigenome/dna_methylation/01_regions/AMP_mCHG_bed/177.bedgraph.gz	92.80KB
https://ftp.cngb.org/pub/CNSA/data3/CNP0001565/zeamap/05_Epigenetics/DNA_Methylation/01_Regions/AMP_mCHG_bed/177.bedgraph.gz.tbi	maize_ZEAMAP/epigenome/dna_methylation/01_regions/AMP_mCHG_bed/177.bedgraph.gz.tbi	79.52KB
https://ftp.cngb.org/pub/CNSA/data3/CNP0001565/zeamap/05_Epigenetics/DNA_Methylation/01_Regions/AMP_mCHG_bed/238.bedgraph.gz	maize_ZEAMAP/epigenome/dna_methylation/01_regions/AMP_mCHG_bed/238.bedgraph.gz	98.28KB
https://ftp.cngb.org/pub/CNSA/data3/CNP0001565/zeamap/05_Epigenetics/DNA_Methylation/01_Regions/AMP_mCHG_bed/238.bedgraph.gz.tbi	maize_ZEAMAP/epigenome/dna_methylation/01_regions/AMP_mCHG_bed/238.bedgraph.gz.tbi	79.68KB
https://ftp.cngb.org/pub/CNSA/data3/CNP0001565/zeamap/05_Epigenetics/DNA_Methylation/01_Regions/AMP_mCHG_bed/268.bedgraph.gz	maize_ZEAMAP/epigenome/dna_methylation/01_regions/AMP_mCHG_bed/268.bedgraph.gz	96.33KB
https://ftp.cngb.org/pub/CNSA/data3/CNP0001565/zeamap/05_Epigenetics/DNA_Methylation/01_Regions/AMP_mCHG_bed/268.bedgraph.gz.tbi	maize_ZEAMAP/epigenome/dna_methylation/01_regions/AMP_mCHG_bed/268.bedgraph.gz.tbi	79.60KB
https://ftp.cngb.org/pub/CNSA/data3/CNP0001565/zeamap/05_Epigenetics/DNA_Methylation/01_Regions/AMP_mCHG_bed/384-2.bedgraph.gz	maize_ZEAMAP/epigenome/dna_methylation/01_regions/AMP_mCHG_bed/384-2.bedgraph.gz	87.47KB
https://ftp.cngb.org/pub/CNSA/data3/CNP0001565/zeamap/05_Epigenetics/DNA_Methylation/01_Regions/AMP_mCHG_bed/384-2.bedgraph.gz.tbi	maize_ZEAMAP/epigenome/dna_methylation/01_regions/AMP_mCHG_bed/384-2.bedgraph.gz.tbi	79.43KB
https://ftp.cngb.org/pub/CNSA/data3/CNP0001565/zeamap/05_Epigenetics/DNA_Methylation/01_Regions/AMP_mCHG_bed/4019.bedgraph.gz	maize_ZEAMAP/epigenome/dna_methylation/01_regions/AMP_mCHG_bed/4019.bedgraph.gz	99.45KB
https://ftp.cngb.org/pub/CNSA/data3/CNP0001565/zeamap/05_Epigenetics/DNA_Methylation/01_Regions/AMP_mCHG_bed/4019.bedgraph.gz.tbi	maize_ZEAMAP/epigenome/dna_methylation/01_regions/AMP_mCHG_bed/4019.bedgraph.gz.tbi	79.72KB
https://ftp.cngb.org/pub/CNSA/data3/CNP0001565/zeamap/05_Epigenetics/DNA_Methylation/01_Regions/AMP_mCHG_bed/4F1.bedgraph.gz	maize_ZEAMAP/epigenome/dna_methylation/01_regions/AMP_mCHG_bed/4F1.bedgraph.gz	99.70KB
https://ftp.cngb.org/pub/CNSA/data3/CNP0001565/zeamap/05_Epigenetics/DNA_Methylation/01_Regions/AMP_mCHG_bed/4F1.bedgraph.gz.tbi	maize_ZEAMAP/epigenome/dna_methylation/01_regions/AMP_mCHG_bed/4F1.bedgraph.gz.tbi	79.66KB
https://ftp.cngb.org/pub/CNSA/data3/CNP0001565/zeamap/05_Epigenetics/DNA_Methylation/01_Regions/AMP_mCHG_bed/501.bedgraph.gz	maize_ZEAMAP/epigenome/dna_methylation/01_regions/AMP_mCHG_bed/501.bedgraph.gz	100.96KB
https://ftp.cngb.org/pub/CNSA/data3/CNP0001565/zeamap/05_Epigenetics/DNA_Methylation/01_Regions/AMP_mCHG_bed/501.bedgraph.gz.tbi	maize_ZEAMAP/epigenome/dna_methylation/01_regions/AMP_mCHG_bed/501.bedgraph.gz.tbi	79.67KB
https://ftp.cngb.org/pub/CNSA/data3/CNP0001565/zeamap/05_Epigenetics/DNA_Methylation/01_Regions/AMP_mCHG_bed/5213.bedgraph.gz	maize_ZEAMAP/epigenome/dna_methylation/01_regions/AMP_mCHG_bed/5213.bedgraph.gz	95.13KB
https://ftp.cngb.org/pub/CNSA/data3/CNP0001565/zeamap/05_Epigenetics/DNA_Methylation/01_Regions/AMP_mCHG_bed/5213.bedgraph.gz.tbi	maize_ZEAMAP/epigenome/dna_methylation/01_regions/AMP_mCHG_bed/5213.bedgraph.gz.tbi	79.56KB
https://ftp.cngb.org/pub/CNSA/data3/CNP0001565/zeamap/05_Epigenetics/DNA_Methylation/01_Regions/AMP_mCHG_bed/7327.bedgraph.gz	maize_ZEAMAP/epigenome/dna_methylation/01_regions/AMP_mCHG_bed/7327.bedgraph.gz	102.69KB
https://ftp.cngb.org/pub/CNSA/data3/CNP0001565/zeamap/05_Epigenetics/DNA_Methylation/01_Regions/AMP_mCHG_bed/7327.bedgraph.gz.tbi	maize_ZEAMAP/epigenome/dna_methylation/01_regions/AMP_mCHG_bed/7327.bedgraph.gz.tbi	79.71KB
https://ftp.cngb.org/pub/CNSA/data3/CNP0001565/zeamap/05_Epigenetics/DNA_Methylation/01_Regions/AMP_mCHG_bed/7381.bedgraph.gz	maize_ZEAMAP/epigenome/dna_methylation/01_regions/AMP_mCHG_bed/7381.bedgraph.gz	89.98KB
https://ftp.cngb.org/pub/CNSA/data3/CNP0001565/zeamap/05_Epigenetics/DNA_Methylation/01_Regions/AMP_mCHG_bed/7381.bedgraph.gz.tbi	maize_ZEAMAP/epigenome/dna_methylation/01_regions/AMP_mCHG_bed/7381.bedgraph.gz.tbi	79.47KB
https://ftp.cngb.org/pub/CNSA/data3/CNP0001565/zeamap/05_Epigenetics/DNA_Methylation/01_Regions/AMP_mCHG_bed/812.bedgraph.gz	maize_ZEAMAP/epigenome/dna_methylation/01_regions/AMP_mCHG_bed/812.bedgraph.gz	102.38KB
https://ftp.cngb.org/pub/CNSA/data3/CNP0001565/zeamap/05_Epigenetics/DNA_Methylation/01_Regions/AMP_mCHG_bed/812.bedgraph.gz.tbi	maize_ZEAMAP/epigenome/dna_methylation/01_regions/AMP_mCHG_bed/812.bedgraph.gz.tbi	79.68KB
https://ftp.cngb.org/pub/CNSA/data3/CNP0001565/zeamap/05_Epigenetics/DNA_Methylation/01_Regions/AMP_mCHG_bed/832.bedgraph.gz	maize_ZEAMAP/epigenome/dna_methylation/01_regions/AMP_mCHG_bed/832.bedgraph.gz	102.47KB
https://ftp.cngb.org/pub/CNSA/data3/CNP0001565/zeamap/05_Epigenetics/DNA_Methylation/01_Regions/AMP_mCHG_bed/832.bedgraph.gz.tbi	maize_ZEAMAP/epigenome/dna_methylation/01_regions/AMP_mCHG_bed/832.bedgraph.gz.tbi	79.73KB
https://ftp.cngb.org/pub/CNSA/data3/CNP0001565/zeamap/05_Epigenetics/DNA_Methylation/01_Regions/AMP_mCHG_bed/835A.bedgraph.gz	maize_ZEAMAP/epigenome/dna_methylation/01_regions/AMP_mCHG_bed/835A.bedgraph.gz	95.58KB
https://ftp.cngb.org/pub/CNSA/data3/CNP0001565/zeamap/05_Epigenetics/DNA_Methylation/01_Regions/AMP_mCHG_bed/835A.bedgraph.gz.tbi	maize_ZEAMAP/epigenome/dna_methylation/01_regions/AMP_mCHG_bed/835A.bedgraph.gz.tbi	79.57KB
https://ftp.cngb.org/pub/CNSA/data3/CNP0001565/zeamap/05_Epigenetics/DNA_Methylation/01_Regions/AMP_mCHG_bed/8902.bedgraph.gz	maize_ZEAMAP/epigenome/dna_methylation/01_regions/AMP_mCHG_bed/8902.bedgraph.gz	98.41KB
https://ftp.cngb.org/pub/CNSA/data3/CNP0001565/zeamap/05_Epigenetics/DNA_Methylation/01_Regions/AMP_mCHG_bed/8902.bedgraph.gz.tbi	maize_ZEAMAP/epigenome/dna_methylation/01_regions/AMP_mCHG_bed/8902.bedgraph.gz.tbi	79.65KB
https://ftp.cngb.org/pub/CNSA/data3/CNP0001565/zeamap/05_Epigenetics/DNA_Methylation/01_Regions/AMP_mCHG_bed/975-12.bedgraph.gz	maize_ZEAMAP/epigenome/dna_methylation/01_regions/AMP_mCHG_bed/975-12.bedgraph.gz	104.41KB
https://ftp.cngb.org/pub/CNSA/data3/CNP0001565/zeamap/05_Epigenetics/DNA_Methylation/01_Regions/AMP_mCHG_bed/975-12.bedgraph.gz.tbi	maize_ZEAMAP/epigenome/dna_methylation/01_regions/AMP_mCHG_bed/975-12.bedgraph.gz.tbi	79.70KB
https://ftp.cngb.org/pub/CNSA/data3/CNP0001565/zeamap/05_Epigenetics/DNA_Methylation/01_Regions/AMP_mCHG_bed/A619.bedgraph.gz	maize_ZEAMAP/epigenome/dna_methylation/01_regions/AMP_mCHG_bed/A619.bedgraph.gz	98.57KB
https://ftp.cngb.org/pub/CNSA/data3/CNP0001565/zeamap/05_Epigenetics/DNA_Methylation/01_Regions/AMP_mCHG_bed/A619.bedgraph.gz.tbi	maize_ZEAMAP/epigenome/dna_methylation/01_regions/AMP_mCHG_bed/A619.bedgraph.gz.tbi	79.62KB
https://ftp.cngb.org/pub/CNSA/data3/CNP0001565/zeamap/05_Epigenetics/DNA_Methylation/01_Regions/AMP_mCHG_bed/B11.bedgraph.gz	maize_ZEAMAP/epigenome/dna_methylation/01_regions/AMP_mCHG_bed/B11.bedgraph.gz	100.93KB
https://ftp.cngb.org/pub/CNSA/data3/CNP0001565/zeamap/05_Epigenetics/DNA_Methylation/01_Regions/AMP_mCHG_bed/B11.bedgraph.gz.tbi	maize_ZEAMAP/epigenome/dna_methylation/01_regions/AMP_mCHG_bed/B11.bedgraph.gz.tbi	79.76KB
https://ftp.cngb.org/pub/CNSA/data3/CNP0001565/zeamap/05_Epigenetics/DNA_Methylation/01_Regions/AMP_mCHG_bed/B110.bedgraph.gz	maize_ZEAMAP/epigenome/dna_methylation/01_regions/AMP_mCHG_bed/B110.bedgraph.gz	101.61KB
https://ftp.cngb.org/pub/CNSA/data3/CNP0001565/zeamap/05_Epigenetics/DNA_Methylation/01_Regions/AMP_mCHG_bed/B110.bedgraph.gz.tbi	maize_ZEAMAP/epigenome/dna_methylation/01_regions/AMP_mCHG_bed/B110.bedgraph.gz.tbi	79.73KB
https://ftp.cngb.org/pub/CNSA/data3/CNP0001565/zeamap/05_Epigenetics/DNA_Methylation/01_Regions/AMP_mCHG_bed/B111.bedgraph.gz	maize_ZEAMAP/epigenome/dna_methylation/01_regions/AMP_mCHG_bed/B111.bedgraph.gz	103.18KB
https://ftp.cngb.org/pub/CNSA/data3/CNP0001565/zeamap/05_Epigenetics/DNA_Methylation/01_Regions/AMP_mCHG_bed/B111.bedgraph.gz.tbi	maize_ZEAMAP/epigenome/dna_methylation/01_regions/AMP_mCHG_bed/B111.bedgraph.gz.tbi	79.75KB
https://ftp.cngb.org/pub/CNSA/data3/CNP0001565/zeamap/05_Epigenetics/DNA_Methylation/01_Regions/AMP_mCHG_bed/B73.bedgraph.gz	maize_ZEAMAP/epigenome/dna_methylation/01_regions/AMP_mCHG_bed/B73.bedgraph.gz	101.04KB
https://ftp.cngb.org/pub/CNSA/data3/CNP0001565/zeamap/05_Epigenetics/DNA_Methylation/01_Regions/AMP_mCHG_bed/B73.bedgraph.gz.tbi	maize_ZEAMAP/epigenome/dna_methylation/01_regions/AMP_mCHG_bed/B73.bedgraph.gz.tbi	79.70KB
https://ftp.cngb.org/pub/CNSA/data3/CNP0001565/zeamap/05_Epigenetics/DNA_Methylation/01_Regions/AMP_mCHG_bed/BEM.bedgraph.gz	maize_ZEAMAP/epigenome/dna_methylation/01_regions/AMP_mCHG_bed/BEM.bedgraph.gz	98.50KB
https://ftp.cngb.org/pub/CNSA/data3/CNP0001565/zeamap/05_Epigenetics/DNA_Methylation/01_Regions/AMP_mCHG_bed/BEM.bedgraph.gz.tbi	maize_ZEAMAP/epigenome/dna_methylation/01_regions/AMP_mCHG_bed/BEM.bedgraph.gz.tbi	79.66KB
https://ftp.cngb.org/pub/CNSA/data3/CNP0001565/zeamap/05_Epigenetics/DNA_Methylation/01_Regions/AMP_mCHG_bed/BS16.bedgraph.gz	maize_ZEAMAP/epigenome/dna_methylation/01_regions/AMP_mCHG_bed/BS16.bedgraph.gz	100.37KB
https://ftp.cngb.org/pub/CNSA/data3/CNP0001565/zeamap/05_Epigenetics/DNA_Methylation/01_Regions/AMP_mCHG_bed/BS16.bedgraph.gz.tbi	maize_ZEAMAP/epigenome/dna_methylation/01_regions/AMP_mCHG_bed/BS16.bedgraph.gz.tbi	79.68KB
https://ftp.cngb.org/pub/CNSA/data3/CNP0001565/zeamap/05_Epigenetics/DNA_Methylation/01_Regions/AMP_mCHG_bed/BY4839.bedgraph.gz	maize_ZEAMAP/epigenome/dna_methylation/01_regions/AMP_mCHG_bed/BY4839.bedgraph.gz	86.18KB
https://ftp.cngb.org/pub/CNSA/data3/CNP0001565/zeamap/05_Epigenetics/DNA_Methylation/01_Regions/AMP_mCHG_bed/BY4839.bedgraph.gz.tbi	maize_ZEAMAP/epigenome/dna_methylation/01_regions/AMP_mCHG_bed/BY4839.bedgraph.gz.tbi	79.39KB
https://ftp.cngb.org/pub/CNSA/data3/CNP0001565/zeamap/05_Epigenetics/DNA_Methylation/01_Regions/AMP_mCHG_bed/BY4944.bedgraph.gz	maize_ZEAMAP/epigenome/dna_methylation/01_regions/AMP_mCHG_bed/BY4944.bedgraph.gz	98.15KB
https://ftp.cngb.org/pub/CNSA/data3/CNP0001565/zeamap/05_Epigenetics/DNA_Methylation/01_Regions/AMP_mCHG_bed/BY4944.bedgraph.gz.tbi	maize_ZEAMAP/epigenome/dna_methylation/01_regions/AMP_mCHG_bed/BY4944.bedgraph.gz.tbi	79.64KB
https://ftp.cngb.org/pub/CNSA/data3/CNP0001565/zeamap/05_Epigenetics/DNA_Methylation/01_Regions/AMP_mCHG_bed/BY4960.bedgraph.gz	maize_ZEAMAP/epigenome/dna_methylation/01_regions/AMP_mCHG_bed/BY4960.bedgraph.gz	97.00KB
https://ftp.cngb.org/pub/CNSA/data3/CNP0001565/zeamap/05_Epigenetics/DNA_Methylation/01_Regions/AMP_mCHG_bed/BY4960.bedgraph.gz.tbi	maize_ZEAMAP/epigenome/dna_methylation/01_regions/AMP_mCHG_bed/BY4960.bedgraph.gz.tbi	79.64KB
https://ftp.cngb.org/pub/CNSA/data3/CNP0001565/zeamap/05_Epigenetics/DNA_Methylation/01_Regions/AMP_mCHG_bed/BY809.bedgraph.gz	maize_ZEAMAP/epigenome/dna_methylation/01_regions/AMP_mCHG_bed/BY809.bedgraph.gz	99.36KB
https://ftp.cngb.org/pub/CNSA/data3/CNP0001565/zeamap/05_Epigenetics/DNA_Methylation/01_Regions/AMP_mCHG_bed/BY809.bedgraph.gz.tbi	maize_ZEAMAP/epigenome/dna_methylation/01_regions/AMP_mCHG_bed/BY809.bedgraph.gz.tbi	79.63KB
https://ftp.cngb.org/pub/CNSA/data3/CNP0001565/zeamap/05_Epigenetics/DNA_Methylation/01_Regions/AMP_mCHG_bed/BY813.bedgraph.gz	maize_ZEAMAP/epigenome/dna_methylation/01_regions/AMP_mCHG_bed/BY813.bedgraph.gz	98.45KB
https://ftp.cngb.org/pub/CNSA/data3/CNP0001565/zeamap/05_Epigenetics/DNA_Methylation/01_Regions/AMP_mCHG_bed/BY813.bedgraph.gz.tbi	maize_ZEAMAP/epigenome/dna_methylation/01_regions/AMP_mCHG_bed/BY813.bedgraph.gz.tbi	79.69KB
https://ftp.cngb.org/pub/CNSA/data3/CNP0001565/zeamap/05_Epigenetics/DNA_Methylation/01_Regions/AMP_mCHG_bed/BY815.bedgraph.gz	maize_ZEAMAP/epigenome/dna_methylation/01_regions/AMP_mCHG_bed/BY815.bedgraph.gz	101.17KB
https://ftp.cngb.org/pub/CNSA/data3/CNP0001565/zeamap/05_Epigenetics/DNA_Methylation/01_Regions/AMP_mCHG_bed/BY815.bedgraph.gz.tbi	maize_ZEAMAP/epigenome/dna_methylation/01_regions/AMP_mCHG_bed/BY815.bedgraph.gz.tbi	79.71KB
https://ftp.cngb.org/pub/CNSA/data3/CNP0001565/zeamap/05_Epigenetics/DNA_Methylation/01_Regions/AMP_mCHG_bed/BY855.bedgraph.gz	maize_ZEAMAP/epigenome/dna_methylation/01_regions/AMP_mCHG_bed/BY855.bedgraph.gz	101.46KB
https://ftp.cngb.org/pub/CNSA/data3/CNP0001565/zeamap/05_Epigenetics/DNA_Methylation/01_Regions/AMP_mCHG_bed/BY855.bedgraph.gz.tbi	maize_ZEAMAP/epigenome/dna_methylation/01_regions/AMP_mCHG_bed/BY855.bedgraph.gz.tbi	79.73KB
https://ftp.cngb.org/pub/CNSA/data3/CNP0001565/zeamap/05_Epigenetics/DNA_Methylation/01_Regions/AMP_mCHG_bed/CF3.bedgraph.gz	maize_ZEAMAP/epigenome/dna_methylation/01_regions/AMP_mCHG_bed/CF3.bedgraph.gz	102.53KB
https://ftp.cngb.org/pub/CNSA/data3/CNP0001565/zeamap/05_Epigenetics/DNA_Methylation/01_Regions/AMP_mCHG_bed/CF3.bedgraph.gz.tbi	maize_ZEAMAP/epigenome/dna_methylation/01_regions/AMP_mCHG_bed/CF3.bedgraph.gz.tbi	79.70KB
https://ftp.cngb.org/pub/CNSA/data3/CNP0001565/zeamap/05_Epigenetics/DNA_Methylation/01_Regions/AMP_mCHG_bed/CHENG698.bedgraph.gz	maize_ZEAMAP/epigenome/dna_methylation/01_regions/AMP_mCHG_bed/CHENG698.bedgraph.gz	101.28KB
https://ftp.cngb.org/pub/CNSA/data3/CNP0001565/zeamap/05_Epigenetics/DNA_Methylation/01_Regions/AMP_mCHG_bed/CHENG698.bedgraph.gz.tbi	maize_ZEAMAP/epigenome/dna_methylation/01_regions/AMP_mCHG_bed/CHENG698.bedgraph.gz.tbi	79.72KB
https://ftp.cngb.org/pub/CNSA/data3/CNP0001565/zeamap/05_Epigenetics/DNA_Methylation/01_Regions/AMP_mCHG_bed/CIMBL10.bedgraph.gz	maize_ZEAMAP/epigenome/dna_methylation/01_regions/AMP_mCHG_bed/CIMBL10.bedgraph.gz	100.92KB
https://ftp.cngb.org/pub/CNSA/data3/CNP0001565/zeamap/05_Epigenetics/DNA_Methylation/01_Regions/AMP_mCHG_bed/CIMBL10.bedgraph.gz.tbi	maize_ZEAMAP/epigenome/dna_methylation/01_regions/AMP_mCHG_bed/CIMBL10.bedgraph.gz.tbi	79.69KB
https://ftp.cngb.org/pub/CNSA/data3/CNP0001565/zeamap/05_Epigenetics/DNA_Methylation/01_Regions/AMP_mCHG_bed/CIMBL105.bedgraph.gz	maize_ZEAMAP/epigenome/dna_methylation/01_regions/AMP_mCHG_bed/CIMBL105.bedgraph.gz	99.48KB
https://ftp.cngb.org/pub/CNSA/data3/CNP0001565/zeamap/05_Epigenetics/DNA_Methylation/01_Regions/AMP_mCHG_bed/CIMBL105.bedgraph.gz.tbi	maize_ZEAMAP/epigenome/dna_methylation/01_regions/AMP_mCHG_bed/CIMBL105.bedgraph.gz.tbi	79.74KB
https://ftp.cngb.org/pub/CNSA/data3/CNP0001565/zeamap/05_Epigenetics/DNA_Methylation/01_Regions/AMP_mCHG_bed/CIMBL107.bedgraph.gz	maize_ZEAMAP/epigenome/dna_methylation/01_regions/AMP_mCHG_bed/CIMBL107.bedgraph.gz	100.50KB
https://ftp.cngb.org/pub/CNSA/data3/CNP0001565/zeamap/05_Epigenetics/DNA_Methylation/01_Regions/AMP_mCHG_bed/CIMBL107.bedgraph.gz.tbi	maize_ZEAMAP/epigenome/dna_methylation/01_regions/AMP_mCHG_bed/CIMBL107.bedgraph.gz.tbi	79.66KB
https://ftp.cngb.org/pub/CNSA/data3/CNP0001565/zeamap/05_Epigenetics/DNA_Methylation/01_Regions/AMP_mCHG_bed/CIMBL108.bedgraph.gz	maize_ZEAMAP/epigenome/dna_methylation/01_regions/AMP_mCHG_bed/CIMBL108.bedgraph.gz	100.09KB
https://ftp.cngb.org/pub/CNSA/data3/CNP0001565/zeamap/05_Epigenetics/DNA_Methylation/01_Regions/AMP_mCHG_bed/CIMBL108.bedgraph.gz.tbi	maize_ZEAMAP/epigenome/dna_methylation/01_regions/AMP_mCHG_bed/CIMBL108.bedgraph.gz.tbi	79.69KB
https://ftp.cngb.org/pub/CNSA/data3/CNP0001565/zeamap/05_Epigenetics/DNA_Methylation/01_Regions/AMP_mCHG_bed/CIMBL109.bedgraph.gz	maize_ZEAMAP/epigenome/dna_methylation/01_regions/AMP_mCHG_bed/CIMBL109.bedgraph.gz	100.04KB
https://ftp.cngb.org/pub/CNSA/data3/CNP0001565/zeamap/05_Epigenetics/DNA_Methylation/01_Regions/AMP_mCHG_bed/CIMBL109.bedgraph.gz.tbi	maize_ZEAMAP/epigenome/dna_methylation/01_regions/AMP_mCHG_bed/CIMBL109.bedgraph.gz.tbi	79.67KB
https://ftp.cngb.org/pub/CNSA/data3/CNP0001565/zeamap/05_Epigenetics/DNA_Methylation/01_Regions/AMP_mCHG_bed/CIMBL11.bedgraph.gz	maize_ZEAMAP/epigenome/dna_methylation/01_regions/AMP_mCHG_bed/CIMBL11.bedgraph.gz	100.55KB
https://ftp.cngb.org/pub/CNSA/data3/CNP0001565/zeamap/05_Epigenetics/DNA_Methylation/01_Regions/AMP_mCHG_bed/CIMBL11.bedgraph.gz.tbi	maize_ZEAMAP/epigenome/dna_methylation/01_regions/AMP_mCHG_bed/CIMBL11.bedgraph.gz.tbi	79.68KB
https://ftp.cngb.org/pub/CNSA/data3/CNP0001565/zeamap/05_Epigenetics/DNA_Methylation/01_Regions/AMP_mCHG_bed/CIMBL110.bedgraph.gz	maize_ZEAMAP/epigenome/dna_methylation/01_regions/AMP_mCHG_bed/CIMBL110.bedgraph.gz	94.25KB
https://ftp.cngb.org/pub/CNSA/data3/CNP0001565/zeamap/05_Epigenetics/DNA_Methylation/01_Regions/AMP_mCHG_bed/CIMBL110.bedgraph.gz.tbi	maize_ZEAMAP/epigenome/dna_methylation/01_regions/AMP_mCHG_bed/CIMBL110.bedgraph.gz.tbi	79.59KB
https://ftp.cngb.org/pub/CNSA/data3/CNP0001565/zeamap/05_Epigenetics/DNA_Methylation/01_Regions/AMP_mCHG_bed/CIMBL112.bedgraph.gz	maize_ZEAMAP/epigenome/dna_methylation/01_regions/AMP_mCHG_bed/CIMBL112.bedgraph.gz	95.85KB
https://ftp.cngb.org/pub/CNSA/data3/CNP0001565/zeamap/05_Epigenetics/DNA_Methylation/01_Regions/AMP_mCHG_bed/CIMBL112.bedgraph.gz.tbi	maize_ZEAMAP/epigenome/dna_methylation/01_regions/AMP_mCHG_bed/CIMBL112.bedgraph.gz.tbi	79.61KB
https://ftp.cngb.org/pub/CNSA/data3/CNP0001565/zeamap/05_Epigenetics/DNA_Methylation/01_Regions/AMP_mCHG_bed/CIMBL114.bedgraph.gz	maize_ZEAMAP/epigenome/dna_methylation/01_regions/AMP_mCHG_bed/CIMBL114.bedgraph.gz	102.86KB
https://ftp.cngb.org/pub/CNSA/data3/CNP0001565/zeamap/05_Epigenetics/DNA_Methylation/01_Regions/AMP_mCHG_bed/CIMBL114.bedgraph.gz.tbi	maize_ZEAMAP/epigenome/dna_methylation/01_regions/AMP_mCHG_bed/CIMBL114.bedgraph.gz.tbi	79.70KB
https://ftp.cngb.org/pub/CNSA/data3/CNP0001565/zeamap/05_Epigenetics/DNA_Methylation/01_Regions/AMP_mCHG_bed/CIMBL116.bedgraph.gz	maize_ZEAMAP/epigenome/dna_methylation/01_regions/AMP_mCHG_bed/CIMBL116.bedgraph.gz	99.84KB
https://ftp.cngb.org/pub/CNSA/data3/CNP0001565/zeamap/05_Epigenetics/DNA_Methylation/01_Regions/AMP_mCHG_bed/CIMBL116.bedgraph.gz.tbi	maize_ZEAMAP/epigenome/dna_methylation/01_regions/AMP_mCHG_bed/CIMBL116.bedgraph.gz.tbi	79.64KB
https://ftp.cngb.org/pub/CNSA/data3/CNP0001565/zeamap/05_Epigenetics/DNA_Methylation/01_Regions/AMP_mCHG_bed/CIMBL12.bedgraph.gz	maize_ZEAMAP/epigenome/dna_methylation/01_regions/AMP_mCHG_bed/CIMBL12.bedgraph.gz	102.56KB
https://ftp.cngb.org/pub/CNSA/data3/CNP0001565/zeamap/05_Epigenetics/DNA_Methylation/01_Regions/AMP_mCHG_bed/CIMBL12.bedgraph.gz.tbi	maize_ZEAMAP/epigenome/dna_methylation/01_regions/AMP_mCHG_bed/CIMBL12.bedgraph.gz.tbi	79.79KB
https://ftp.cngb.org/pub/CNSA/data3/CNP0001565/zeamap/05_Epigenetics/DNA_Methylation/01_Regions/AMP_mCHG_bed/CIMBL125.bedgraph.gz	maize_ZEAMAP/epigenome/dna_methylation/01_regions/AMP_mCHG_bed/CIMBL125.bedgraph.gz	102.03KB
https://ftp.cngb.org/pub/CNSA/data3/CNP0001565/zeamap/05_Epigenetics/DNA_Methylation/01_Regions/AMP_mCHG_bed/CIMBL125.bedgraph.gz.tbi	maize_ZEAMAP/epigenome/dna_methylation/01_regions/AMP_mCHG_bed/CIMBL125.bedgraph.gz.tbi	79.72KB
https://ftp.cngb.org/pub/CNSA/data3/CNP0001565/zeamap/05_Epigenetics/DNA_Methylation/01_Regions/AMP_mCHG_bed/CIMBL126.bedgraph.gz	maize_ZEAMAP/epigenome/dna_methylation/01_regions/AMP_mCHG_bed/CIMBL126.bedgraph.gz	100.99KB
https://ftp.cngb.org/pub/CNSA/data3/CNP0001565/zeamap/05_Epigenetics/DNA_Methylation/01_Regions/AMP_mCHG_bed/CIMBL126.bedgraph.gz.tbi	maize_ZEAMAP/epigenome/dna_methylation/01_regions/AMP_mCHG_bed/CIMBL126.bedgraph.gz.tbi	79.72KB
https://ftp.cngb.org/pub/CNSA/data3/CNP0001565/zeamap/05_Epigenetics/DNA_Methylation/01_Regions/AMP_mCHG_bed/CIMBL127.bedgraph.gz	maize_ZEAMAP/epigenome/dna_methylation/01_regions/AMP_mCHG_bed/CIMBL127.bedgraph.gz	99.42KB
https://ftp.cngb.org/pub/CNSA/data3/CNP0001565/zeamap/05_Epigenetics/DNA_Methylation/01_Regions/AMP_mCHG_bed/CIMBL127.bedgraph.gz.tbi	maize_ZEAMAP/epigenome/dna_methylation/01_regions/AMP_mCHG_bed/CIMBL127.bedgraph.gz.tbi	79.73KB
https://ftp.cngb.org/pub/CNSA/data3/CNP0001565/zeamap/05_Epigenetics/DNA_Methylation/01_Regions/AMP_mCHG_bed/CIMBL129.bedgraph.gz	maize_ZEAMAP/epigenome/dna_methylation/01_regions/AMP_mCHG_bed/CIMBL129.bedgraph.gz	99.88KB
https://ftp.cngb.org/pub/CNSA/data3/CNP0001565/zeamap/05_Epigenetics/DNA_Methylation/01_Regions/AMP_mCHG_bed/CIMBL129.bedgraph.gz.tbi	maize_ZEAMAP/epigenome/dna_methylation/01_regions/AMP_mCHG_bed/CIMBL129.bedgraph.gz.tbi	79.68KB
https://ftp.cngb.org/pub/CNSA/data3/CNP0001565/zeamap/05_Epigenetics/DNA_Methylation/01_Regions/AMP_mCHG_bed/CIMBL13.bedgraph.gz	maize_ZEAMAP/epigenome/dna_methylation/01_regions/AMP_mCHG_bed/CIMBL13.bedgraph.gz	99.65KB
https://ftp.cngb.org/pub/CNSA/data3/CNP0001565/zeamap/05_Epigenetics/DNA_Methylation/01_Regions/AMP_mCHG_bed/CIMBL13.bedgraph.gz.tbi	maize_ZEAMAP/epigenome/dna_methylation/01_regions/AMP_mCHG_bed/CIMBL13.bedgraph.gz.tbi	79.65KB
https://ftp.cngb.org/pub/CNSA/data3/CNP0001565/zeamap/05_Epigenetics/DNA_Methylation/01_Regions/AMP_mCHG_bed/CIMBL130.bedgraph.gz	maize_ZEAMAP/epigenome/dna_methylation/01_regions/AMP_mCHG_bed/CIMBL130.bedgraph.gz	101.76KB
https://ftp.cngb.org/pub/CNSA/data3/CNP0001565/zeamap/05_Epigenetics/DNA_Methylation/01_Regions/AMP_mCHG_bed/CIMBL130.bedgraph.gz.tbi	maize_ZEAMAP/epigenome/dna_methylation/01_regions/AMP_mCHG_bed/CIMBL130.bedgraph.gz.tbi	79.69KB
https://ftp.cngb.org/pub/CNSA/data3/CNP0001565/zeamap/05_Epigenetics/DNA_Methylation/01_Regions/AMP_mCHG_bed/CIMBL131.bedgraph.gz	maize_ZEAMAP/epigenome/dna_methylation/01_regions/AMP_mCHG_bed/CIMBL131.bedgraph.gz	98.97KB
https://ftp.cngb.org/pub/CNSA/data3/CNP0001565/zeamap/05_Epigenetics/DNA_Methylation/01_Regions/AMP_mCHG_bed/CIMBL131.bedgraph.gz.tbi	maize_ZEAMAP/epigenome/dna_methylation/01_regions/AMP_mCHG_bed/CIMBL131.bedgraph.gz.tbi	79.68KB
https://ftp.cngb.org/pub/CNSA/data3/CNP0001565/zeamap/05_Epigenetics/DNA_Methylation/01_Regions/AMP_mCHG_bed/CIMBL133.bedgraph.gz	maize_ZEAMAP/epigenome/dna_methylation/01_regions/AMP_mCHG_bed/CIMBL133.bedgraph.gz	102.69KB
https://ftp.cngb.org/pub/CNSA/data3/CNP0001565/zeamap/05_Epigenetics/DNA_Methylation/01_Regions/AMP_mCHG_bed/CIMBL133.bedgraph.gz.tbi	maize_ZEAMAP/epigenome/dna_methylation/01_regions/AMP_mCHG_bed/CIMBL133.bedgraph.gz.tbi	79.73KB
https://ftp.cngb.org/pub/CNSA/data3/CNP0001565/zeamap/05_Epigenetics/DNA_Methylation/01_Regions/AMP_mCHG_bed/CIMBL137.bedgraph.gz	maize_ZEAMAP/epigenome/dna_methylation/01_regions/AMP_mCHG_bed/CIMBL137.bedgraph.gz	85.10KB
https://ftp.cngb.org/pub/CNSA/data3/CNP0001565/zeamap/05_Epigenetics/DNA_Methylation/01_Regions/AMP_mCHG_bed/CIMBL137.bedgraph.gz.tbi	maize_ZEAMAP/epigenome/dna_methylation/01_regions/AMP_mCHG_bed/CIMBL137.bedgraph.gz.tbi	79.42KB
https://ftp.cngb.org/pub/CNSA/data3/CNP0001565/zeamap/05_Epigenetics/DNA_Methylation/01_Regions/AMP_mCHG_bed/CIMBL138.bedgraph.gz	maize_ZEAMAP/epigenome/dna_methylation/01_regions/AMP_mCHG_bed/CIMBL138.bedgraph.gz	89.02KB
https://ftp.cngb.org/pub/CNSA/data3/CNP0001565/zeamap/05_Epigenetics/DNA_Methylation/01_Regions/AMP_mCHG_bed/CIMBL138.bedgraph.gz.tbi	maize_ZEAMAP/epigenome/dna_methylation/01_regions/AMP_mCHG_bed/CIMBL138.bedgraph.gz.tbi	79.48KB
https://ftp.cngb.org/pub/CNSA/data3/CNP0001565/zeamap/05_Epigenetics/DNA_Methylation/01_Regions/AMP_mCHG_bed/CIMBL14.bedgraph.gz	maize_ZEAMAP/epigenome/dna_methylation/01_regions/AMP_mCHG_bed/CIMBL14.bedgraph.gz	99.84KB
https://ftp.cngb.org/pub/CNSA/data3/CNP0001565/zeamap/05_Epigenetics/DNA_Methylation/01_Regions/AMP_mCHG_bed/CIMBL14.bedgraph.gz.tbi	maize_ZEAMAP/epigenome/dna_methylation/01_regions/AMP_mCHG_bed/CIMBL14.bedgraph.gz.tbi	79.68KB
https://ftp.cngb.org/pub/CNSA/data3/CNP0001565/zeamap/05_Epigenetics/DNA_Methylation/01_Regions/AMP_mCHG_bed/CIMBL140.bedgraph.gz	maize_ZEAMAP/epigenome/dna_methylation/01_regions/AMP_mCHG_bed/CIMBL140.bedgraph.gz	87.30KB
https://ftp.cngb.org/pub/CNSA/data3/CNP0001565/zeamap/05_Epigenetics/DNA_Methylation/01_Regions/AMP_mCHG_bed/CIMBL140.bedgraph.gz.tbi	maize_ZEAMAP/epigenome/dna_methylation/01_regions/AMP_mCHG_bed/CIMBL140.bedgraph.gz.tbi	79.42KB
https://ftp.cngb.org/pub/CNSA/data3/CNP0001565/zeamap/05_Epigenetics/DNA_Methylation/01_Regions/AMP_mCHG_bed/CIMBL141.bedgraph.gz	maize_ZEAMAP/epigenome/dna_methylation/01_regions/AMP_mCHG_bed/CIMBL141.bedgraph.gz	102.65KB
https://ftp.cngb.org/pub/CNSA/data3/CNP0001565/zeamap/05_Epigenetics/DNA_Methylation/01_Regions/AMP_mCHG_bed/CIMBL141.bedgraph.gz.tbi	maize_ZEAMAP/epigenome/dna_methylation/01_regions/AMP_mCHG_bed/CIMBL141.bedgraph.gz.tbi	79.70KB
https://ftp.cngb.org/pub/CNSA/data3/CNP0001565/zeamap/05_Epigenetics/DNA_Methylation/01_Regions/AMP_mCHG_bed/CIMBL145.bedgraph.gz	maize_ZEAMAP/epigenome/dna_methylation/01_regions/AMP_mCHG_bed/CIMBL145.bedgraph.gz	99.50KB
https://ftp.cngb.org/pub/CNSA/data3/CNP0001565/zeamap/05_Epigenetics/DNA_Methylation/01_Regions/AMP_mCHG_bed/CIMBL145.bedgraph.gz.tbi	maize_ZEAMAP/epigenome/dna_methylation/01_regions/AMP_mCHG_bed/CIMBL145.bedgraph.gz.tbi	79.66KB
https://ftp.cngb.org/pub/CNSA/data3/CNP0001565/zeamap/05_Epigenetics/DNA_Methylation/01_Regions/AMP_mCHG_bed/CIMBL148.bedgraph.gz	maize_ZEAMAP/epigenome/dna_methylation/01_regions/AMP_mCHG_bed/CIMBL148.bedgraph.gz	93.47KB
https://ftp.cngb.org/pub/CNSA/data3/CNP0001565/zeamap/05_Epigenetics/DNA_Methylation/01_Regions/AMP_mCHG_bed/CIMBL148.bedgraph.gz.tbi	maize_ZEAMAP/epigenome/dna_methylation/01_regions/AMP_mCHG_bed/CIMBL148.bedgraph.gz.tbi	79.50KB
https://ftp.cngb.org/pub/CNSA/data3/CNP0001565/zeamap/05_Epigenetics/DNA_Methylation/01_Regions/AMP_mCHG_bed/CIMBL150.bedgraph.gz	maize_ZEAMAP/epigenome/dna_methylation/01_regions/AMP_mCHG_bed/CIMBL150.bedgraph.gz	102.93KB
https://ftp.cngb.org/pub/CNSA/data3/CNP0001565/zeamap/05_Epigenetics/DNA_Methylation/01_Regions/AMP_mCHG_bed/CIMBL150.bedgraph.gz.tbi	maize_ZEAMAP/epigenome/dna_methylation/01_regions/AMP_mCHG_bed/CIMBL150.bedgraph.gz.tbi	79.77KB
https://ftp.cngb.org/pub/CNSA/data3/CNP0001565/zeamap/05_Epigenetics/DNA_Methylation/01_Regions/AMP_mCHG_bed/CIMBL151.bedgraph.gz	maize_ZEAMAP/epigenome/dna_methylation/01_regions/AMP_mCHG_bed/CIMBL151.bedgraph.gz	102.64KB
https://ftp.cngb.org/pub/CNSA/data3/CNP0001565/zeamap/05_Epigenetics/DNA_Methylation/01_Regions/AMP_mCHG_bed/CIMBL151.bedgraph.gz.tbi	maize_ZEAMAP/epigenome/dna_methylation/01_regions/AMP_mCHG_bed/CIMBL151.bedgraph.gz.tbi	79.76KB
https://ftp.cngb.org/pub/CNSA/data3/CNP0001565/zeamap/05_Epigenetics/DNA_Methylation/01_Regions/AMP_mCHG_bed/CIMBL152.bedgraph.gz	maize_ZEAMAP/epigenome/dna_methylation/01_regions/AMP_mCHG_bed/CIMBL152.bedgraph.gz	98.16KB
https://ftp.cngb.org/pub/CNSA/data3/CNP0001565/zeamap/05_Epigenetics/DNA_Methylation/01_Regions/AMP_mCHG_bed/CIMBL152.bedgraph.gz.tbi	maize_ZEAMAP/epigenome/dna_methylation/01_regions/AMP_mCHG_bed/CIMBL152.bedgraph.gz.tbi	79.58KB
https://ftp.cngb.org/pub/CNSA/data3/CNP0001565/zeamap/05_Epigenetics/DNA_Methylation/01_Regions/AMP_mCHG_bed/CIMBL154.bedgraph.gz	maize_ZEAMAP/epigenome/dna_methylation/01_regions/AMP_mCHG_bed/CIMBL154.bedgraph.gz	96.37KB
https://ftp.cngb.org/pub/CNSA/data3/CNP0001565/zeamap/05_Epigenetics/DNA_Methylation/01_Regions/AMP_mCHG_bed/CIMBL154.bedgraph.gz.tbi	maize_ZEAMAP/epigenome/dna_methylation/01_regions/AMP_mCHG_bed/CIMBL154.bedgraph.gz.tbi	79.63KB
https://ftp.cngb.org/pub/CNSA/data3/CNP0001565/zeamap/05_Epigenetics/DNA_Methylation/01_Regions/AMP_mCHG_bed/CIMBL155.bedgraph.gz	maize_ZEAMAP/epigenome/dna_methylation/01_regions/AMP_mCHG_bed/CIMBL155.bedgraph.gz	93.79KB
https://ftp.cngb.org/pub/CNSA/data3/CNP0001565/zeamap/05_Epigenetics/DNA_Methylation/01_Regions/AMP_mCHG_bed/CIMBL155.bedgraph.gz.tbi	maize_ZEAMAP/epigenome/dna_methylation/01_regions/AMP_mCHG_bed/CIMBL155.bedgraph.gz.tbi	79.56KB
https://ftp.cngb.org/pub/CNSA/data3/CNP0001565/zeamap/05_Epigenetics/DNA_Methylation/01_Regions/AMP_mCHG_bed/CIMBL17.bedgraph.gz	maize_ZEAMAP/epigenome/dna_methylation/01_regions/AMP_mCHG_bed/CIMBL17.bedgraph.gz	103.02KB
https://ftp.cngb.org/pub/CNSA/data3/CNP0001565/zeamap/05_Epigenetics/DNA_Methylation/01_Regions/AMP_mCHG_bed/CIMBL17.bedgraph.gz.tbi	maize_ZEAMAP/epigenome/dna_methylation/01_regions/AMP_mCHG_bed/CIMBL17.bedgraph.gz.tbi	79.70KB
https://ftp.cngb.org/pub/CNSA/data3/CNP0001565/zeamap/05_Epigenetics/DNA_Methylation/01_Regions/AMP_mCHG_bed/CIMBL18.bedgraph.gz	maize_ZEAMAP/epigenome/dna_methylation/01_regions/AMP_mCHG_bed/CIMBL18.bedgraph.gz	102.09KB
https://ftp.cngb.org/pub/CNSA/data3/CNP0001565/zeamap/05_Epigenetics/DNA_Methylation/01_Regions/AMP_mCHG_bed/CIMBL18.bedgraph.gz.tbi	maize_ZEAMAP/epigenome/dna_methylation/01_regions/AMP_mCHG_bed/CIMBL18.bedgraph.gz.tbi	79.74KB
https://ftp.cngb.org/pub/CNSA/data3/CNP0001565/zeamap/05_Epigenetics/DNA_Methylation/01_Regions/AMP_mCHG_bed/CIMBL2.bedgraph.gz	maize_ZEAMAP/epigenome/dna_methylation/01_regions/AMP_mCHG_bed/CIMBL2.bedgraph.gz	101.70KB
https://ftp.cngb.org/pub/CNSA/data3/CNP0001565/zeamap/05_Epigenetics/DNA_Methylation/01_Regions/AMP_mCHG_bed/CIMBL2.bedgraph.gz.tbi	maize_ZEAMAP/epigenome/dna_methylation/01_regions/AMP_mCHG_bed/CIMBL2.bedgraph.gz.tbi	79.71KB
https://ftp.cngb.org/pub/CNSA/data3/CNP0001565/zeamap/05_Epigenetics/DNA_Methylation/01_Regions/AMP_mCHG_bed/CIMBL20.bedgraph.gz	maize_ZEAMAP/epigenome/dna_methylation/01_regions/AMP_mCHG_bed/CIMBL20.bedgraph.gz	85.16KB
https://ftp.cngb.org/pub/CNSA/data3/CNP0001565/zeamap/05_Epigenetics/DNA_Methylation/01_Regions/AMP_mCHG_bed/CIMBL20.bedgraph.gz.tbi	maize_ZEAMAP/epigenome/dna_methylation/01_regions/AMP_mCHG_bed/CIMBL20.bedgraph.gz.tbi	79.36KB
https://ftp.cngb.org/pub/CNSA/data3/CNP0001565/zeamap/05_Epigenetics/DNA_Methylation/01_Regions/AMP_mCHG_bed/CIMBL22.bedgraph.gz	maize_ZEAMAP/epigenome/dna_methylation/01_regions/AMP_mCHG_bed/CIMBL22.bedgraph.gz	102.63KB
https://ftp.cngb.org/pub/CNSA/data3/CNP0001565/zeamap/05_Epigenetics/DNA_Methylation/01_Regions/AMP_mCHG_bed/CIMBL22.bedgraph.gz.tbi	maize_ZEAMAP/epigenome/dna_methylation/01_regions/AMP_mCHG_bed/CIMBL22.bedgraph.gz.tbi	79.79KB
https://ftp.cngb.org/pub/CNSA/data3/CNP0001565/zeamap/05_Epigenetics/DNA_Methylation/01_Regions/AMP_mCHG_bed/CIMBL23.bedgraph.gz	maize_ZEAMAP/epigenome/dna_methylation/01_regions/AMP_mCHG_bed/CIMBL23.bedgraph.gz	98.86KB
https://ftp.cngb.org/pub/CNSA/data3/CNP0001565/zeamap/05_Epigenetics/DNA_Methylation/01_Regions/AMP_mCHG_bed/CIMBL23.bedgraph.gz.tbi	maize_ZEAMAP/epigenome/dna_methylation/01_regions/AMP_mCHG_bed/CIMBL23.bedgraph.gz.tbi	79.71KB
https://ftp.cngb.org/pub/CNSA/data3/CNP0001565/zeamap/05_Epigenetics/DNA_Methylation/01_Regions/AMP_mCHG_bed/CIMBL25.bedgraph.gz	maize_ZEAMAP/epigenome/dna_methylation/01_regions/AMP_mCHG_bed/CIMBL25.bedgraph.gz	103.42KB
https://ftp.cngb.org/pub/CNSA/data3/CNP0001565/zeamap/05_Epigenetics/DNA_Methylation/01_Regions/AMP_mCHG_bed/CIMBL25.bedgraph.gz.tbi	maize_ZEAMAP/epigenome/dna_methylation/01_regions/AMP_mCHG_bed/CIMBL25.bedgraph.gz.tbi	79.76KB
https://ftp.cngb.org/pub/CNSA/data3/CNP0001565/zeamap/05_Epigenetics/DNA_Methylation/01_Regions/AMP_mCHG_bed/CIMBL28.bedgraph.gz	maize_ZEAMAP/epigenome/dna_methylation/01_regions/AMP_mCHG_bed/CIMBL28.bedgraph.gz	103.65KB
https://ftp.cngb.org/pub/CNSA/data3/CNP0001565/zeamap/05_Epigenetics/DNA_Methylation/01_Regions/AMP_mCHG_bed/CIMBL28.bedgraph.gz.tbi	maize_ZEAMAP/epigenome/dna_methylation/01_regions/AMP_mCHG_bed/CIMBL28.bedgraph.gz.tbi	79.76KB
https://ftp.cngb.org/pub/CNSA/data3/CNP0001565/zeamap/05_Epigenetics/DNA_Methylation/01_Regions/AMP_mCHG_bed/CIMBL29.bedgraph.gz	maize_ZEAMAP/epigenome/dna_methylation/01_regions/AMP_mCHG_bed/CIMBL29.bedgraph.gz	100.04KB
https://ftp.cngb.org/pub/CNSA/data3/CNP0001565/zeamap/05_Epigenetics/DNA_Methylation/01_Regions/AMP_mCHG_bed/CIMBL29.bedgraph.gz.tbi	maize_ZEAMAP/epigenome/dna_methylation/01_regions/AMP_mCHG_bed/CIMBL29.bedgraph.gz.tbi	79.69KB
https://ftp.cngb.org/pub/CNSA/data3/CNP0001565/zeamap/05_Epigenetics/DNA_Methylation/01_Regions/AMP_mCHG_bed/CIMBL3.bedgraph.gz	maize_ZEAMAP/epigenome/dna_methylation/01_regions/AMP_mCHG_bed/CIMBL3.bedgraph.gz	100.07KB
https://ftp.cngb.org/pub/CNSA/data3/CNP0001565/zeamap/05_Epigenetics/DNA_Methylation/01_Regions/AMP_mCHG_bed/CIMBL3.bedgraph.gz.tbi	maize_ZEAMAP/epigenome/dna_methylation/01_regions/AMP_mCHG_bed/CIMBL3.bedgraph.gz.tbi	79.70KB
https://ftp.cngb.org/pub/CNSA/data3/CNP0001565/zeamap/05_Epigenetics/DNA_Methylation/01_Regions/AMP_mCHG_bed/CIMBL33.bedgraph.gz	maize_ZEAMAP/epigenome/dna_methylation/01_regions/AMP_mCHG_bed/CIMBL33.bedgraph.gz	95.33KB
https://ftp.cngb.org/pub/CNSA/data3/CNP0001565/zeamap/05_Epigenetics/DNA_Methylation/01_Regions/AMP_mCHG_bed/CIMBL33.bedgraph.gz.tbi	maize_ZEAMAP/epigenome/dna_methylation/01_regions/AMP_mCHG_bed/CIMBL33.bedgraph.gz.tbi	79.58KB
https://ftp.cngb.org/pub/CNSA/data3/CNP0001565/zeamap/05_Epigenetics/DNA_Methylation/01_Regions/AMP_mCHG_bed/CIMBL37.bedgraph.gz	maize_ZEAMAP/epigenome/dna_methylation/01_regions/AMP_mCHG_bed/CIMBL37.bedgraph.gz	100.94KB
https://ftp.cngb.org/pub/CNSA/data3/CNP0001565/zeamap/05_Epigenetics/DNA_Methylation/01_Regions/AMP_mCHG_bed/CIMBL37.bedgraph.gz.tbi	maize_ZEAMAP/epigenome/dna_methylation/01_regions/AMP_mCHG_bed/CIMBL37.bedgraph.gz.tbi	79.69KB
https://ftp.cngb.org/pub/CNSA/data3/CNP0001565/zeamap/05_Epigenetics/DNA_Methylation/01_Regions/AMP_mCHG_bed/CIMBL39.bedgraph.gz	maize_ZEAMAP/epigenome/dna_methylation/01_regions/AMP_mCHG_bed/CIMBL39.bedgraph.gz	91.85KB
https://ftp.cngb.org/pub/CNSA/data3/CNP0001565/zeamap/05_Epigenetics/DNA_Methylation/01_Regions/AMP_mCHG_bed/CIMBL39.bedgraph.gz.tbi	maize_ZEAMAP/epigenome/dna_methylation/01_regions/AMP_mCHG_bed/CIMBL39.bedgraph.gz.tbi	79.47KB
https://ftp.cngb.org/pub/CNSA/data3/CNP0001565/zeamap/05_Epigenetics/DNA_Methylation/01_Regions/AMP_mCHG_bed/CIMBL4.bedgraph.gz	maize_ZEAMAP/epigenome/dna_methylation/01_regions/AMP_mCHG_bed/CIMBL4.bedgraph.gz	98.36KB
https://ftp.cngb.org/pub/CNSA/data3/CNP0001565/zeamap/05_Epigenetics/DNA_Methylation/01_Regions/AMP_mCHG_bed/CIMBL4.bedgraph.gz.tbi	maize_ZEAMAP/epigenome/dna_methylation/01_regions/AMP_mCHG_bed/CIMBL4.bedgraph.gz.tbi	79.68KB
https://ftp.cngb.org/pub/CNSA/data3/CNP0001565/zeamap/05_Epigenetics/DNA_Methylation/01_Regions/AMP_mCHG_bed/CIMBL40.bedgraph.gz	maize_ZEAMAP/epigenome/dna_methylation/01_regions/AMP_mCHG_bed/CIMBL40.bedgraph.gz	103.45KB
https://ftp.cngb.org/pub/CNSA/data3/CNP0001565/zeamap/05_Epigenetics/DNA_Methylation/01_Regions/AMP_mCHG_bed/CIMBL40.bedgraph.gz.tbi	maize_ZEAMAP/epigenome/dna_methylation/01_regions/AMP_mCHG_bed/CIMBL40.bedgraph.gz.tbi	79.75KB
https://ftp.cngb.org/pub/CNSA/data3/CNP0001565/zeamap/05_Epigenetics/DNA_Methylation/01_Regions/AMP_mCHG_bed/CIMBL41.bedgraph.gz	maize_ZEAMAP/epigenome/dna_methylation/01_regions/AMP_mCHG_bed/CIMBL41.bedgraph.gz	99.12KB
https://ftp.cngb.org/pub/CNSA/data3/CNP0001565/zeamap/05_Epigenetics/DNA_Methylation/01_Regions/AMP_mCHG_bed/CIMBL41.bedgraph.gz.tbi	maize_ZEAMAP/epigenome/dna_methylation/01_regions/AMP_mCHG_bed/CIMBL41.bedgraph.gz.tbi	79.65KB
https://ftp.cngb.org/pub/CNSA/data3/CNP0001565/zeamap/05_Epigenetics/DNA_Methylation/01_Regions/AMP_mCHG_bed/CIMBL42.bedgraph.gz	maize_ZEAMAP/epigenome/dna_methylation/01_regions/AMP_mCHG_bed/CIMBL42.bedgraph.gz	102.57KB
https://ftp.cngb.org/pub/CNSA/data3/CNP0001565/zeamap/05_Epigenetics/DNA_Methylation/01_Regions/AMP_mCHG_bed/CIMBL42.bedgraph.gz.tbi	maize_ZEAMAP/epigenome/dna_methylation/01_regions/AMP_mCHG_bed/CIMBL42.bedgraph.gz.tbi	79.69KB
https://ftp.cngb.org/pub/CNSA/data3/CNP0001565/zeamap/05_Epigenetics/DNA_Methylation/01_Regions/AMP_mCHG_bed/CIMBL43.bedgraph.gz	maize_ZEAMAP/epigenome/dna_methylation/01_regions/AMP_mCHG_bed/CIMBL43.bedgraph.gz	102.33KB
https://ftp.cngb.org/pub/CNSA/data3/CNP0001565/zeamap/05_Epigenetics/DNA_Methylation/01_Regions/AMP_mCHG_bed/CIMBL43.bedgraph.gz.tbi	maize_ZEAMAP/epigenome/dna_methylation/01_regions/AMP_mCHG_bed/CIMBL43.bedgraph.gz.tbi	79.71KB
https://ftp.cngb.org/pub/CNSA/data3/CNP0001565/zeamap/05_Epigenetics/DNA_Methylation/01_Regions/AMP_mCHG_bed/CIMBL44.bedgraph.gz	maize_ZEAMAP/epigenome/dna_methylation/01_regions/AMP_mCHG_bed/CIMBL44.bedgraph.gz	100.98KB
https://ftp.cngb.org/pub/CNSA/data3/CNP0001565/zeamap/05_Epigenetics/DNA_Methylation/01_Regions/AMP_mCHG_bed/CIMBL44.bedgraph.gz.tbi	maize_ZEAMAP/epigenome/dna_methylation/01_regions/AMP_mCHG_bed/CIMBL44.bedgraph.gz.tbi	79.70KB
https://ftp.cngb.org/pub/CNSA/data3/CNP0001565/zeamap/05_Epigenetics/DNA_Methylation/01_Regions/AMP_mCHG_bed/CIMBL48.bedgraph.gz	maize_ZEAMAP/epigenome/dna_methylation/01_regions/AMP_mCHG_bed/CIMBL48.bedgraph.gz	94.51KB
https://ftp.cngb.org/pub/CNSA/data3/CNP0001565/zeamap/05_Epigenetics/DNA_Methylation/01_Regions/AMP_mCHG_bed/CIMBL48.bedgraph.gz.tbi	maize_ZEAMAP/epigenome/dna_methylation/01_regions/AMP_mCHG_bed/CIMBL48.bedgraph.gz.tbi	79.55KB
https://ftp.cngb.org/pub/CNSA/data3/CNP0001565/zeamap/05_Epigenetics/DNA_Methylation/01_Regions/AMP_mCHG_bed/CIMBL49.bedgraph.gz	maize_ZEAMAP/epigenome/dna_methylation/01_regions/AMP_mCHG_bed/CIMBL49.bedgraph.gz	102.92KB
https://ftp.cngb.org/pub/CNSA/data3/CNP0001565/zeamap/05_Epigenetics/DNA_Methylation/01_Regions/AMP_mCHG_bed/CIMBL49.bedgraph.gz.tbi	maize_ZEAMAP/epigenome/dna_methylation/01_regions/AMP_mCHG_bed/CIMBL49.bedgraph.gz.tbi	79.76KB
https://ftp.cngb.org/pub/CNSA/data3/CNP0001565/zeamap/05_Epigenetics/DNA_Methylation/01_Regions/AMP_mCHG_bed/CIMBL51.bedgraph.gz	maize_ZEAMAP/epigenome/dna_methylation/01_regions/AMP_mCHG_bed/CIMBL51.bedgraph.gz	101.74KB
https://ftp.cngb.org/pub/CNSA/data3/CNP0001565/zeamap/05_Epigenetics/DNA_Methylation/01_Regions/AMP_mCHG_bed/CIMBL51.bedgraph.gz.tbi	maize_ZEAMAP/epigenome/dna_methylation/01_regions/AMP_mCHG_bed/CIMBL51.bedgraph.gz.tbi	79.74KB
https://ftp.cngb.org/pub/CNSA/data3/CNP0001565/zeamap/05_Epigenetics/DNA_Methylation/01_Regions/AMP_mCHG_bed/CIMBL53.bedgraph.gz	maize_ZEAMAP/epigenome/dna_methylation/01_regions/AMP_mCHG_bed/CIMBL53.bedgraph.gz	101.82KB
https://ftp.cngb.org/pub/CNSA/data3/CNP0001565/zeamap/05_Epigenetics/DNA_Methylation/01_Regions/AMP_mCHG_bed/CIMBL53.bedgraph.gz.tbi	maize_ZEAMAP/epigenome/dna_methylation/01_regions/AMP_mCHG_bed/CIMBL53.bedgraph.gz.tbi	79.77KB
https://ftp.cngb.org/pub/CNSA/data3/CNP0001565/zeamap/05_Epigenetics/DNA_Methylation/01_Regions/AMP_mCHG_bed/CIMBL56.bedgraph.gz	maize_ZEAMAP/epigenome/dna_methylation/01_regions/AMP_mCHG_bed/CIMBL56.bedgraph.gz	100.88KB
https://ftp.cngb.org/pub/CNSA/data3/CNP0001565/zeamap/05_Epigenetics/DNA_Methylation/01_Regions/AMP_mCHG_bed/CIMBL56.bedgraph.gz.tbi	maize_ZEAMAP/epigenome/dna_methylation/01_regions/AMP_mCHG_bed/CIMBL56.bedgraph.gz.tbi	79.68KB
https://ftp.cngb.org/pub/CNSA/data3/CNP0001565/zeamap/05_Epigenetics/DNA_Methylation/01_Regions/AMP_mCHG_bed/CIMBL60.bedgraph.gz	maize_ZEAMAP/epigenome/dna_methylation/01_regions/AMP_mCHG_bed/CIMBL60.bedgraph.gz	96.04KB
https://ftp.cngb.org/pub/CNSA/data3/CNP0001565/zeamap/05_Epigenetics/DNA_Methylation/01_Regions/AMP_mCHG_bed/CIMBL60.bedgraph.gz.tbi	maize_ZEAMAP/epigenome/dna_methylation/01_regions/AMP_mCHG_bed/CIMBL60.bedgraph.gz.tbi	79.63KB
https://ftp.cngb.org/pub/CNSA/data3/CNP0001565/zeamap/05_Epigenetics/DNA_Methylation/01_Regions/AMP_mCHG_bed/CIMBL63.bedgraph.gz	maize_ZEAMAP/epigenome/dna_methylation/01_regions/AMP_mCHG_bed/CIMBL63.bedgraph.gz	99.92KB
https://ftp.cngb.org/pub/CNSA/data3/CNP0001565/zeamap/05_Epigenetics/DNA_Methylation/01_Regions/AMP_mCHG_bed/CIMBL63.bedgraph.gz.tbi	maize_ZEAMAP/epigenome/dna_methylation/01_regions/AMP_mCHG_bed/CIMBL63.bedgraph.gz.tbi	79.75KB
https://ftp.cngb.org/pub/CNSA/data3/CNP0001565/zeamap/05_Epigenetics/DNA_Methylation/01_Regions/AMP_mCHG_bed/CIMBL66.bedgraph.gz	maize_ZEAMAP/epigenome/dna_methylation/01_regions/AMP_mCHG_bed/CIMBL66.bedgraph.gz	102.58KB
https://ftp.cngb.org/pub/CNSA/data3/CNP0001565/zeamap/05_Epigenetics/DNA_Methylation/01_Regions/AMP_mCHG_bed/CIMBL66.bedgraph.gz.tbi	maize_ZEAMAP/epigenome/dna_methylation/01_regions/AMP_mCHG_bed/CIMBL66.bedgraph.gz.tbi	79.74KB
https://ftp.cngb.org/pub/CNSA/data3/CNP0001565/zeamap/05_Epigenetics/DNA_Methylation/01_Regions/AMP_mCHG_bed/CIMBL68.bedgraph.gz	maize_ZEAMAP/epigenome/dna_methylation/01_regions/AMP_mCHG_bed/CIMBL68.bedgraph.gz	100.72KB
https://ftp.cngb.org/pub/CNSA/data3/CNP0001565/zeamap/05_Epigenetics/DNA_Methylation/01_Regions/AMP_mCHG_bed/CIMBL68.bedgraph.gz.tbi	maize_ZEAMAP/epigenome/dna_methylation/01_regions/AMP_mCHG_bed/CIMBL68.bedgraph.gz.tbi	79.76KB
https://ftp.cngb.org/pub/CNSA/data3/CNP0001565/zeamap/05_Epigenetics/DNA_Methylation/01_Regions/AMP_mCHG_bed/CIMBL69.bedgraph.gz	maize_ZEAMAP/epigenome/dna_methylation/01_regions/AMP_mCHG_bed/CIMBL69.bedgraph.gz	100.44KB
https://ftp.cngb.org/pub/CNSA/data3/CNP0001565/zeamap/05_Epigenetics/DNA_Methylation/01_Regions/AMP_mCHG_bed/CIMBL69.bedgraph.gz.tbi	maize_ZEAMAP/epigenome/dna_methylation/01_regions/AMP_mCHG_bed/CIMBL69.bedgraph.gz.tbi	79.71KB
https://ftp.cngb.org/pub/CNSA/data3/CNP0001565/zeamap/05_Epigenetics/DNA_Methylation/01_Regions/AMP_mCHG_bed/CIMBL7.bedgraph.gz	maize_ZEAMAP/epigenome/dna_methylation/01_regions/AMP_mCHG_bed/CIMBL7.bedgraph.gz	102.69KB
https://ftp.cngb.org/pub/CNSA/data3/CNP0001565/zeamap/05_Epigenetics/DNA_Methylation/01_Regions/AMP_mCHG_bed/CIMBL7.bedgraph.gz.tbi	maize_ZEAMAP/epigenome/dna_methylation/01_regions/AMP_mCHG_bed/CIMBL7.bedgraph.gz.tbi	79.69KB
https://ftp.cngb.org/pub/CNSA/data3/CNP0001565/zeamap/05_Epigenetics/DNA_Methylation/01_Regions/AMP_mCHG_bed/CIMBL70.bedgraph.gz	maize_ZEAMAP/epigenome/dna_methylation/01_regions/AMP_mCHG_bed/CIMBL70.bedgraph.gz	101.03KB
https://ftp.cngb.org/pub/CNSA/data3/CNP0001565/zeamap/05_Epigenetics/DNA_Methylation/01_Regions/AMP_mCHG_bed/CIMBL70.bedgraph.gz.tbi	maize_ZEAMAP/epigenome/dna_methylation/01_regions/AMP_mCHG_bed/CIMBL70.bedgraph.gz.tbi	79.75KB
https://ftp.cngb.org/pub/CNSA/data3/CNP0001565/zeamap/05_Epigenetics/DNA_Methylation/01_Regions/AMP_mCHG_bed/CIMBL71.bedgraph.gz	maize_ZEAMAP/epigenome/dna_methylation/01_regions/AMP_mCHG_bed/CIMBL71.bedgraph.gz	98.05KB
https://ftp.cngb.org/pub/CNSA/data3/CNP0001565/zeamap/05_Epigenetics/DNA_Methylation/01_Regions/AMP_mCHG_bed/CIMBL71.bedgraph.gz.tbi	maize_ZEAMAP/epigenome/dna_methylation/01_regions/AMP_mCHG_bed/CIMBL71.bedgraph.gz.tbi	79.71KB
https://ftp.cngb.org/pub/CNSA/data3/CNP0001565/zeamap/05_Epigenetics/DNA_Methylation/01_Regions/AMP_mCHG_bed/CIMBL72.bedgraph.gz	maize_ZEAMAP/epigenome/dna_methylation/01_regions/AMP_mCHG_bed/CIMBL72.bedgraph.gz	95.21KB
https://ftp.cngb.org/pub/CNSA/data3/CNP0001565/zeamap/05_Epigenetics/DNA_Methylation/01_Regions/AMP_mCHG_bed/CIMBL72.bedgraph.gz.tbi	maize_ZEAMAP/epigenome/dna_methylation/01_regions/AMP_mCHG_bed/CIMBL72.bedgraph.gz.tbi	79.58KB
https://ftp.cngb.org/pub/CNSA/data3/CNP0001565/zeamap/05_Epigenetics/DNA_Methylation/01_Regions/AMP_mCHG_bed/CIMBL74.bedgraph.gz	maize_ZEAMAP/epigenome/dna_methylation/01_regions/AMP_mCHG_bed/CIMBL74.bedgraph.gz	101.97KB
https://ftp.cngb.org/pub/CNSA/data3/CNP0001565/zeamap/05_Epigenetics/DNA_Methylation/01_Regions/AMP_mCHG_bed/CIMBL74.bedgraph.gz.tbi	maize_ZEAMAP/epigenome/dna_methylation/01_regions/AMP_mCHG_bed/CIMBL74.bedgraph.gz.tbi	79.72KB
https://ftp.cngb.org/pub/CNSA/data3/CNP0001565/zeamap/05_Epigenetics/DNA_Methylation/01_Regions/AMP_mCHG_bed/CIMBL75.bedgraph.gz	maize_ZEAMAP/epigenome/dna_methylation/01_regions/AMP_mCHG_bed/CIMBL75.bedgraph.gz	102.33KB
https://ftp.cngb.org/pub/CNSA/data3/CNP0001565/zeamap/05_Epigenetics/DNA_Methylation/01_Regions/AMP_mCHG_bed/CIMBL75.bedgraph.gz.tbi	maize_ZEAMAP/epigenome/dna_methylation/01_regions/AMP_mCHG_bed/CIMBL75.bedgraph.gz.tbi	79.75KB
https://ftp.cngb.org/pub/CNSA/data3/CNP0001565/zeamap/05_Epigenetics/DNA_Methylation/01_Regions/AMP_mCHG_bed/CIMBL76.bedgraph.gz	maize_ZEAMAP/epigenome/dna_methylation/01_regions/AMP_mCHG_bed/CIMBL76.bedgraph.gz	96.99KB
https://ftp.cngb.org/pub/CNSA/data3/CNP0001565/zeamap/05_Epigenetics/DNA_Methylation/01_Regions/AMP_mCHG_bed/CIMBL76.bedgraph.gz.tbi	maize_ZEAMAP/epigenome/dna_methylation/01_regions/AMP_mCHG_bed/CIMBL76.bedgraph.gz.tbi	79.64KB
https://ftp.cngb.org/pub/CNSA/data3/CNP0001565/zeamap/05_Epigenetics/DNA_Methylation/01_Regions/AMP_mCHG_bed/CIMBL77.bedgraph.gz	maize_ZEAMAP/epigenome/dna_methylation/01_regions/AMP_mCHG_bed/CIMBL77.bedgraph.gz	102.58KB
https://ftp.cngb.org/pub/CNSA/data3/CNP0001565/zeamap/05_Epigenetics/DNA_Methylation/01_Regions/AMP_mCHG_bed/CIMBL77.bedgraph.gz.tbi	maize_ZEAMAP/epigenome/dna_methylation/01_regions/AMP_mCHG_bed/CIMBL77.bedgraph.gz.tbi	79.77KB
https://ftp.cngb.org/pub/CNSA/data3/CNP0001565/zeamap/05_Epigenetics/DNA_Methylation/01_Regions/AMP_mCHG_bed/CIMBL8.bedgraph.gz	maize_ZEAMAP/epigenome/dna_methylation/01_regions/AMP_mCHG_bed/CIMBL8.bedgraph.gz	100.33KB
https://ftp.cngb.org/pub/CNSA/data3/CNP0001565/zeamap/05_Epigenetics/DNA_Methylation/01_Regions/AMP_mCHG_bed/CIMBL8.bedgraph.gz.tbi	maize_ZEAMAP/epigenome/dna_methylation/01_regions/AMP_mCHG_bed/CIMBL8.bedgraph.gz.tbi	79.68KB
https://ftp.cngb.org/pub/CNSA/data3/CNP0001565/zeamap/05_Epigenetics/DNA_Methylation/01_Regions/AMP_mCHG_bed/CIMBL82.bedgraph.gz	maize_ZEAMAP/epigenome/dna_methylation/01_regions/AMP_mCHG_bed/CIMBL82.bedgraph.gz	98.56KB
https://ftp.cngb.org/pub/CNSA/data3/CNP0001565/zeamap/05_Epigenetics/DNA_Methylation/01_Regions/AMP_mCHG_bed/CIMBL82.bedgraph.gz.tbi	maize_ZEAMAP/epigenome/dna_methylation/01_regions/AMP_mCHG_bed/CIMBL82.bedgraph.gz.tbi	79.67KB
https://ftp.cngb.org/pub/CNSA/data3/CNP0001565/zeamap/05_Epigenetics/DNA_Methylation/01_Regions/AMP_mCHG_bed/CIMBL83.bedgraph.gz	maize_ZEAMAP/epigenome/dna_methylation/01_regions/AMP_mCHG_bed/CIMBL83.bedgraph.gz	103.15KB
https://ftp.cngb.org/pub/CNSA/data3/CNP0001565/zeamap/05_Epigenetics/DNA_Methylation/01_Regions/AMP_mCHG_bed/CIMBL83.bedgraph.gz.tbi	maize_ZEAMAP/epigenome/dna_methylation/01_regions/AMP_mCHG_bed/CIMBL83.bedgraph.gz.tbi	79.67KB
https://ftp.cngb.org/pub/CNSA/data3/CNP0001565/zeamap/05_Epigenetics/DNA_Methylation/01_Regions/AMP_mCHG_bed/CIMBL86.bedgraph.gz	maize_ZEAMAP/epigenome/dna_methylation/01_regions/AMP_mCHG_bed/CIMBL86.bedgraph.gz	101.75KB
https://ftp.cngb.org/pub/CNSA/data3/CNP0001565/zeamap/05_Epigenetics/DNA_Methylation/01_Regions/AMP_mCHG_bed/CIMBL86.bedgraph.gz.tbi	maize_ZEAMAP/epigenome/dna_methylation/01_regions/AMP_mCHG_bed/CIMBL86.bedgraph.gz.tbi	79.75KB
https://ftp.cngb.org/pub/CNSA/data3/CNP0001565/zeamap/05_Epigenetics/DNA_Methylation/01_Regions/AMP_mCHG_bed/CIMBL88.bedgraph.gz	maize_ZEAMAP/epigenome/dna_methylation/01_regions/AMP_mCHG_bed/CIMBL88.bedgraph.gz	102.94KB
https://ftp.cngb.org/pub/CNSA/data3/CNP0001565/zeamap/05_Epigenetics/DNA_Methylation/01_Regions/AMP_mCHG_bed/CIMBL88.bedgraph.gz.tbi	maize_ZEAMAP/epigenome/dna_methylation/01_regions/AMP_mCHG_bed/CIMBL88.bedgraph.gz.tbi	79.72KB
https://ftp.cngb.org/pub/CNSA/data3/CNP0001565/zeamap/05_Epigenetics/DNA_Methylation/01_Regions/AMP_mCHG_bed/CIMBL9.bedgraph.gz	maize_ZEAMAP/epigenome/dna_methylation/01_regions/AMP_mCHG_bed/CIMBL9.bedgraph.gz	103.73KB
https://ftp.cngb.org/pub/CNSA/data3/CNP0001565/zeamap/05_Epigenetics/DNA_Methylation/01_Regions/AMP_mCHG_bed/CIMBL9.bedgraph.gz.tbi	maize_ZEAMAP/epigenome/dna_methylation/01_regions/AMP_mCHG_bed/CIMBL9.bedgraph.gz.tbi	79.77KB
https://ftp.cngb.org/pub/CNSA/data3/CNP0001565/zeamap/05_Epigenetics/DNA_Methylation/01_Regions/AMP_mCHG_bed/CIMBL91.bedgraph.gz	maize_ZEAMAP/epigenome/dna_methylation/01_regions/AMP_mCHG_bed/CIMBL91.bedgraph.gz	97.91KB
https://ftp.cngb.org/pub/CNSA/data3/CNP0001565/zeamap/05_Epigenetics/DNA_Methylation/01_Regions/AMP_mCHG_bed/CIMBL91.bedgraph.gz.tbi	maize_ZEAMAP/epigenome/dna_methylation/01_regions/AMP_mCHG_bed/CIMBL91.bedgraph.gz.tbi	79.62KB
https://ftp.cngb.org/pub/CNSA/data3/CNP0001565/zeamap/05_Epigenetics/DNA_Methylation/01_Regions/AMP_mCHG_bed/CIMBL92.bedgraph.gz	maize_ZEAMAP/epigenome/dna_methylation/01_regions/AMP_mCHG_bed/CIMBL92.bedgraph.gz	101.36KB
https://ftp.cngb.org/pub/CNSA/data3/CNP0001565/zeamap/05_Epigenetics/DNA_Methylation/01_Regions/AMP_mCHG_bed/CIMBL92.bedgraph.gz.tbi	maize_ZEAMAP/epigenome/dna_methylation/01_regions/AMP_mCHG_bed/CIMBL92.bedgraph.gz.tbi	79.76KB
https://ftp.cngb.org/pub/CNSA/data3/CNP0001565/zeamap/05_Epigenetics/DNA_Methylation/01_Regions/AMP_mCHG_bed/CIMBL94.bedgraph.gz	maize_ZEAMAP/epigenome/dna_methylation/01_regions/AMP_mCHG_bed/CIMBL94.bedgraph.gz	103.58KB
https://ftp.cngb.org/pub/CNSA/data3/CNP0001565/zeamap/05_Epigenetics/DNA_Methylation/01_Regions/AMP_mCHG_bed/CIMBL94.bedgraph.gz.tbi	maize_ZEAMAP/epigenome/dna_methylation/01_regions/AMP_mCHG_bed/CIMBL94.bedgraph.gz.tbi	79.76KB
https://ftp.cngb.org/pub/CNSA/data3/CNP0001565/zeamap/05_Epigenetics/DNA_Methylation/01_Regions/AMP_mCHG_bed/CIMBL95.bedgraph.gz	maize_ZEAMAP/epigenome/dna_methylation/01_regions/AMP_mCHG_bed/CIMBL95.bedgraph.gz	102.84KB
https://ftp.cngb.org/pub/CNSA/data3/CNP0001565/zeamap/05_Epigenetics/DNA_Methylation/01_Regions/AMP_mCHG_bed/CIMBL95.bedgraph.gz.tbi	maize_ZEAMAP/epigenome/dna_methylation/01_regions/AMP_mCHG_bed/CIMBL95.bedgraph.gz.tbi	79.77KB
https://ftp.cngb.org/pub/CNSA/data3/CNP0001565/zeamap/05_Epigenetics/DNA_Methylation/01_Regions/AMP_mCHG_bed/CIMBL96.bedgraph.gz	maize_ZEAMAP/epigenome/dna_methylation/01_regions/AMP_mCHG_bed/CIMBL96.bedgraph.gz	102.29KB
https://ftp.cngb.org/pub/CNSA/data3/CNP0001565/zeamap/05_Epigenetics/DNA_Methylation/01_Regions/AMP_mCHG_bed/CIMBL96.bedgraph.gz.tbi	maize_ZEAMAP/epigenome/dna_methylation/01_regions/AMP_mCHG_bed/CIMBL96.bedgraph.gz.tbi	79.74KB
https://ftp.cngb.org/pub/CNSA/data3/CNP0001565/zeamap/05_Epigenetics/DNA_Methylation/01_Regions/AMP_mCHG_bed/CIMBL99.bedgraph.gz	maize_ZEAMAP/epigenome/dna_methylation/01_regions/AMP_mCHG_bed/CIMBL99.bedgraph.gz	102.22KB
https://ftp.cngb.org/pub/CNSA/data3/CNP0001565/zeamap/05_Epigenetics/DNA_Methylation/01_Regions/AMP_mCHG_bed/CIMBL99.bedgraph.gz.tbi	maize_ZEAMAP/epigenome/dna_methylation/01_regions/AMP_mCHG_bed/CIMBL99.bedgraph.gz.tbi	79.72KB
https://ftp.cngb.org/pub/CNSA/data3/CNP0001565/zeamap/05_Epigenetics/DNA_Methylation/01_Regions/AMP_mCHG_bed/CML114.bedgraph.gz	maize_ZEAMAP/epigenome/dna_methylation/01_regions/AMP_mCHG_bed/CML114.bedgraph.gz	102.26KB
https://ftp.cngb.org/pub/CNSA/data3/CNP0001565/zeamap/05_Epigenetics/DNA_Methylation/01_Regions/AMP_mCHG_bed/CML114.bedgraph.gz.tbi	maize_ZEAMAP/epigenome/dna_methylation/01_regions/AMP_mCHG_bed/CML114.bedgraph.gz.tbi	79.75KB
https://ftp.cngb.org/pub/CNSA/data3/CNP0001565/zeamap/05_Epigenetics/DNA_Methylation/01_Regions/AMP_mCHG_bed/CML121.bedgraph.gz	maize_ZEAMAP/epigenome/dna_methylation/01_regions/AMP_mCHG_bed/CML121.bedgraph.gz	91.15KB
https://ftp.cngb.org/pub/CNSA/data3/CNP0001565/zeamap/05_Epigenetics/DNA_Methylation/01_Regions/AMP_mCHG_bed/CML121.bedgraph.gz.tbi	maize_ZEAMAP/epigenome/dna_methylation/01_regions/AMP_mCHG_bed/CML121.bedgraph.gz.tbi	79.50KB
https://ftp.cngb.org/pub/CNSA/data3/CNP0001565/zeamap/05_Epigenetics/DNA_Methylation/01_Regions/AMP_mCHG_bed/CML122.bedgraph.gz	maize_ZEAMAP/epigenome/dna_methylation/01_regions/AMP_mCHG_bed/CML122.bedgraph.gz	102.20KB
https://ftp.cngb.org/pub/CNSA/data3/CNP0001565/zeamap/05_Epigenetics/DNA_Methylation/01_Regions/AMP_mCHG_bed/CML122.bedgraph.gz.tbi	maize_ZEAMAP/epigenome/dna_methylation/01_regions/AMP_mCHG_bed/CML122.bedgraph.gz.tbi	79.71KB
https://ftp.cngb.org/pub/CNSA/data3/CNP0001565/zeamap/05_Epigenetics/DNA_Methylation/01_Regions/AMP_mCHG_bed/CML130.bedgraph.gz	maize_ZEAMAP/epigenome/dna_methylation/01_regions/AMP_mCHG_bed/CML130.bedgraph.gz	89.48KB
https://ftp.cngb.org/pub/CNSA/data3/CNP0001565/zeamap/05_Epigenetics/DNA_Methylation/01_Regions/AMP_mCHG_bed/CML130.bedgraph.gz.tbi	maize_ZEAMAP/epigenome/dna_methylation/01_regions/AMP_mCHG_bed/CML130.bedgraph.gz.tbi	79.46KB
https://ftp.cngb.org/pub/CNSA/data3/CNP0001565/zeamap/05_Epigenetics/DNA_Methylation/01_Regions/AMP_mCHG_bed/CML134.bedgraph.gz	maize_ZEAMAP/epigenome/dna_methylation/01_regions/AMP_mCHG_bed/CML134.bedgraph.gz	99.31KB
https://ftp.cngb.org/pub/CNSA/data3/CNP0001565/zeamap/05_Epigenetics/DNA_Methylation/01_Regions/AMP_mCHG_bed/CML134.bedgraph.gz.tbi	maize_ZEAMAP/epigenome/dna_methylation/01_regions/AMP_mCHG_bed/CML134.bedgraph.gz.tbi	79.67KB
https://ftp.cngb.org/pub/CNSA/data3/CNP0001565/zeamap/05_Epigenetics/DNA_Methylation/01_Regions/AMP_mCHG_bed/CML139.bedgraph.gz	maize_ZEAMAP/epigenome/dna_methylation/01_regions/AMP_mCHG_bed/CML139.bedgraph.gz	103.13KB
https://ftp.cngb.org/pub/CNSA/data3/CNP0001565/zeamap/05_Epigenetics/DNA_Methylation/01_Regions/AMP_mCHG_bed/CML139.bedgraph.gz.tbi	maize_ZEAMAP/epigenome/dna_methylation/01_regions/AMP_mCHG_bed/CML139.bedgraph.gz.tbi	79.78KB
https://ftp.cngb.org/pub/CNSA/data3/CNP0001565/zeamap/05_Epigenetics/DNA_Methylation/01_Regions/AMP_mCHG_bed/CML162.bedgraph.gz	maize_ZEAMAP/epigenome/dna_methylation/01_regions/AMP_mCHG_bed/CML162.bedgraph.gz	94.94KB
https://ftp.cngb.org/pub/CNSA/data3/CNP0001565/zeamap/05_Epigenetics/DNA_Methylation/01_Regions/AMP_mCHG_bed/CML162.bedgraph.gz.tbi	maize_ZEAMAP/epigenome/dna_methylation/01_regions/AMP_mCHG_bed/CML162.bedgraph.gz.tbi	79.57KB
https://ftp.cngb.org/pub/CNSA/data3/CNP0001565/zeamap/05_Epigenetics/DNA_Methylation/01_Regions/AMP_mCHG_bed/CML163.bedgraph.gz	maize_ZEAMAP/epigenome/dna_methylation/01_regions/AMP_mCHG_bed/CML163.bedgraph.gz	103.20KB
https://ftp.cngb.org/pub/CNSA/data3/CNP0001565/zeamap/05_Epigenetics/DNA_Methylation/01_Regions/AMP_mCHG_bed/CML163.bedgraph.gz.tbi	maize_ZEAMAP/epigenome/dna_methylation/01_regions/AMP_mCHG_bed/CML163.bedgraph.gz.tbi	79.75KB
https://ftp.cngb.org/pub/CNSA/data3/CNP0001565/zeamap/05_Epigenetics/DNA_Methylation/01_Regions/AMP_mCHG_bed/CML166.bedgraph.gz	maize_ZEAMAP/epigenome/dna_methylation/01_regions/AMP_mCHG_bed/CML166.bedgraph.gz	88.50KB
https://ftp.cngb.org/pub/CNSA/data3/CNP0001565/zeamap/05_Epigenetics/DNA_Methylation/01_Regions/AMP_mCHG_bed/CML166.bedgraph.gz.tbi	maize_ZEAMAP/epigenome/dna_methylation/01_regions/AMP_mCHG_bed/CML166.bedgraph.gz.tbi	79.46KB
https://ftp.cngb.org/pub/CNSA/data3/CNP0001565/zeamap/05_Epigenetics/DNA_Methylation/01_Regions/AMP_mCHG_bed/CML168.bedgraph.gz	maize_ZEAMAP/epigenome/dna_methylation/01_regions/AMP_mCHG_bed/CML168.bedgraph.gz	92.61KB
https://ftp.cngb.org/pub/CNSA/data3/CNP0001565/zeamap/05_Epigenetics/DNA_Methylation/01_Regions/AMP_mCHG_bed/CML168.bedgraph.gz.tbi	maize_ZEAMAP/epigenome/dna_methylation/01_regions/AMP_mCHG_bed/CML168.bedgraph.gz.tbi	79.51KB
https://ftp.cngb.org/pub/CNSA/data3/CNP0001565/zeamap/05_Epigenetics/DNA_Methylation/01_Regions/AMP_mCHG_bed/CML170.bedgraph.gz	maize_ZEAMAP/epigenome/dna_methylation/01_regions/AMP_mCHG_bed/CML170.bedgraph.gz	101.62KB
https://ftp.cngb.org/pub/CNSA/data3/CNP0001565/zeamap/05_Epigenetics/DNA_Methylation/01_Regions/AMP_mCHG_bed/CML170.bedgraph.gz.tbi	maize_ZEAMAP/epigenome/dna_methylation/01_regions/AMP_mCHG_bed/CML170.bedgraph.gz.tbi	79.71KB
https://ftp.cngb.org/pub/CNSA/data3/CNP0001565/zeamap/05_Epigenetics/DNA_Methylation/01_Regions/AMP_mCHG_bed/CML171.bedgraph.gz	maize_ZEAMAP/epigenome/dna_methylation/01_regions/AMP_mCHG_bed/CML171.bedgraph.gz	102.70KB
https://ftp.cngb.org/pub/CNSA/data3/CNP0001565/zeamap/05_Epigenetics/DNA_Methylation/01_Regions/AMP_mCHG_bed/CML171.bedgraph.gz.tbi	maize_ZEAMAP/epigenome/dna_methylation/01_regions/AMP_mCHG_bed/CML171.bedgraph.gz.tbi	79.77KB
https://ftp.cngb.org/pub/CNSA/data3/CNP0001565/zeamap/05_Epigenetics/DNA_Methylation/01_Regions/AMP_mCHG_bed/CML172.bedgraph.gz	maize_ZEAMAP/epigenome/dna_methylation/01_regions/AMP_mCHG_bed/CML172.bedgraph.gz	101.91KB
https://ftp.cngb.org/pub/CNSA/data3/CNP0001565/zeamap/05_Epigenetics/DNA_Methylation/01_Regions/AMP_mCHG_bed/CML172.bedgraph.gz.tbi	maize_ZEAMAP/epigenome/dna_methylation/01_regions/AMP_mCHG_bed/CML172.bedgraph.gz.tbi	79.68KB
https://ftp.cngb.org/pub/CNSA/data3/CNP0001565/zeamap/05_Epigenetics/DNA_Methylation/01_Regions/AMP_mCHG_bed/CML189.bedgraph.gz	maize_ZEAMAP/epigenome/dna_methylation/01_regions/AMP_mCHG_bed/CML189.bedgraph.gz	100.47KB
https://ftp.cngb.org/pub/CNSA/data3/CNP0001565/zeamap/05_Epigenetics/DNA_Methylation/01_Regions/AMP_mCHG_bed/CML189.bedgraph.gz.tbi	maize_ZEAMAP/epigenome/dna_methylation/01_regions/AMP_mCHG_bed/CML189.bedgraph.gz.tbi	79.71KB
https://ftp.cngb.org/pub/CNSA/data3/CNP0001565/zeamap/05_Epigenetics/DNA_Methylation/01_Regions/AMP_mCHG_bed/CML192.bedgraph.gz	maize_ZEAMAP/epigenome/dna_methylation/01_regions/AMP_mCHG_bed/CML192.bedgraph.gz	102.22KB
https://ftp.cngb.org/pub/CNSA/data3/CNP0001565/zeamap/05_Epigenetics/DNA_Methylation/01_Regions/AMP_mCHG_bed/CML192.bedgraph.gz.tbi	maize_ZEAMAP/epigenome/dna_methylation/01_regions/AMP_mCHG_bed/CML192.bedgraph.gz.tbi	79.69KB
https://ftp.cngb.org/pub/CNSA/data3/CNP0001565/zeamap/05_Epigenetics/DNA_Methylation/01_Regions/AMP_mCHG_bed/CML223.bedgraph.gz	maize_ZEAMAP/epigenome/dna_methylation/01_regions/AMP_mCHG_bed/CML223.bedgraph.gz	100.18KB
https://ftp.cngb.org/pub/CNSA/data3/CNP0001565/zeamap/05_Epigenetics/DNA_Methylation/01_Regions/AMP_mCHG_bed/CML223.bedgraph.gz.tbi	maize_ZEAMAP/epigenome/dna_methylation/01_regions/AMP_mCHG_bed/CML223.bedgraph.gz.tbi	79.72KB
https://ftp.cngb.org/pub/CNSA/data3/CNP0001565/zeamap/05_Epigenetics/DNA_Methylation/01_Regions/AMP_mCHG_bed/CML226.bedgraph.gz	maize_ZEAMAP/epigenome/dna_methylation/01_regions/AMP_mCHG_bed/CML226.bedgraph.gz	98.20KB
https://ftp.cngb.org/pub/CNSA/data3/CNP0001565/zeamap/05_Epigenetics/DNA_Methylation/01_Regions/AMP_mCHG_bed/CML226.bedgraph.gz.tbi	maize_ZEAMAP/epigenome/dna_methylation/01_regions/AMP_mCHG_bed/CML226.bedgraph.gz.tbi	79.65KB
https://ftp.cngb.org/pub/CNSA/data3/CNP0001565/zeamap/05_Epigenetics/DNA_Methylation/01_Regions/AMP_mCHG_bed/CML26.bedgraph.gz	maize_ZEAMAP/epigenome/dna_methylation/01_regions/AMP_mCHG_bed/CML26.bedgraph.gz	100.22KB
https://ftp.cngb.org/pub/CNSA/data3/CNP0001565/zeamap/05_Epigenetics/DNA_Methylation/01_Regions/AMP_mCHG_bed/CML26.bedgraph.gz.tbi	maize_ZEAMAP/epigenome/dna_methylation/01_regions/AMP_mCHG_bed/CML26.bedgraph.gz.tbi	79.71KB
https://ftp.cngb.org/pub/CNSA/data3/CNP0001565/zeamap/05_Epigenetics/DNA_Methylation/01_Regions/AMP_mCHG_bed/CML27.bedgraph.gz	maize_ZEAMAP/epigenome/dna_methylation/01_regions/AMP_mCHG_bed/CML27.bedgraph.gz	99.68KB
https://ftp.cngb.org/pub/CNSA/data3/CNP0001565/zeamap/05_Epigenetics/DNA_Methylation/01_Regions/AMP_mCHG_bed/CML27.bedgraph.gz.tbi	maize_ZEAMAP/epigenome/dna_methylation/01_regions/AMP_mCHG_bed/CML27.bedgraph.gz.tbi	79.72KB
https://ftp.cngb.org/pub/CNSA/data3/CNP0001565/zeamap/05_Epigenetics/DNA_Methylation/01_Regions/AMP_mCHG_bed/CML28.bedgraph.gz	maize_ZEAMAP/epigenome/dna_methylation/01_regions/AMP_mCHG_bed/CML28.bedgraph.gz	93.68KB
https://ftp.cngb.org/pub/CNSA/data3/CNP0001565/zeamap/05_Epigenetics/DNA_Methylation/01_Regions/AMP_mCHG_bed/CML28.bedgraph.gz.tbi	maize_ZEAMAP/epigenome/dna_methylation/01_regions/AMP_mCHG_bed/CML28.bedgraph.gz.tbi	79.56KB
https://ftp.cngb.org/pub/CNSA/data3/CNP0001565/zeamap/05_Epigenetics/DNA_Methylation/01_Regions/AMP_mCHG_bed/CML285.bedgraph.gz	maize_ZEAMAP/epigenome/dna_methylation/01_regions/AMP_mCHG_bed/CML285.bedgraph.gz	99.89KB
https://ftp.cngb.org/pub/CNSA/data3/CNP0001565/zeamap/05_Epigenetics/DNA_Methylation/01_Regions/AMP_mCHG_bed/CML285.bedgraph.gz.tbi	maize_ZEAMAP/epigenome/dna_methylation/01_regions/AMP_mCHG_bed/CML285.bedgraph.gz.tbi	79.65KB
https://ftp.cngb.org/pub/CNSA/data3/CNP0001565/zeamap/05_Epigenetics/DNA_Methylation/01_Regions/AMP_mCHG_bed/CML286.bedgraph.gz	maize_ZEAMAP/epigenome/dna_methylation/01_regions/AMP_mCHG_bed/CML286.bedgraph.gz	100.91KB
https://ftp.cngb.org/pub/CNSA/data3/CNP0001565/zeamap/05_Epigenetics/DNA_Methylation/01_Regions/AMP_mCHG_bed/CML286.bedgraph.gz.tbi	maize_ZEAMAP/epigenome/dna_methylation/01_regions/AMP_mCHG_bed/CML286.bedgraph.gz.tbi	79.70KB
https://ftp.cngb.org/pub/CNSA/data3/CNP0001565/zeamap/05_Epigenetics/DNA_Methylation/01_Regions/AMP_mCHG_bed/CML287.bedgraph.gz	maize_ZEAMAP/epigenome/dna_methylation/01_regions/AMP_mCHG_bed/CML287.bedgraph.gz	98.28KB
https://ftp.cngb.org/pub/CNSA/data3/CNP0001565/zeamap/05_Epigenetics/DNA_Methylation/01_Regions/AMP_mCHG_bed/CML287.bedgraph.gz.tbi	maize_ZEAMAP/epigenome/dna_methylation/01_regions/AMP_mCHG_bed/CML287.bedgraph.gz.tbi	79.63KB
https://ftp.cngb.org/pub/CNSA/data3/CNP0001565/zeamap/05_Epigenetics/DNA_Methylation/01_Regions/AMP_mCHG_bed/CML29.bedgraph.gz	maize_ZEAMAP/epigenome/dna_methylation/01_regions/AMP_mCHG_bed/CML29.bedgraph.gz	93.70KB
https://ftp.cngb.org/pub/CNSA/data3/CNP0001565/zeamap/05_Epigenetics/DNA_Methylation/01_Regions/AMP_mCHG_bed/CML29.bedgraph.gz.tbi	maize_ZEAMAP/epigenome/dna_methylation/01_regions/AMP_mCHG_bed/CML29.bedgraph.gz.tbi	79.53KB
https://ftp.cngb.org/pub/CNSA/data3/CNP0001565/zeamap/05_Epigenetics/DNA_Methylation/01_Regions/AMP_mCHG_bed/CML307.bedgraph.gz	maize_ZEAMAP/epigenome/dna_methylation/01_regions/AMP_mCHG_bed/CML307.bedgraph.gz	96.57KB
https://ftp.cngb.org/pub/CNSA/data3/CNP0001565/zeamap/05_Epigenetics/DNA_Methylation/01_Regions/AMP_mCHG_bed/CML307.bedgraph.gz.tbi	maize_ZEAMAP/epigenome/dna_methylation/01_regions/AMP_mCHG_bed/CML307.bedgraph.gz.tbi	79.63KB
https://ftp.cngb.org/pub/CNSA/data3/CNP0001565/zeamap/05_Epigenetics/DNA_Methylation/01_Regions/AMP_mCHG_bed/CML32.bedgraph.gz	maize_ZEAMAP/epigenome/dna_methylation/01_regions/AMP_mCHG_bed/CML32.bedgraph.gz	103.04KB
https://ftp.cngb.org/pub/CNSA/data3/CNP0001565/zeamap/05_Epigenetics/DNA_Methylation/01_Regions/AMP_mCHG_bed/CML32.bedgraph.gz.tbi	maize_ZEAMAP/epigenome/dna_methylation/01_regions/AMP_mCHG_bed/CML32.bedgraph.gz.tbi	79.77KB
https://ftp.cngb.org/pub/CNSA/data3/CNP0001565/zeamap/05_Epigenetics/DNA_Methylation/01_Regions/AMP_mCHG_bed/CML323.bedgraph.gz	maize_ZEAMAP/epigenome/dna_methylation/01_regions/AMP_mCHG_bed/CML323.bedgraph.gz	102.39KB
https://ftp.cngb.org/pub/CNSA/data3/CNP0001565/zeamap/05_Epigenetics/DNA_Methylation/01_Regions/AMP_mCHG_bed/CML323.bedgraph.gz.tbi	maize_ZEAMAP/epigenome/dna_methylation/01_regions/AMP_mCHG_bed/CML323.bedgraph.gz.tbi	79.73KB
https://ftp.cngb.org/pub/CNSA/data3/CNP0001565/zeamap/05_Epigenetics/DNA_Methylation/01_Regions/AMP_mCHG_bed/CML324.bedgraph.gz	maize_ZEAMAP/epigenome/dna_methylation/01_regions/AMP_mCHG_bed/CML324.bedgraph.gz	100.13KB
https://ftp.cngb.org/pub/CNSA/data3/CNP0001565/zeamap/05_Epigenetics/DNA_Methylation/01_Regions/AMP_mCHG_bed/CML324.bedgraph.gz.tbi	maize_ZEAMAP/epigenome/dna_methylation/01_regions/AMP_mCHG_bed/CML324.bedgraph.gz.tbi	79.67KB
https://ftp.cngb.org/pub/CNSA/data3/CNP0001565/zeamap/05_Epigenetics/DNA_Methylation/01_Regions/AMP_mCHG_bed/CML325.bedgraph.gz	maize_ZEAMAP/epigenome/dna_methylation/01_regions/AMP_mCHG_bed/CML325.bedgraph.gz	102.67KB
https://ftp.cngb.org/pub/CNSA/data3/CNP0001565/zeamap/05_Epigenetics/DNA_Methylation/01_Regions/AMP_mCHG_bed/CML325.bedgraph.gz.tbi	maize_ZEAMAP/epigenome/dna_methylation/01_regions/AMP_mCHG_bed/CML325.bedgraph.gz.tbi	79.74KB
https://ftp.cngb.org/pub/CNSA/data3/CNP0001565/zeamap/05_Epigenetics/DNA_Methylation/01_Regions/AMP_mCHG_bed/CML327.bedgraph.gz	maize_ZEAMAP/epigenome/dna_methylation/01_regions/AMP_mCHG_bed/CML327.bedgraph.gz	103.27KB
https://ftp.cngb.org/pub/CNSA/data3/CNP0001565/zeamap/05_Epigenetics/DNA_Methylation/01_Regions/AMP_mCHG_bed/CML327.bedgraph.gz.tbi	maize_ZEAMAP/epigenome/dna_methylation/01_regions/AMP_mCHG_bed/CML327.bedgraph.gz.tbi	79.76KB
https://ftp.cngb.org/pub/CNSA/data3/CNP0001565/zeamap/05_Epigenetics/DNA_Methylation/01_Regions/AMP_mCHG_bed/CML360.bedgraph.gz	maize_ZEAMAP/epigenome/dna_methylation/01_regions/AMP_mCHG_bed/CML360.bedgraph.gz	100.90KB
https://ftp.cngb.org/pub/CNSA/data3/CNP0001565/zeamap/05_Epigenetics/DNA_Methylation/01_Regions/AMP_mCHG_bed/CML360.bedgraph.gz.tbi	maize_ZEAMAP/epigenome/dna_methylation/01_regions/AMP_mCHG_bed/CML360.bedgraph.gz.tbi	79.74KB
https://ftp.cngb.org/pub/CNSA/data3/CNP0001565/zeamap/05_Epigenetics/DNA_Methylation/01_Regions/AMP_mCHG_bed/CML361.bedgraph.gz	maize_ZEAMAP/epigenome/dna_methylation/01_regions/AMP_mCHG_bed/CML361.bedgraph.gz	98.84KB
https://ftp.cngb.org/pub/CNSA/data3/CNP0001565/zeamap/05_Epigenetics/DNA_Methylation/01_Regions/AMP_mCHG_bed/CML361.bedgraph.gz.tbi	maize_ZEAMAP/epigenome/dna_methylation/01_regions/AMP_mCHG_bed/CML361.bedgraph.gz.tbi	79.66KB
https://ftp.cngb.org/pub/CNSA/data3/CNP0001565/zeamap/05_Epigenetics/DNA_Methylation/01_Regions/AMP_mCHG_bed/CML40.bedgraph.gz	maize_ZEAMAP/epigenome/dna_methylation/01_regions/AMP_mCHG_bed/CML40.bedgraph.gz	98.44KB
https://ftp.cngb.org/pub/CNSA/data3/CNP0001565/zeamap/05_Epigenetics/DNA_Methylation/01_Regions/AMP_mCHG_bed/CML40.bedgraph.gz.tbi	maize_ZEAMAP/epigenome/dna_methylation/01_regions/AMP_mCHG_bed/CML40.bedgraph.gz.tbi	79.68KB
https://ftp.cngb.org/pub/CNSA/data3/CNP0001565/zeamap/05_Epigenetics/DNA_Methylation/01_Regions/AMP_mCHG_bed/CML411.bedgraph.gz	maize_ZEAMAP/epigenome/dna_methylation/01_regions/AMP_mCHG_bed/CML411.bedgraph.gz	102.80KB
https://ftp.cngb.org/pub/CNSA/data3/CNP0001565/zeamap/05_Epigenetics/DNA_Methylation/01_Regions/AMP_mCHG_bed/CML411.bedgraph.gz.tbi	maize_ZEAMAP/epigenome/dna_methylation/01_regions/AMP_mCHG_bed/CML411.bedgraph.gz.tbi	79.70KB
https://ftp.cngb.org/pub/CNSA/data3/CNP0001565/zeamap/05_Epigenetics/DNA_Methylation/01_Regions/AMP_mCHG_bed/CML423.bedgraph.gz	maize_ZEAMAP/epigenome/dna_methylation/01_regions/AMP_mCHG_bed/CML423.bedgraph.gz	103.54KB
https://ftp.cngb.org/pub/CNSA/data3/CNP0001565/zeamap/05_Epigenetics/DNA_Methylation/01_Regions/AMP_mCHG_bed/CML423.bedgraph.gz.tbi	maize_ZEAMAP/epigenome/dna_methylation/01_regions/AMP_mCHG_bed/CML423.bedgraph.gz.tbi	79.78KB
https://ftp.cngb.org/pub/CNSA/data3/CNP0001565/zeamap/05_Epigenetics/DNA_Methylation/01_Regions/AMP_mCHG_bed/CML426.bedgraph.gz	maize_ZEAMAP/epigenome/dna_methylation/01_regions/AMP_mCHG_bed/CML426.bedgraph.gz	101.22KB
https://ftp.cngb.org/pub/CNSA/data3/CNP0001565/zeamap/05_Epigenetics/DNA_Methylation/01_Regions/AMP_mCHG_bed/CML426.bedgraph.gz.tbi	maize_ZEAMAP/epigenome/dna_methylation/01_regions/AMP_mCHG_bed/CML426.bedgraph.gz.tbi	79.69KB
https://ftp.cngb.org/pub/CNSA/data3/CNP0001565/zeamap/05_Epigenetics/DNA_Methylation/01_Regions/AMP_mCHG_bed/CML428.bedgraph.gz	maize_ZEAMAP/epigenome/dna_methylation/01_regions/AMP_mCHG_bed/CML428.bedgraph.gz	99.66KB
https://ftp.cngb.org/pub/CNSA/data3/CNP0001565/zeamap/05_Epigenetics/DNA_Methylation/01_Regions/AMP_mCHG_bed/CML428.bedgraph.gz.tbi	maize_ZEAMAP/epigenome/dna_methylation/01_regions/AMP_mCHG_bed/CML428.bedgraph.gz.tbi	79.72KB
https://ftp.cngb.org/pub/CNSA/data3/CNP0001565/zeamap/05_Epigenetics/DNA_Methylation/01_Regions/AMP_mCHG_bed/CML430.bedgraph.gz	maize_ZEAMAP/epigenome/dna_methylation/01_regions/AMP_mCHG_bed/CML430.bedgraph.gz	101.23KB
https://ftp.cngb.org/pub/CNSA/data3/CNP0001565/zeamap/05_Epigenetics/DNA_Methylation/01_Regions/AMP_mCHG_bed/CML430.bedgraph.gz.tbi	maize_ZEAMAP/epigenome/dna_methylation/01_regions/AMP_mCHG_bed/CML430.bedgraph.gz.tbi	79.68KB
https://ftp.cngb.org/pub/CNSA/data3/CNP0001565/zeamap/05_Epigenetics/DNA_Methylation/01_Regions/AMP_mCHG_bed/CML431.bedgraph.gz	maize_ZEAMAP/epigenome/dna_methylation/01_regions/AMP_mCHG_bed/CML431.bedgraph.gz	96.42KB
https://ftp.cngb.org/pub/CNSA/data3/CNP0001565/zeamap/05_Epigenetics/DNA_Methylation/01_Regions/AMP_mCHG_bed/CML431.bedgraph.gz.tbi	maize_ZEAMAP/epigenome/dna_methylation/01_regions/AMP_mCHG_bed/CML431.bedgraph.gz.tbi	79.64KB
https://ftp.cngb.org/pub/CNSA/data3/CNP0001565/zeamap/05_Epigenetics/DNA_Methylation/01_Regions/AMP_mCHG_bed/CML432.bedgraph.gz	maize_ZEAMAP/epigenome/dna_methylation/01_regions/AMP_mCHG_bed/CML432.bedgraph.gz	97.53KB
https://ftp.cngb.org/pub/CNSA/data3/CNP0001565/zeamap/05_Epigenetics/DNA_Methylation/01_Regions/AMP_mCHG_bed/CML432.bedgraph.gz.tbi	maize_ZEAMAP/epigenome/dna_methylation/01_regions/AMP_mCHG_bed/CML432.bedgraph.gz.tbi	79.68KB
https://ftp.cngb.org/pub/CNSA/data3/CNP0001565/zeamap/05_Epigenetics/DNA_Methylation/01_Regions/AMP_mCHG_bed/CML451.bedgraph.gz	maize_ZEAMAP/epigenome/dna_methylation/01_regions/AMP_mCHG_bed/CML451.bedgraph.gz	102.19KB
https://ftp.cngb.org/pub/CNSA/data3/CNP0001565/zeamap/05_Epigenetics/DNA_Methylation/01_Regions/AMP_mCHG_bed/CML451.bedgraph.gz.tbi	maize_ZEAMAP/epigenome/dna_methylation/01_regions/AMP_mCHG_bed/CML451.bedgraph.gz.tbi	79.70KB
https://ftp.cngb.org/pub/CNSA/data3/CNP0001565/zeamap/05_Epigenetics/DNA_Methylation/01_Regions/AMP_mCHG_bed/CML470.bedgraph.gz	maize_ZEAMAP/epigenome/dna_methylation/01_regions/AMP_mCHG_bed/CML470.bedgraph.gz	102.65KB
https://ftp.cngb.org/pub/CNSA/data3/CNP0001565/zeamap/05_Epigenetics/DNA_Methylation/01_Regions/AMP_mCHG_bed/CML470.bedgraph.gz.tbi	maize_ZEAMAP/epigenome/dna_methylation/01_regions/AMP_mCHG_bed/CML470.bedgraph.gz.tbi	79.73KB
https://ftp.cngb.org/pub/CNSA/data3/CNP0001565/zeamap/05_Epigenetics/DNA_Methylation/01_Regions/AMP_mCHG_bed/CML471.bedgraph.gz	maize_ZEAMAP/epigenome/dna_methylation/01_regions/AMP_mCHG_bed/CML471.bedgraph.gz	94.34KB
https://ftp.cngb.org/pub/CNSA/data3/CNP0001565/zeamap/05_Epigenetics/DNA_Methylation/01_Regions/AMP_mCHG_bed/CML471.bedgraph.gz.tbi	maize_ZEAMAP/epigenome/dna_methylation/01_regions/AMP_mCHG_bed/CML471.bedgraph.gz.tbi	79.56KB
https://ftp.cngb.org/pub/CNSA/data3/CNP0001565/zeamap/05_Epigenetics/DNA_Methylation/01_Regions/AMP_mCHG_bed/CML493.bedgraph.gz	maize_ZEAMAP/epigenome/dna_methylation/01_regions/AMP_mCHG_bed/CML493.bedgraph.gz	102.25KB
https://ftp.cngb.org/pub/CNSA/data3/CNP0001565/zeamap/05_Epigenetics/DNA_Methylation/01_Regions/AMP_mCHG_bed/CML493.bedgraph.gz.tbi	maize_ZEAMAP/epigenome/dna_methylation/01_regions/AMP_mCHG_bed/CML493.bedgraph.gz.tbi	79.70KB
https://ftp.cngb.org/pub/CNSA/data3/CNP0001565/zeamap/05_Epigenetics/DNA_Methylation/01_Regions/AMP_mCHG_bed/CML69.bedgraph.gz	maize_ZEAMAP/epigenome/dna_methylation/01_regions/AMP_mCHG_bed/CML69.bedgraph.gz	100.15KB
https://ftp.cngb.org/pub/CNSA/data3/CNP0001565/zeamap/05_Epigenetics/DNA_Methylation/01_Regions/AMP_mCHG_bed/CML69.bedgraph.gz.tbi	maize_ZEAMAP/epigenome/dna_methylation/01_regions/AMP_mCHG_bed/CML69.bedgraph.gz.tbi	79.71KB
https://ftp.cngb.org/pub/CNSA/data3/CNP0001565/zeamap/05_Epigenetics/DNA_Methylation/01_Regions/AMP_mCHG_bed/DAN3130.bedgraph.gz	maize_ZEAMAP/epigenome/dna_methylation/01_regions/AMP_mCHG_bed/DAN3130.bedgraph.gz	102.60KB
https://ftp.cngb.org/pub/CNSA/data3/CNP0001565/zeamap/05_Epigenetics/DNA_Methylation/01_Regions/AMP_mCHG_bed/DAN3130.bedgraph.gz.tbi	maize_ZEAMAP/epigenome/dna_methylation/01_regions/AMP_mCHG_bed/DAN3130.bedgraph.gz.tbi	79.67KB
https://ftp.cngb.org/pub/CNSA/data3/CNP0001565/zeamap/05_Epigenetics/DNA_Methylation/01_Regions/AMP_mCHG_bed/DAN340.bedgraph.gz	maize_ZEAMAP/epigenome/dna_methylation/01_regions/AMP_mCHG_bed/DAN340.bedgraph.gz	99.64KB
https://ftp.cngb.org/pub/CNSA/data3/CNP0001565/zeamap/05_Epigenetics/DNA_Methylation/01_Regions/AMP_mCHG_bed/DAN340.bedgraph.gz.tbi	maize_ZEAMAP/epigenome/dna_methylation/01_regions/AMP_mCHG_bed/DAN340.bedgraph.gz.tbi	79.64KB
https://ftp.cngb.org/pub/CNSA/data3/CNP0001565/zeamap/05_Epigenetics/DNA_Methylation/01_Regions/AMP_mCHG_bed/DAN360.bedgraph.gz	maize_ZEAMAP/epigenome/dna_methylation/01_regions/AMP_mCHG_bed/DAN360.bedgraph.gz	101.39KB
https://ftp.cngb.org/pub/CNSA/data3/CNP0001565/zeamap/05_Epigenetics/DNA_Methylation/01_Regions/AMP_mCHG_bed/DAN360.bedgraph.gz.tbi	maize_ZEAMAP/epigenome/dna_methylation/01_regions/AMP_mCHG_bed/DAN360.bedgraph.gz.tbi	79.67KB
https://ftp.cngb.org/pub/CNSA/data3/CNP0001565/zeamap/05_Epigenetics/DNA_Methylation/01_Regions/AMP_mCHG_bed/DAN598.bedgraph.gz	maize_ZEAMAP/epigenome/dna_methylation/01_regions/AMP_mCHG_bed/DAN598.bedgraph.gz	95.34KB
https://ftp.cngb.org/pub/CNSA/data3/CNP0001565/zeamap/05_Epigenetics/DNA_Methylation/01_Regions/AMP_mCHG_bed/DAN598.bedgraph.gz.tbi	maize_ZEAMAP/epigenome/dna_methylation/01_regions/AMP_mCHG_bed/DAN598.bedgraph.gz.tbi	79.60KB
https://ftp.cngb.org/pub/CNSA/data3/CNP0001565/zeamap/05_Epigenetics/DNA_Methylation/01_Regions/AMP_mCHG_bed/DAN599.bedgraph.gz	maize_ZEAMAP/epigenome/dna_methylation/01_regions/AMP_mCHG_bed/DAN599.bedgraph.gz	102.85KB
https://ftp.cngb.org/pub/CNSA/data3/CNP0001565/zeamap/05_Epigenetics/DNA_Methylation/01_Regions/AMP_mCHG_bed/DAN599.bedgraph.gz.tbi	maize_ZEAMAP/epigenome/dna_methylation/01_regions/AMP_mCHG_bed/DAN599.bedgraph.gz.tbi	79.75KB
https://ftp.cngb.org/pub/CNSA/data3/CNP0001565/zeamap/05_Epigenetics/DNA_Methylation/01_Regions/AMP_mCHG_bed/DE.EX.bedgraph.gz	maize_ZEAMAP/epigenome/dna_methylation/01_regions/AMP_mCHG_bed/DE.EX.bedgraph.gz	102.24KB
https://ftp.cngb.org/pub/CNSA/data3/CNP0001565/zeamap/05_Epigenetics/DNA_Methylation/01_Regions/AMP_mCHG_bed/DE.EX.bedgraph.gz.tbi	maize_ZEAMAP/epigenome/dna_methylation/01_regions/AMP_mCHG_bed/DE.EX.bedgraph.gz.tbi	79.71KB
https://ftp.cngb.org/pub/CNSA/data3/CNP0001565/zeamap/05_Epigenetics/DNA_Methylation/01_Regions/AMP_mCHG_bed/GEMS10.bedgraph.gz	maize_ZEAMAP/epigenome/dna_methylation/01_regions/AMP_mCHG_bed/GEMS10.bedgraph.gz	102.31KB
https://ftp.cngb.org/pub/CNSA/data3/CNP0001565/zeamap/05_Epigenetics/DNA_Methylation/01_Regions/AMP_mCHG_bed/GEMS10.bedgraph.gz.tbi	maize_ZEAMAP/epigenome/dna_methylation/01_regions/AMP_mCHG_bed/GEMS10.bedgraph.gz.tbi	79.69KB
https://ftp.cngb.org/pub/CNSA/data3/CNP0001565/zeamap/05_Epigenetics/DNA_Methylation/01_Regions/AMP_mCHG_bed/GEMS11.bedgraph.gz	maize_ZEAMAP/epigenome/dna_methylation/01_regions/AMP_mCHG_bed/GEMS11.bedgraph.gz	100.40KB
https://ftp.cngb.org/pub/CNSA/data3/CNP0001565/zeamap/05_Epigenetics/DNA_Methylation/01_Regions/AMP_mCHG_bed/GEMS11.bedgraph.gz.tbi	maize_ZEAMAP/epigenome/dna_methylation/01_regions/AMP_mCHG_bed/GEMS11.bedgraph.gz.tbi	79.65KB
https://ftp.cngb.org/pub/CNSA/data3/CNP0001565/zeamap/05_Epigenetics/DNA_Methylation/01_Regions/AMP_mCHG_bed/GEMS13.bedgraph.gz	maize_ZEAMAP/epigenome/dna_methylation/01_regions/AMP_mCHG_bed/GEMS13.bedgraph.gz	99.57KB
https://ftp.cngb.org/pub/CNSA/data3/CNP0001565/zeamap/05_Epigenetics/DNA_Methylation/01_Regions/AMP_mCHG_bed/GEMS13.bedgraph.gz.tbi	maize_ZEAMAP/epigenome/dna_methylation/01_regions/AMP_mCHG_bed/GEMS13.bedgraph.gz.tbi	79.67KB
https://ftp.cngb.org/pub/CNSA/data3/CNP0001565/zeamap/05_Epigenetics/DNA_Methylation/01_Regions/AMP_mCHG_bed/GEMS14.bedgraph.gz	maize_ZEAMAP/epigenome/dna_methylation/01_regions/AMP_mCHG_bed/GEMS14.bedgraph.gz	100.87KB
https://ftp.cngb.org/pub/CNSA/data3/CNP0001565/zeamap/05_Epigenetics/DNA_Methylation/01_Regions/AMP_mCHG_bed/GEMS14.bedgraph.gz.tbi	maize_ZEAMAP/epigenome/dna_methylation/01_regions/AMP_mCHG_bed/GEMS14.bedgraph.gz.tbi	79.72KB
https://ftp.cngb.org/pub/CNSA/data3/CNP0001565/zeamap/05_Epigenetics/DNA_Methylation/01_Regions/AMP_mCHG_bed/GEMS18.bedgraph.gz	maize_ZEAMAP/epigenome/dna_methylation/01_regions/AMP_mCHG_bed/GEMS18.bedgraph.gz	101.70KB
https://ftp.cngb.org/pub/CNSA/data3/CNP0001565/zeamap/05_Epigenetics/DNA_Methylation/01_Regions/AMP_mCHG_bed/GEMS18.bedgraph.gz.tbi	maize_ZEAMAP/epigenome/dna_methylation/01_regions/AMP_mCHG_bed/GEMS18.bedgraph.gz.tbi	79.70KB
https://ftp.cngb.org/pub/CNSA/data3/CNP0001565/zeamap/05_Epigenetics/DNA_Methylation/01_Regions/AMP_mCHG_bed/GEMS19.bedgraph.gz	maize_ZEAMAP/epigenome/dna_methylation/01_regions/AMP_mCHG_bed/GEMS19.bedgraph.gz	96.36KB
https://ftp.cngb.org/pub/CNSA/data3/CNP0001565/zeamap/05_Epigenetics/DNA_Methylation/01_Regions/AMP_mCHG_bed/GEMS19.bedgraph.gz.tbi	maize_ZEAMAP/epigenome/dna_methylation/01_regions/AMP_mCHG_bed/GEMS19.bedgraph.gz.tbi	79.56KB
https://ftp.cngb.org/pub/CNSA/data3/CNP0001565/zeamap/05_Epigenetics/DNA_Methylation/01_Regions/AMP_mCHG_bed/GEMS21.bedgraph.gz	maize_ZEAMAP/epigenome/dna_methylation/01_regions/AMP_mCHG_bed/GEMS21.bedgraph.gz	94.45KB
https://ftp.cngb.org/pub/CNSA/data3/CNP0001565/zeamap/05_Epigenetics/DNA_Methylation/01_Regions/AMP_mCHG_bed/GEMS21.bedgraph.gz.tbi	maize_ZEAMAP/epigenome/dna_methylation/01_regions/AMP_mCHG_bed/GEMS21.bedgraph.gz.tbi	79.56KB
https://ftp.cngb.org/pub/CNSA/data3/CNP0001565/zeamap/05_Epigenetics/DNA_Methylation/01_Regions/AMP_mCHG_bed/GEMS24.bedgraph.gz	maize_ZEAMAP/epigenome/dna_methylation/01_regions/AMP_mCHG_bed/GEMS24.bedgraph.gz	101.50KB
https://ftp.cngb.org/pub/CNSA/data3/CNP0001565/zeamap/05_Epigenetics/DNA_Methylation/01_Regions/AMP_mCHG_bed/GEMS24.bedgraph.gz.tbi	maize_ZEAMAP/epigenome/dna_methylation/01_regions/AMP_mCHG_bed/GEMS24.bedgraph.gz.tbi	79.69KB
https://ftp.cngb.org/pub/CNSA/data3/CNP0001565/zeamap/05_Epigenetics/DNA_Methylation/01_Regions/AMP_mCHG_bed/GEMS28.bedgraph.gz	maize_ZEAMAP/epigenome/dna_methylation/01_regions/AMP_mCHG_bed/GEMS28.bedgraph.gz	101.34KB
https://ftp.cngb.org/pub/CNSA/data3/CNP0001565/zeamap/05_Epigenetics/DNA_Methylation/01_Regions/AMP_mCHG_bed/GEMS28.bedgraph.gz.tbi	maize_ZEAMAP/epigenome/dna_methylation/01_regions/AMP_mCHG_bed/GEMS28.bedgraph.gz.tbi	79.69KB
https://ftp.cngb.org/pub/CNSA/data3/CNP0001565/zeamap/05_Epigenetics/DNA_Methylation/01_Regions/AMP_mCHG_bed/GEMS29.bedgraph.gz	maize_ZEAMAP/epigenome/dna_methylation/01_regions/AMP_mCHG_bed/GEMS29.bedgraph.gz	96.52KB
https://ftp.cngb.org/pub/CNSA/data3/CNP0001565/zeamap/05_Epigenetics/DNA_Methylation/01_Regions/AMP_mCHG_bed/GEMS29.bedgraph.gz.tbi	maize_ZEAMAP/epigenome/dna_methylation/01_regions/AMP_mCHG_bed/GEMS29.bedgraph.gz.tbi	79.62KB
https://ftp.cngb.org/pub/CNSA/data3/CNP0001565/zeamap/05_Epigenetics/DNA_Methylation/01_Regions/AMP_mCHG_bed/GEMS3.bedgraph.gz	maize_ZEAMAP/epigenome/dna_methylation/01_regions/AMP_mCHG_bed/GEMS3.bedgraph.gz	97.69KB
https://ftp.cngb.org/pub/CNSA/data3/CNP0001565/zeamap/05_Epigenetics/DNA_Methylation/01_Regions/AMP_mCHG_bed/GEMS3.bedgraph.gz.tbi	maize_ZEAMAP/epigenome/dna_methylation/01_regions/AMP_mCHG_bed/GEMS3.bedgraph.gz.tbi	79.67KB
https://ftp.cngb.org/pub/CNSA/data3/CNP0001565/zeamap/05_Epigenetics/DNA_Methylation/01_Regions/AMP_mCHG_bed/GEMS31.bedgraph.gz	maize_ZEAMAP/epigenome/dna_methylation/01_regions/AMP_mCHG_bed/GEMS31.bedgraph.gz	100.88KB
https://ftp.cngb.org/pub/CNSA/data3/CNP0001565/zeamap/05_Epigenetics/DNA_Methylation/01_Regions/AMP_mCHG_bed/GEMS31.bedgraph.gz.tbi	maize_ZEAMAP/epigenome/dna_methylation/01_regions/AMP_mCHG_bed/GEMS31.bedgraph.gz.tbi	79.67KB
https://ftp.cngb.org/pub/CNSA/data3/CNP0001565/zeamap/05_Epigenetics/DNA_Methylation/01_Regions/AMP_mCHG_bed/GEMS32.bedgraph.gz	maize_ZEAMAP/epigenome/dna_methylation/01_regions/AMP_mCHG_bed/GEMS32.bedgraph.gz	99.01KB
https://ftp.cngb.org/pub/CNSA/data3/CNP0001565/zeamap/05_Epigenetics/DNA_Methylation/01_Regions/AMP_mCHG_bed/GEMS32.bedgraph.gz.tbi	maize_ZEAMAP/epigenome/dna_methylation/01_regions/AMP_mCHG_bed/GEMS32.bedgraph.gz.tbi	79.66KB
https://ftp.cngb.org/pub/CNSA/data3/CNP0001565/zeamap/05_Epigenetics/DNA_Methylation/01_Regions/AMP_mCHG_bed/GEMS33.bedgraph.gz	maize_ZEAMAP/epigenome/dna_methylation/01_regions/AMP_mCHG_bed/GEMS33.bedgraph.gz	99.63KB
https://ftp.cngb.org/pub/CNSA/data3/CNP0001565/zeamap/05_Epigenetics/DNA_Methylation/01_Regions/AMP_mCHG_bed/GEMS33.bedgraph.gz.tbi	maize_ZEAMAP/epigenome/dna_methylation/01_regions/AMP_mCHG_bed/GEMS33.bedgraph.gz.tbi	79.70KB
https://ftp.cngb.org/pub/CNSA/data3/CNP0001565/zeamap/05_Epigenetics/DNA_Methylation/01_Regions/AMP_mCHG_bed/GEMS37.bedgraph.gz	maize_ZEAMAP/epigenome/dna_methylation/01_regions/AMP_mCHG_bed/GEMS37.bedgraph.gz	100.63KB
https://ftp.cngb.org/pub/CNSA/data3/CNP0001565/zeamap/05_Epigenetics/DNA_Methylation/01_Regions/AMP_mCHG_bed/GEMS37.bedgraph.gz.tbi	maize_ZEAMAP/epigenome/dna_methylation/01_regions/AMP_mCHG_bed/GEMS37.bedgraph.gz.tbi	79.72KB
https://ftp.cngb.org/pub/CNSA/data3/CNP0001565/zeamap/05_Epigenetics/DNA_Methylation/01_Regions/AMP_mCHG_bed/GEMS47.bedgraph.gz	maize_ZEAMAP/epigenome/dna_methylation/01_regions/AMP_mCHG_bed/GEMS47.bedgraph.gz	100.30KB
https://ftp.cngb.org/pub/CNSA/data3/CNP0001565/zeamap/05_Epigenetics/DNA_Methylation/01_Regions/AMP_mCHG_bed/GEMS47.bedgraph.gz.tbi	maize_ZEAMAP/epigenome/dna_methylation/01_regions/AMP_mCHG_bed/GEMS47.bedgraph.gz.tbi	79.67KB
https://ftp.cngb.org/pub/CNSA/data3/CNP0001565/zeamap/05_Epigenetics/DNA_Methylation/01_Regions/AMP_mCHG_bed/GEMS49.bedgraph.gz	maize_ZEAMAP/epigenome/dna_methylation/01_regions/AMP_mCHG_bed/GEMS49.bedgraph.gz	98.57KB
https://ftp.cngb.org/pub/CNSA/data3/CNP0001565/zeamap/05_Epigenetics/DNA_Methylation/01_Regions/AMP_mCHG_bed/GEMS49.bedgraph.gz.tbi	maize_ZEAMAP/epigenome/dna_methylation/01_regions/AMP_mCHG_bed/GEMS49.bedgraph.gz.tbi	79.67KB
https://ftp.cngb.org/pub/CNSA/data3/CNP0001565/zeamap/05_Epigenetics/DNA_Methylation/01_Regions/AMP_mCHG_bed/GEMS5.bedgraph.gz	maize_ZEAMAP/epigenome/dna_methylation/01_regions/AMP_mCHG_bed/GEMS5.bedgraph.gz	86.28KB
https://ftp.cngb.org/pub/CNSA/data3/CNP0001565/zeamap/05_Epigenetics/DNA_Methylation/01_Regions/AMP_mCHG_bed/GEMS5.bedgraph.gz.tbi	maize_ZEAMAP/epigenome/dna_methylation/01_regions/AMP_mCHG_bed/GEMS5.bedgraph.gz.tbi	79.36KB
https://ftp.cngb.org/pub/CNSA/data3/CNP0001565/zeamap/05_Epigenetics/DNA_Methylation/01_Regions/AMP_mCHG_bed/GEMS53.bedgraph.gz	maize_ZEAMAP/epigenome/dna_methylation/01_regions/AMP_mCHG_bed/GEMS53.bedgraph.gz	100.10KB
https://ftp.cngb.org/pub/CNSA/data3/CNP0001565/zeamap/05_Epigenetics/DNA_Methylation/01_Regions/AMP_mCHG_bed/GEMS53.bedgraph.gz.tbi	maize_ZEAMAP/epigenome/dna_methylation/01_regions/AMP_mCHG_bed/GEMS53.bedgraph.gz.tbi	79.72KB
https://ftp.cngb.org/pub/CNSA/data3/CNP0001565/zeamap/05_Epigenetics/DNA_Methylation/01_Regions/AMP_mCHG_bed/GEMS56.bedgraph.gz	maize_ZEAMAP/epigenome/dna_methylation/01_regions/AMP_mCHG_bed/GEMS56.bedgraph.gz	97.78KB
https://ftp.cngb.org/pub/CNSA/data3/CNP0001565/zeamap/05_Epigenetics/DNA_Methylation/01_Regions/AMP_mCHG_bed/GEMS56.bedgraph.gz.tbi	maize_ZEAMAP/epigenome/dna_methylation/01_regions/AMP_mCHG_bed/GEMS56.bedgraph.gz.tbi	79.63KB
https://ftp.cngb.org/pub/CNSA/data3/CNP0001565/zeamap/05_Epigenetics/DNA_Methylation/01_Regions/AMP_mCHG_bed/GEMS60.bedgraph.gz	maize_ZEAMAP/epigenome/dna_methylation/01_regions/AMP_mCHG_bed/GEMS60.bedgraph.gz	99.28KB
https://ftp.cngb.org/pub/CNSA/data3/CNP0001565/zeamap/05_Epigenetics/DNA_Methylation/01_Regions/AMP_mCHG_bed/GEMS60.bedgraph.gz.tbi	maize_ZEAMAP/epigenome/dna_methylation/01_regions/AMP_mCHG_bed/GEMS60.bedgraph.gz.tbi	79.66KB
https://ftp.cngb.org/pub/CNSA/data3/CNP0001565/zeamap/05_Epigenetics/DNA_Methylation/01_Regions/AMP_mCHG_bed/GEMS62.bedgraph.gz	maize_ZEAMAP/epigenome/dna_methylation/01_regions/AMP_mCHG_bed/GEMS62.bedgraph.gz	102.35KB
https://ftp.cngb.org/pub/CNSA/data3/CNP0001565/zeamap/05_Epigenetics/DNA_Methylation/01_Regions/AMP_mCHG_bed/GEMS62.bedgraph.gz.tbi	maize_ZEAMAP/epigenome/dna_methylation/01_regions/AMP_mCHG_bed/GEMS62.bedgraph.gz.tbi	79.76KB
https://ftp.cngb.org/pub/CNSA/data3/CNP0001565/zeamap/05_Epigenetics/DNA_Methylation/01_Regions/AMP_mCHG_bed/GEMS63.bedgraph.gz	maize_ZEAMAP/epigenome/dna_methylation/01_regions/AMP_mCHG_bed/GEMS63.bedgraph.gz	101.32KB
https://ftp.cngb.org/pub/CNSA/data3/CNP0001565/zeamap/05_Epigenetics/DNA_Methylation/01_Regions/AMP_mCHG_bed/GEMS63.bedgraph.gz.tbi	maize_ZEAMAP/epigenome/dna_methylation/01_regions/AMP_mCHG_bed/GEMS63.bedgraph.gz.tbi	79.72KB
https://ftp.cngb.org/pub/CNSA/data3/CNP0001565/zeamap/05_Epigenetics/DNA_Methylation/01_Regions/AMP_mCHG_bed/GEMS64.bedgraph.gz	maize_ZEAMAP/epigenome/dna_methylation/01_regions/AMP_mCHG_bed/GEMS64.bedgraph.gz	101.39KB
https://ftp.cngb.org/pub/CNSA/data3/CNP0001565/zeamap/05_Epigenetics/DNA_Methylation/01_Regions/AMP_mCHG_bed/GEMS64.bedgraph.gz.tbi	maize_ZEAMAP/epigenome/dna_methylation/01_regions/AMP_mCHG_bed/GEMS64.bedgraph.gz.tbi	79.66KB
https://ftp.cngb.org/pub/CNSA/data3/CNP0001565/zeamap/05_Epigenetics/DNA_Methylation/01_Regions/AMP_mCHG_bed/GEMS65.bedgraph.gz	maize_ZEAMAP/epigenome/dna_methylation/01_regions/AMP_mCHG_bed/GEMS65.bedgraph.gz	101.11KB
https://ftp.cngb.org/pub/CNSA/data3/CNP0001565/zeamap/05_Epigenetics/DNA_Methylation/01_Regions/AMP_mCHG_bed/GEMS65.bedgraph.gz.tbi	maize_ZEAMAP/epigenome/dna_methylation/01_regions/AMP_mCHG_bed/GEMS65.bedgraph.gz.tbi	79.69KB
https://ftp.cngb.org/pub/CNSA/data3/CNP0001565/zeamap/05_Epigenetics/DNA_Methylation/01_Regions/AMP_mCHG_bed/GEMS9.bedgraph.gz	maize_ZEAMAP/epigenome/dna_methylation/01_regions/AMP_mCHG_bed/GEMS9.bedgraph.gz	97.40KB
https://ftp.cngb.org/pub/CNSA/data3/CNP0001565/zeamap/05_Epigenetics/DNA_Methylation/01_Regions/AMP_mCHG_bed/GEMS9.bedgraph.gz.tbi	maize_ZEAMAP/epigenome/dna_methylation/01_regions/AMP_mCHG_bed/GEMS9.bedgraph.gz.tbi	79.64KB
https://ftp.cngb.org/pub/CNSA/data3/CNP0001565/zeamap/05_Epigenetics/DNA_Methylation/01_Regions/AMP_mCHG_bed/GY220.bedgraph.gz	maize_ZEAMAP/epigenome/dna_methylation/01_regions/AMP_mCHG_bed/GY220.bedgraph.gz	99.11KB
https://ftp.cngb.org/pub/CNSA/data3/CNP0001565/zeamap/05_Epigenetics/DNA_Methylation/01_Regions/AMP_mCHG_bed/GY220.bedgraph.gz.tbi	maize_ZEAMAP/epigenome/dna_methylation/01_regions/AMP_mCHG_bed/GY220.bedgraph.gz.tbi	79.72KB
https://ftp.cngb.org/pub/CNSA/data3/CNP0001565/zeamap/05_Epigenetics/DNA_Methylation/01_Regions/AMP_mCHG_bed/GY237.bedgraph.gz	maize_ZEAMAP/epigenome/dna_methylation/01_regions/AMP_mCHG_bed/GY237.bedgraph.gz	97.77KB
https://ftp.cngb.org/pub/CNSA/data3/CNP0001565/zeamap/05_Epigenetics/DNA_Methylation/01_Regions/AMP_mCHG_bed/GY237.bedgraph.gz.tbi	maize_ZEAMAP/epigenome/dna_methylation/01_regions/AMP_mCHG_bed/GY237.bedgraph.gz.tbi	79.65KB
https://ftp.cngb.org/pub/CNSA/data3/CNP0001565/zeamap/05_Epigenetics/DNA_Methylation/01_Regions/AMP_mCHG_bed/GY386.bedgraph.gz	maize_ZEAMAP/epigenome/dna_methylation/01_regions/AMP_mCHG_bed/GY386.bedgraph.gz	101.82KB
https://ftp.cngb.org/pub/CNSA/data3/CNP0001565/zeamap/05_Epigenetics/DNA_Methylation/01_Regions/AMP_mCHG_bed/GY386.bedgraph.gz.tbi	maize_ZEAMAP/epigenome/dna_methylation/01_regions/AMP_mCHG_bed/GY386.bedgraph.gz.tbi	79.73KB
https://ftp.cngb.org/pub/CNSA/data3/CNP0001565/zeamap/05_Epigenetics/DNA_Methylation/01_Regions/AMP_mCHG_bed/GY462.bedgraph.gz	maize_ZEAMAP/epigenome/dna_methylation/01_regions/AMP_mCHG_bed/GY462.bedgraph.gz	91.48KB
https://ftp.cngb.org/pub/CNSA/data3/CNP0001565/zeamap/05_Epigenetics/DNA_Methylation/01_Regions/AMP_mCHG_bed/GY462.bedgraph.gz.tbi	maize_ZEAMAP/epigenome/dna_methylation/01_regions/AMP_mCHG_bed/GY462.bedgraph.gz.tbi	79.51KB
https://ftp.cngb.org/pub/CNSA/data3/CNP0001565/zeamap/05_Epigenetics/DNA_Methylation/01_Regions/AMP_mCHG_bed/GY798.bedgraph.gz	maize_ZEAMAP/epigenome/dna_methylation/01_regions/AMP_mCHG_bed/GY798.bedgraph.gz	100.66KB
https://ftp.cngb.org/pub/CNSA/data3/CNP0001565/zeamap/05_Epigenetics/DNA_Methylation/01_Regions/AMP_mCHG_bed/GY798.bedgraph.gz.tbi	maize_ZEAMAP/epigenome/dna_methylation/01_regions/AMP_mCHG_bed/GY798.bedgraph.gz.tbi	79.70KB
https://ftp.cngb.org/pub/CNSA/data3/CNP0001565/zeamap/05_Epigenetics/DNA_Methylation/01_Regions/AMP_mCHG_bed/GY923.bedgraph.gz	maize_ZEAMAP/epigenome/dna_methylation/01_regions/AMP_mCHG_bed/GY923.bedgraph.gz	101.10KB
https://ftp.cngb.org/pub/CNSA/data3/CNP0001565/zeamap/05_Epigenetics/DNA_Methylation/01_Regions/AMP_mCHG_bed/GY923.bedgraph.gz.tbi	maize_ZEAMAP/epigenome/dna_methylation/01_regions/AMP_mCHG_bed/GY923.bedgraph.gz.tbi	79.71KB
https://ftp.cngb.org/pub/CNSA/data3/CNP0001565/zeamap/05_Epigenetics/DNA_Methylation/01_Regions/AMP_mCHG_bed/HU803.bedgraph.gz	maize_ZEAMAP/epigenome/dna_methylation/01_regions/AMP_mCHG_bed/HU803.bedgraph.gz	104.73KB
https://ftp.cngb.org/pub/CNSA/data3/CNP0001565/zeamap/05_Epigenetics/DNA_Methylation/01_Regions/AMP_mCHG_bed/HU803.bedgraph.gz.tbi	maize_ZEAMAP/epigenome/dna_methylation/01_regions/AMP_mCHG_bed/HU803.bedgraph.gz.tbi	79.82KB
https://ftp.cngb.org/pub/CNSA/data3/CNP0001565/zeamap/05_Epigenetics/DNA_Methylation/01_Regions/AMP_mCHG_bed/HYS.bedgraph.gz	maize_ZEAMAP/epigenome/dna_methylation/01_regions/AMP_mCHG_bed/HYS.bedgraph.gz	101.10KB
https://ftp.cngb.org/pub/CNSA/data3/CNP0001565/zeamap/05_Epigenetics/DNA_Methylation/01_Regions/AMP_mCHG_bed/HYS.bedgraph.gz.tbi	maize_ZEAMAP/epigenome/dna_methylation/01_regions/AMP_mCHG_bed/HYS.bedgraph.gz.tbi	79.68KB
https://ftp.cngb.org/pub/CNSA/data3/CNP0001565/zeamap/05_Epigenetics/DNA_Methylation/01_Regions/AMP_mCHG_bed/HZS.bedgraph.gz	maize_ZEAMAP/epigenome/dna_methylation/01_regions/AMP_mCHG_bed/HZS.bedgraph.gz	100.19KB
https://ftp.cngb.org/pub/CNSA/data3/CNP0001565/zeamap/05_Epigenetics/DNA_Methylation/01_Regions/AMP_mCHG_bed/HZS.bedgraph.gz.tbi	maize_ZEAMAP/epigenome/dna_methylation/01_regions/AMP_mCHG_bed/HZS.bedgraph.gz.tbi	79.69KB
https://ftp.cngb.org/pub/CNSA/data3/CNP0001565/zeamap/05_Epigenetics/DNA_Methylation/01_Regions/AMP_mCHG_bed/IRF314.bedgraph.gz	maize_ZEAMAP/epigenome/dna_methylation/01_regions/AMP_mCHG_bed/IRF314.bedgraph.gz	100.31KB
https://ftp.cngb.org/pub/CNSA/data3/CNP0001565/zeamap/05_Epigenetics/DNA_Methylation/01_Regions/AMP_mCHG_bed/IRF314.bedgraph.gz.tbi	maize_ZEAMAP/epigenome/dna_methylation/01_regions/AMP_mCHG_bed/IRF314.bedgraph.gz.tbi	79.72KB
https://ftp.cngb.org/pub/CNSA/data3/CNP0001565/zeamap/05_Epigenetics/DNA_Methylation/01_Regions/AMP_mCHG_bed/J4112.bedgraph.gz	maize_ZEAMAP/epigenome/dna_methylation/01_regions/AMP_mCHG_bed/J4112.bedgraph.gz	98.15KB
https://ftp.cngb.org/pub/CNSA/data3/CNP0001565/zeamap/05_Epigenetics/DNA_Methylation/01_Regions/AMP_mCHG_bed/J4112.bedgraph.gz.tbi	maize_ZEAMAP/epigenome/dna_methylation/01_regions/AMP_mCHG_bed/J4112.bedgraph.gz.tbi	79.62KB
https://ftp.cngb.org/pub/CNSA/data3/CNP0001565/zeamap/05_Epigenetics/DNA_Methylation/01_Regions/AMP_mCHG_bed/JH59.bedgraph.gz	maize_ZEAMAP/epigenome/dna_methylation/01_regions/AMP_mCHG_bed/JH59.bedgraph.gz	99.64KB
https://ftp.cngb.org/pub/CNSA/data3/CNP0001565/zeamap/05_Epigenetics/DNA_Methylation/01_Regions/AMP_mCHG_bed/JH59.bedgraph.gz.tbi	maize_ZEAMAP/epigenome/dna_methylation/01_regions/AMP_mCHG_bed/JH59.bedgraph.gz.tbi	79.67KB
https://ftp.cngb.org/pub/CNSA/data3/CNP0001565/zeamap/05_Epigenetics/DNA_Methylation/01_Regions/AMP_mCHG_bed/JI63.bedgraph.gz	maize_ZEAMAP/epigenome/dna_methylation/01_regions/AMP_mCHG_bed/JI63.bedgraph.gz	99.29KB
https://ftp.cngb.org/pub/CNSA/data3/CNP0001565/zeamap/05_Epigenetics/DNA_Methylation/01_Regions/AMP_mCHG_bed/JI63.bedgraph.gz.tbi	maize_ZEAMAP/epigenome/dna_methylation/01_regions/AMP_mCHG_bed/JI63.bedgraph.gz.tbi	79.72KB
https://ftp.cngb.org/pub/CNSA/data3/CNP0001565/zeamap/05_Epigenetics/DNA_Methylation/01_Regions/AMP_mCHG_bed/JI846.bedgraph.gz	maize_ZEAMAP/epigenome/dna_methylation/01_regions/AMP_mCHG_bed/JI846.bedgraph.gz	99.13KB
https://ftp.cngb.org/pub/CNSA/data3/CNP0001565/zeamap/05_Epigenetics/DNA_Methylation/01_Regions/AMP_mCHG_bed/JI846.bedgraph.gz.tbi	maize_ZEAMAP/epigenome/dna_methylation/01_regions/AMP_mCHG_bed/JI846.bedgraph.gz.tbi	79.68KB
https://ftp.cngb.org/pub/CNSA/data3/CNP0001565/zeamap/05_Epigenetics/DNA_Methylation/01_Regions/AMP_mCHG_bed/JY01.bedgraph.gz	maize_ZEAMAP/epigenome/dna_methylation/01_regions/AMP_mCHG_bed/JY01.bedgraph.gz	101.16KB
https://ftp.cngb.org/pub/CNSA/data3/CNP0001565/zeamap/05_Epigenetics/DNA_Methylation/01_Regions/AMP_mCHG_bed/JY01.bedgraph.gz.tbi	maize_ZEAMAP/epigenome/dna_methylation/01_regions/AMP_mCHG_bed/JY01.bedgraph.gz.tbi	79.74KB
https://ftp.cngb.org/pub/CNSA/data3/CNP0001565/zeamap/05_Epigenetics/DNA_Methylation/01_Regions/AMP_mCHG_bed/K22.bedgraph.gz	maize_ZEAMAP/epigenome/dna_methylation/01_regions/AMP_mCHG_bed/K22.bedgraph.gz	101.08KB
https://ftp.cngb.org/pub/CNSA/data3/CNP0001565/zeamap/05_Epigenetics/DNA_Methylation/01_Regions/AMP_mCHG_bed/K22.bedgraph.gz.tbi	maize_ZEAMAP/epigenome/dna_methylation/01_regions/AMP_mCHG_bed/K22.bedgraph.gz.tbi	79.69KB
https://ftp.cngb.org/pub/CNSA/data3/CNP0001565/zeamap/05_Epigenetics/DNA_Methylation/01_Regions/AMP_mCHG_bed/L3180.bedgraph.gz	maize_ZEAMAP/epigenome/dna_methylation/01_regions/AMP_mCHG_bed/L3180.bedgraph.gz	101.06KB
https://ftp.cngb.org/pub/CNSA/data3/CNP0001565/zeamap/05_Epigenetics/DNA_Methylation/01_Regions/AMP_mCHG_bed/L3180.bedgraph.gz.tbi	maize_ZEAMAP/epigenome/dna_methylation/01_regions/AMP_mCHG_bed/L3180.bedgraph.gz.tbi	79.76KB
https://ftp.cngb.org/pub/CNSA/data3/CNP0001565/zeamap/05_Epigenetics/DNA_Methylation/01_Regions/AMP_mCHG_bed/LG001.bedgraph.gz	maize_ZEAMAP/epigenome/dna_methylation/01_regions/AMP_mCHG_bed/LG001.bedgraph.gz	100.93KB
https://ftp.cngb.org/pub/CNSA/data3/CNP0001565/zeamap/05_Epigenetics/DNA_Methylation/01_Regions/AMP_mCHG_bed/LG001.bedgraph.gz.tbi	maize_ZEAMAP/epigenome/dna_methylation/01_regions/AMP_mCHG_bed/LG001.bedgraph.gz.tbi	79.74KB
https://ftp.cngb.org/pub/CNSA/data3/CNP0001565/zeamap/05_Epigenetics/DNA_Methylation/01_Regions/AMP_mCHG_bed/LIAO159.bedgraph.gz	maize_ZEAMAP/epigenome/dna_methylation/01_regions/AMP_mCHG_bed/LIAO159.bedgraph.gz	96.37KB
https://ftp.cngb.org/pub/CNSA/data3/CNP0001565/zeamap/05_Epigenetics/DNA_Methylation/01_Regions/AMP_mCHG_bed/LIAO159.bedgraph.gz.tbi	maize_ZEAMAP/epigenome/dna_methylation/01_regions/AMP_mCHG_bed/LIAO159.bedgraph.gz.tbi	79.63KB
https://ftp.cngb.org/pub/CNSA/data3/CNP0001565/zeamap/05_Epigenetics/DNA_Methylation/01_Regions/AMP_mCHG_bed/LIAO5263.bedgraph.gz	maize_ZEAMAP/epigenome/dna_methylation/01_regions/AMP_mCHG_bed/LIAO5263.bedgraph.gz	103.76KB
https://ftp.cngb.org/pub/CNSA/data3/CNP0001565/zeamap/05_Epigenetics/DNA_Methylation/01_Regions/AMP_mCHG_bed/LIAO5263.bedgraph.gz.tbi	maize_ZEAMAP/epigenome/dna_methylation/01_regions/AMP_mCHG_bed/LIAO5263.bedgraph.gz.tbi	79.77KB
https://ftp.cngb.org/pub/CNSA/data3/CNP0001565/zeamap/05_Epigenetics/DNA_Methylation/01_Regions/AMP_mCHG_bed/LV28.bedgraph.gz	maize_ZEAMAP/epigenome/dna_methylation/01_regions/AMP_mCHG_bed/LV28.bedgraph.gz	97.85KB
https://ftp.cngb.org/pub/CNSA/data3/CNP0001565/zeamap/05_Epigenetics/DNA_Methylation/01_Regions/AMP_mCHG_bed/LV28.bedgraph.gz.tbi	maize_ZEAMAP/epigenome/dna_methylation/01_regions/AMP_mCHG_bed/LV28.bedgraph.gz.tbi	79.68KB
https://ftp.cngb.org/pub/CNSA/data3/CNP0001565/zeamap/05_Epigenetics/DNA_Methylation/01_Regions/AMP_mCHG_bed/LX9801.bedgraph.gz	maize_ZEAMAP/epigenome/dna_methylation/01_regions/AMP_mCHG_bed/LX9801.bedgraph.gz	99.70KB
https://ftp.cngb.org/pub/CNSA/data3/CNP0001565/zeamap/05_Epigenetics/DNA_Methylation/01_Regions/AMP_mCHG_bed/LX9801.bedgraph.gz.tbi	maize_ZEAMAP/epigenome/dna_methylation/01_regions/AMP_mCHG_bed/LX9801.bedgraph.gz.tbi	79.69KB
https://ftp.cngb.org/pub/CNSA/data3/CNP0001565/zeamap/05_Epigenetics/DNA_Methylation/01_Regions/AMP_mCHG_bed/LXN.bedgraph.gz	maize_ZEAMAP/epigenome/dna_methylation/01_regions/AMP_mCHG_bed/LXN.bedgraph.gz	100.78KB
https://ftp.cngb.org/pub/CNSA/data3/CNP0001565/zeamap/05_Epigenetics/DNA_Methylation/01_Regions/AMP_mCHG_bed/LXN.bedgraph.gz.tbi	maize_ZEAMAP/epigenome/dna_methylation/01_regions/AMP_mCHG_bed/LXN.bedgraph.gz.tbi	79.71KB
https://ftp.cngb.org/pub/CNSA/data3/CNP0001565/zeamap/05_Epigenetics/DNA_Methylation/01_Regions/AMP_mCHG_bed/LY.bedgraph.gz	maize_ZEAMAP/epigenome/dna_methylation/01_regions/AMP_mCHG_bed/LY.bedgraph.gz	100.54KB
https://ftp.cngb.org/pub/CNSA/data3/CNP0001565/zeamap/05_Epigenetics/DNA_Methylation/01_Regions/AMP_mCHG_bed/LY.bedgraph.gz.tbi	maize_ZEAMAP/epigenome/dna_methylation/01_regions/AMP_mCHG_bed/LY.bedgraph.gz.tbi	79.68KB
https://ftp.cngb.org/pub/CNSA/data3/CNP0001565/zeamap/05_Epigenetics/DNA_Methylation/01_Regions/AMP_mCHG_bed/M97.bedgraph.gz	maize_ZEAMAP/epigenome/dna_methylation/01_regions/AMP_mCHG_bed/M97.bedgraph.gz	102.32KB
https://ftp.cngb.org/pub/CNSA/data3/CNP0001565/zeamap/05_Epigenetics/DNA_Methylation/01_Regions/AMP_mCHG_bed/M97.bedgraph.gz.tbi	maize_ZEAMAP/epigenome/dna_methylation/01_regions/AMP_mCHG_bed/M97.bedgraph.gz.tbi	79.67KB
https://ftp.cngb.org/pub/CNSA/data3/CNP0001565/zeamap/05_Epigenetics/DNA_Methylation/01_Regions/AMP_mCHG_bed/MO17.bedgraph.gz	maize_ZEAMAP/epigenome/dna_methylation/01_regions/AMP_mCHG_bed/MO17.bedgraph.gz	98.90KB
https://ftp.cngb.org/pub/CNSA/data3/CNP0001565/zeamap/05_Epigenetics/DNA_Methylation/01_Regions/AMP_mCHG_bed/MO17.bedgraph.gz.tbi	maize_ZEAMAP/epigenome/dna_methylation/01_regions/AMP_mCHG_bed/MO17.bedgraph.gz.tbi	79.70KB
https://ftp.cngb.org/pub/CNSA/data3/CNP0001565/zeamap/05_Epigenetics/DNA_Methylation/01_Regions/AMP_mCHG_bed/P138.bedgraph.gz	maize_ZEAMAP/epigenome/dna_methylation/01_regions/AMP_mCHG_bed/P138.bedgraph.gz	101.51KB
https://ftp.cngb.org/pub/CNSA/data3/CNP0001565/zeamap/05_Epigenetics/DNA_Methylation/01_Regions/AMP_mCHG_bed/P138.bedgraph.gz.tbi	maize_ZEAMAP/epigenome/dna_methylation/01_regions/AMP_mCHG_bed/P138.bedgraph.gz.tbi	79.75KB
https://ftp.cngb.org/pub/CNSA/data3/CNP0001565/zeamap/05_Epigenetics/DNA_Methylation/01_Regions/AMP_mCHG_bed/P178.bedgraph.gz	maize_ZEAMAP/epigenome/dna_methylation/01_regions/AMP_mCHG_bed/P178.bedgraph.gz	103.31KB
https://ftp.cngb.org/pub/CNSA/data3/CNP0001565/zeamap/05_Epigenetics/DNA_Methylation/01_Regions/AMP_mCHG_bed/P178.bedgraph.gz.tbi	maize_ZEAMAP/epigenome/dna_methylation/01_regions/AMP_mCHG_bed/P178.bedgraph.gz.tbi	79.73KB
https://ftp.cngb.org/pub/CNSA/data3/CNP0001565/zeamap/05_Epigenetics/DNA_Methylation/01_Regions/AMP_mCHG_bed/Q1261.bedgraph.gz	maize_ZEAMAP/epigenome/dna_methylation/01_regions/AMP_mCHG_bed/Q1261.bedgraph.gz	101.43KB
https://ftp.cngb.org/pub/CNSA/data3/CNP0001565/zeamap/05_Epigenetics/DNA_Methylation/01_Regions/AMP_mCHG_bed/Q1261.bedgraph.gz.tbi	maize_ZEAMAP/epigenome/dna_methylation/01_regions/AMP_mCHG_bed/Q1261.bedgraph.gz.tbi	79.76KB
https://ftp.cngb.org/pub/CNSA/data3/CNP0001565/zeamap/05_Epigenetics/DNA_Methylation/01_Regions/AMP_mCHG_bed/QI205.bedgraph.gz	maize_ZEAMAP/epigenome/dna_methylation/01_regions/AMP_mCHG_bed/QI205.bedgraph.gz	96.78KB
https://ftp.cngb.org/pub/CNSA/data3/CNP0001565/zeamap/05_Epigenetics/DNA_Methylation/01_Regions/AMP_mCHG_bed/QI205.bedgraph.gz.tbi	maize_ZEAMAP/epigenome/dna_methylation/01_regions/AMP_mCHG_bed/QI205.bedgraph.gz.tbi	79.56KB
https://ftp.cngb.org/pub/CNSA/data3/CNP0001565/zeamap/05_Epigenetics/DNA_Methylation/01_Regions/AMP_mCHG_bed/QI319.bedgraph.gz	maize_ZEAMAP/epigenome/dna_methylation/01_regions/AMP_mCHG_bed/QI319.bedgraph.gz	99.80KB
https://ftp.cngb.org/pub/CNSA/data3/CNP0001565/zeamap/05_Epigenetics/DNA_Methylation/01_Regions/AMP_mCHG_bed/QI319.bedgraph.gz.tbi	maize_ZEAMAP/epigenome/dna_methylation/01_regions/AMP_mCHG_bed/QI319.bedgraph.gz.tbi	79.72KB
https://ftp.cngb.org/pub/CNSA/data3/CNP0001565/zeamap/05_Epigenetics/DNA_Methylation/01_Regions/AMP_mCHG_bed/RY697.bedgraph.gz	maize_ZEAMAP/epigenome/dna_methylation/01_regions/AMP_mCHG_bed/RY697.bedgraph.gz	102.75KB
https://ftp.cngb.org/pub/CNSA/data3/CNP0001565/zeamap/05_Epigenetics/DNA_Methylation/01_Regions/AMP_mCHG_bed/RY697.bedgraph.gz.tbi	maize_ZEAMAP/epigenome/dna_methylation/01_regions/AMP_mCHG_bed/RY697.bedgraph.gz.tbi	79.71KB
https://ftp.cngb.org/pub/CNSA/data3/CNP0001565/zeamap/05_Epigenetics/DNA_Methylation/01_Regions/AMP_mCHG_bed/RY713.bedgraph.gz	maize_ZEAMAP/epigenome/dna_methylation/01_regions/AMP_mCHG_bed/RY713.bedgraph.gz	98.16KB
https://ftp.cngb.org/pub/CNSA/data3/CNP0001565/zeamap/05_Epigenetics/DNA_Methylation/01_Regions/AMP_mCHG_bed/RY713.bedgraph.gz.tbi	maize_ZEAMAP/epigenome/dna_methylation/01_regions/AMP_mCHG_bed/RY713.bedgraph.gz.tbi	79.69KB
https://ftp.cngb.org/pub/CNSA/data3/CNP0001565/zeamap/05_Epigenetics/DNA_Methylation/01_Regions/AMP_mCHG_bed/RY732.bedgraph.gz	maize_ZEAMAP/epigenome/dna_methylation/01_regions/AMP_mCHG_bed/RY732.bedgraph.gz	100.59KB
https://ftp.cngb.org/pub/CNSA/data3/CNP0001565/zeamap/05_Epigenetics/DNA_Methylation/01_Regions/AMP_mCHG_bed/RY732.bedgraph.gz.tbi	maize_ZEAMAP/epigenome/dna_methylation/01_regions/AMP_mCHG_bed/RY732.bedgraph.gz.tbi	79.69KB
https://ftp.cngb.org/pub/CNSA/data3/CNP0001565/zeamap/05_Epigenetics/DNA_Methylation/01_Regions/AMP_mCHG_bed/S37.bedgraph.gz	maize_ZEAMAP/epigenome/dna_methylation/01_regions/AMP_mCHG_bed/S37.bedgraph.gz	100.87KB
https://ftp.cngb.org/pub/CNSA/data3/CNP0001565/zeamap/05_Epigenetics/DNA_Methylation/01_Regions/AMP_mCHG_bed/S37.bedgraph.gz.tbi	maize_ZEAMAP/epigenome/dna_methylation/01_regions/AMP_mCHG_bed/S37.bedgraph.gz.tbi	79.67KB
https://ftp.cngb.org/pub/CNSA/data3/CNP0001565/zeamap/05_Epigenetics/DNA_Methylation/01_Regions/AMP_mCHG_bed/SHEN137.bedgraph.gz	maize_ZEAMAP/epigenome/dna_methylation/01_regions/AMP_mCHG_bed/SHEN137.bedgraph.gz	100.49KB
https://ftp.cngb.org/pub/CNSA/data3/CNP0001565/zeamap/05_Epigenetics/DNA_Methylation/01_Regions/AMP_mCHG_bed/SHEN137.bedgraph.gz.tbi	maize_ZEAMAP/epigenome/dna_methylation/01_regions/AMP_mCHG_bed/SHEN137.bedgraph.gz.tbi	79.69KB
https://ftp.cngb.org/pub/CNSA/data3/CNP0001565/zeamap/05_Epigenetics/DNA_Methylation/01_Regions/AMP_mCHG_bed/SI273.bedgraph.gz	maize_ZEAMAP/epigenome/dna_methylation/01_regions/AMP_mCHG_bed/SI273.bedgraph.gz	99.21KB
https://ftp.cngb.org/pub/CNSA/data3/CNP0001565/zeamap/05_Epigenetics/DNA_Methylation/01_Regions/AMP_mCHG_bed/SI273.bedgraph.gz.tbi	maize_ZEAMAP/epigenome/dna_methylation/01_regions/AMP_mCHG_bed/SI273.bedgraph.gz.tbi	79.68KB
https://ftp.cngb.org/pub/CNSA/data3/CNP0001565/zeamap/05_Epigenetics/DNA_Methylation/01_Regions/AMP_mCHG_bed/SW92E114.bedgraph.gz	maize_ZEAMAP/epigenome/dna_methylation/01_regions/AMP_mCHG_bed/SW92E114.bedgraph.gz	101.34KB
https://ftp.cngb.org/pub/CNSA/data3/CNP0001565/zeamap/05_Epigenetics/DNA_Methylation/01_Regions/AMP_mCHG_bed/SW92E114.bedgraph.gz.tbi	maize_ZEAMAP/epigenome/dna_methylation/01_regions/AMP_mCHG_bed/SW92E114.bedgraph.gz.tbi	79.71KB
https://ftp.cngb.org/pub/CNSA/data3/CNP0001565/zeamap/05_Epigenetics/DNA_Methylation/01_Regions/AMP_mCHG_bed/SY1032.bedgraph.gz	maize_ZEAMAP/epigenome/dna_methylation/01_regions/AMP_mCHG_bed/SY1032.bedgraph.gz	98.30KB
https://ftp.cngb.org/pub/CNSA/data3/CNP0001565/zeamap/05_Epigenetics/DNA_Methylation/01_Regions/AMP_mCHG_bed/SY1032.bedgraph.gz.tbi	maize_ZEAMAP/epigenome/dna_methylation/01_regions/AMP_mCHG_bed/SY1032.bedgraph.gz.tbi	79.65KB
https://ftp.cngb.org/pub/CNSA/data3/CNP0001565/zeamap/05_Epigenetics/DNA_Methylation/01_Regions/AMP_mCHG_bed/SY1035.bedgraph.gz	maize_ZEAMAP/epigenome/dna_methylation/01_regions/AMP_mCHG_bed/SY1035.bedgraph.gz	97.09KB
https://ftp.cngb.org/pub/CNSA/data3/CNP0001565/zeamap/05_Epigenetics/DNA_Methylation/01_Regions/AMP_mCHG_bed/SY1035.bedgraph.gz.tbi	maize_ZEAMAP/epigenome/dna_methylation/01_regions/AMP_mCHG_bed/SY1035.bedgraph.gz.tbi	79.68KB
https://ftp.cngb.org/pub/CNSA/data3/CNP0001565/zeamap/05_Epigenetics/DNA_Methylation/01_Regions/AMP_mCHG_bed/SY1052.bedgraph.gz	maize_ZEAMAP/epigenome/dna_methylation/01_regions/AMP_mCHG_bed/SY1052.bedgraph.gz	101.09KB
https://ftp.cngb.org/pub/CNSA/data3/CNP0001565/zeamap/05_Epigenetics/DNA_Methylation/01_Regions/AMP_mCHG_bed/SY1052.bedgraph.gz.tbi	maize_ZEAMAP/epigenome/dna_methylation/01_regions/AMP_mCHG_bed/SY1052.bedgraph.gz.tbi	79.69KB
https://ftp.cngb.org/pub/CNSA/data3/CNP0001565/zeamap/05_Epigenetics/DNA_Methylation/01_Regions/AMP_mCHG_bed/SY3073.bedgraph.gz	maize_ZEAMAP/epigenome/dna_methylation/01_regions/AMP_mCHG_bed/SY3073.bedgraph.gz	102.70KB
https://ftp.cngb.org/pub/CNSA/data3/CNP0001565/zeamap/05_Epigenetics/DNA_Methylation/01_Regions/AMP_mCHG_bed/SY3073.bedgraph.gz.tbi	maize_ZEAMAP/epigenome/dna_methylation/01_regions/AMP_mCHG_bed/SY3073.bedgraph.gz.tbi	79.76KB
https://ftp.cngb.org/pub/CNSA/data3/CNP0001565/zeamap/05_Epigenetics/DNA_Methylation/01_Regions/AMP_mCHG_bed/TIAN77.bedgraph.gz	maize_ZEAMAP/epigenome/dna_methylation/01_regions/AMP_mCHG_bed/TIAN77.bedgraph.gz	96.30KB
https://ftp.cngb.org/pub/CNSA/data3/CNP0001565/zeamap/05_Epigenetics/DNA_Methylation/01_Regions/AMP_mCHG_bed/TIAN77.bedgraph.gz.tbi	maize_ZEAMAP/epigenome/dna_methylation/01_regions/AMP_mCHG_bed/TIAN77.bedgraph.gz.tbi	79.62KB
https://ftp.cngb.org/pub/CNSA/data3/CNP0001565/zeamap/05_Epigenetics/DNA_Methylation/01_Regions/AMP_mCHG_bed/TIE7922.bedgraph.gz	maize_ZEAMAP/epigenome/dna_methylation/01_regions/AMP_mCHG_bed/TIE7922.bedgraph.gz	101.93KB
https://ftp.cngb.org/pub/CNSA/data3/CNP0001565/zeamap/05_Epigenetics/DNA_Methylation/01_Regions/AMP_mCHG_bed/TIE7922.bedgraph.gz.tbi	maize_ZEAMAP/epigenome/dna_methylation/01_regions/AMP_mCHG_bed/TIE7922.bedgraph.gz.tbi	79.74KB
https://ftp.cngb.org/pub/CNSA/data3/CNP0001565/zeamap/05_Epigenetics/DNA_Methylation/01_Regions/AMP_mCHG_bed/TT16.bedgraph.gz	maize_ZEAMAP/epigenome/dna_methylation/01_regions/AMP_mCHG_bed/TT16.bedgraph.gz	103.49KB
https://ftp.cngb.org/pub/CNSA/data3/CNP0001565/zeamap/05_Epigenetics/DNA_Methylation/01_Regions/AMP_mCHG_bed/TT16.bedgraph.gz.tbi	maize_ZEAMAP/epigenome/dna_methylation/01_regions/AMP_mCHG_bed/TT16.bedgraph.gz.tbi	79.82KB
https://ftp.cngb.org/pub/CNSA/data3/CNP0001565/zeamap/05_Epigenetics/DNA_Methylation/01_Regions/AMP_mCHG_bed/TX5.bedgraph.gz	maize_ZEAMAP/epigenome/dna_methylation/01_regions/AMP_mCHG_bed/TX5.bedgraph.gz	86.75KB
https://ftp.cngb.org/pub/CNSA/data3/CNP0001565/zeamap/05_Epigenetics/DNA_Methylation/01_Regions/AMP_mCHG_bed/TX5.bedgraph.gz.tbi	maize_ZEAMAP/epigenome/dna_methylation/01_regions/AMP_mCHG_bed/TX5.bedgraph.gz.tbi	79.43KB
https://ftp.cngb.org/pub/CNSA/data3/CNP0001565/zeamap/05_Epigenetics/DNA_Methylation/01_Regions/AMP_mCHG_bed/TY1.bedgraph.gz	maize_ZEAMAP/epigenome/dna_methylation/01_regions/AMP_mCHG_bed/TY1.bedgraph.gz	100.49KB
https://ftp.cngb.org/pub/CNSA/data3/CNP0001565/zeamap/05_Epigenetics/DNA_Methylation/01_Regions/AMP_mCHG_bed/TY1.bedgraph.gz.tbi	maize_ZEAMAP/epigenome/dna_methylation/01_regions/AMP_mCHG_bed/TY1.bedgraph.gz.tbi	79.66KB
https://ftp.cngb.org/pub/CNSA/data3/CNP0001565/zeamap/05_Epigenetics/DNA_Methylation/01_Regions/AMP_mCHG_bed/TY10.bedgraph.gz	maize_ZEAMAP/epigenome/dna_methylation/01_regions/AMP_mCHG_bed/TY10.bedgraph.gz	100.73KB
https://ftp.cngb.org/pub/CNSA/data3/CNP0001565/zeamap/05_Epigenetics/DNA_Methylation/01_Regions/AMP_mCHG_bed/TY10.bedgraph.gz.tbi	maize_ZEAMAP/epigenome/dna_methylation/01_regions/AMP_mCHG_bed/TY10.bedgraph.gz.tbi	79.69KB
https://ftp.cngb.org/pub/CNSA/data3/CNP0001565/zeamap/05_Epigenetics/DNA_Methylation/01_Regions/AMP_mCHG_bed/TY11.bedgraph.gz	maize_ZEAMAP/epigenome/dna_methylation/01_regions/AMP_mCHG_bed/TY11.bedgraph.gz	101.42KB
https://ftp.cngb.org/pub/CNSA/data3/CNP0001565/zeamap/05_Epigenetics/DNA_Methylation/01_Regions/AMP_mCHG_bed/TY11.bedgraph.gz.tbi	maize_ZEAMAP/epigenome/dna_methylation/01_regions/AMP_mCHG_bed/TY11.bedgraph.gz.tbi	79.74KB
https://ftp.cngb.org/pub/CNSA/data3/CNP0001565/zeamap/05_Epigenetics/DNA_Methylation/01_Regions/AMP_mCHG_bed/TY2.bedgraph.gz	maize_ZEAMAP/epigenome/dna_methylation/01_regions/AMP_mCHG_bed/TY2.bedgraph.gz	95.90KB
https://ftp.cngb.org/pub/CNSA/data3/CNP0001565/zeamap/05_Epigenetics/DNA_Methylation/01_Regions/AMP_mCHG_bed/TY2.bedgraph.gz.tbi	maize_ZEAMAP/epigenome/dna_methylation/01_regions/AMP_mCHG_bed/TY2.bedgraph.gz.tbi	79.61KB
https://ftp.cngb.org/pub/CNSA/data3/CNP0001565/zeamap/05_Epigenetics/DNA_Methylation/01_Regions/AMP_mCHG_bed/TY3.bedgraph.gz	maize_ZEAMAP/epigenome/dna_methylation/01_regions/AMP_mCHG_bed/TY3.bedgraph.gz	94.92KB
https://ftp.cngb.org/pub/CNSA/data3/CNP0001565/zeamap/05_Epigenetics/DNA_Methylation/01_Regions/AMP_mCHG_bed/TY3.bedgraph.gz.tbi	maize_ZEAMAP/epigenome/dna_methylation/01_regions/AMP_mCHG_bed/TY3.bedgraph.gz.tbi	79.57KB
https://ftp.cngb.org/pub/CNSA/data3/CNP0001565/zeamap/05_Epigenetics/DNA_Methylation/01_Regions/AMP_mCHG_bed/TY6.bedgraph.gz	maize_ZEAMAP/epigenome/dna_methylation/01_regions/AMP_mCHG_bed/TY6.bedgraph.gz	99.06KB
https://ftp.cngb.org/pub/CNSA/data3/CNP0001565/zeamap/05_Epigenetics/DNA_Methylation/01_Regions/AMP_mCHG_bed/TY6.bedgraph.gz.tbi	maize_ZEAMAP/epigenome/dna_methylation/01_regions/AMP_mCHG_bed/TY6.bedgraph.gz.tbi	79.66KB
https://ftp.cngb.org/pub/CNSA/data3/CNP0001565/zeamap/05_Epigenetics/DNA_Methylation/01_Regions/AMP_mCHG_bed/TY7.bedgraph.gz	maize_ZEAMAP/epigenome/dna_methylation/01_regions/AMP_mCHG_bed/TY7.bedgraph.gz	97.13KB
https://ftp.cngb.org/pub/CNSA/data3/CNP0001565/zeamap/05_Epigenetics/DNA_Methylation/01_Regions/AMP_mCHG_bed/TY7.bedgraph.gz.tbi	maize_ZEAMAP/epigenome/dna_methylation/01_regions/AMP_mCHG_bed/TY7.bedgraph.gz.tbi	79.65KB
https://ftp.cngb.org/pub/CNSA/data3/CNP0001565/zeamap/05_Epigenetics/DNA_Methylation/01_Regions/AMP_mCHG_bed/TY8.bedgraph.gz	maize_ZEAMAP/epigenome/dna_methylation/01_regions/AMP_mCHG_bed/TY8.bedgraph.gz	98.43KB
https://ftp.cngb.org/pub/CNSA/data3/CNP0001565/zeamap/05_Epigenetics/DNA_Methylation/01_Regions/AMP_mCHG_bed/TY8.bedgraph.gz.tbi	maize_ZEAMAP/epigenome/dna_methylation/01_regions/AMP_mCHG_bed/TY8.bedgraph.gz.tbi	79.66KB
https://ftp.cngb.org/pub/CNSA/data3/CNP0001565/zeamap/05_Epigenetics/DNA_Methylation/01_Regions/AMP_mCHG_bed/W138.bedgraph.gz	maize_ZEAMAP/epigenome/dna_methylation/01_regions/AMP_mCHG_bed/W138.bedgraph.gz	96.10KB
https://ftp.cngb.org/pub/CNSA/data3/CNP0001565/zeamap/05_Epigenetics/DNA_Methylation/01_Regions/AMP_mCHG_bed/W138.bedgraph.gz.tbi	maize_ZEAMAP/epigenome/dna_methylation/01_regions/AMP_mCHG_bed/W138.bedgraph.gz.tbi	79.66KB
https://ftp.cngb.org/pub/CNSA/data3/CNP0001565/zeamap/05_Epigenetics/DNA_Methylation/01_Regions/AMP_mCHG_bed/WMR.bedgraph.gz	maize_ZEAMAP/epigenome/dna_methylation/01_regions/AMP_mCHG_bed/WMR.bedgraph.gz	100.87KB
https://ftp.cngb.org/pub/CNSA/data3/CNP0001565/zeamap/05_Epigenetics/DNA_Methylation/01_Regions/AMP_mCHG_bed/WMR.bedgraph.gz.tbi	maize_ZEAMAP/epigenome/dna_methylation/01_regions/AMP_mCHG_bed/WMR.bedgraph.gz.tbi	79.76KB
https://ftp.cngb.org/pub/CNSA/data3/CNP0001565/zeamap/05_Epigenetics/DNA_Methylation/01_Regions/AMP_mCHG_bed/WU109.bedgraph.gz	maize_ZEAMAP/epigenome/dna_methylation/01_regions/AMP_mCHG_bed/WU109.bedgraph.gz	100.56KB
https://ftp.cngb.org/pub/CNSA/data3/CNP0001565/zeamap/05_Epigenetics/DNA_Methylation/01_Regions/AMP_mCHG_bed/WU109.bedgraph.gz.tbi	maize_ZEAMAP/epigenome/dna_methylation/01_regions/AMP_mCHG_bed/WU109.bedgraph.gz.tbi	79.70KB
https://ftp.cngb.org/pub/CNSA/data3/CNP0001565/zeamap/05_Epigenetics/DNA_Methylation/01_Regions/AMP_mCHG_bed/YE488.bedgraph.gz	maize_ZEAMAP/epigenome/dna_methylation/01_regions/AMP_mCHG_bed/YE488.bedgraph.gz	95.62KB
https://ftp.cngb.org/pub/CNSA/data3/CNP0001565/zeamap/05_Epigenetics/DNA_Methylation/01_Regions/AMP_mCHG_bed/YE488.bedgraph.gz.tbi	maize_ZEAMAP/epigenome/dna_methylation/01_regions/AMP_mCHG_bed/YE488.bedgraph.gz.tbi	79.60KB
https://ftp.cngb.org/pub/CNSA/data3/CNP0001565/zeamap/05_Epigenetics/DNA_Methylation/01_Regions/AMP_mCHG_bed/YU374.bedgraph.gz	maize_ZEAMAP/epigenome/dna_methylation/01_regions/AMP_mCHG_bed/YU374.bedgraph.gz	86.48KB
https://ftp.cngb.org/pub/CNSA/data3/CNP0001565/zeamap/05_Epigenetics/DNA_Methylation/01_Regions/AMP_mCHG_bed/YU374.bedgraph.gz.tbi	maize_ZEAMAP/epigenome/dna_methylation/01_regions/AMP_mCHG_bed/YU374.bedgraph.gz.tbi	79.45KB
https://ftp.cngb.org/pub/CNSA/data3/CNP0001565/zeamap/05_Epigenetics/DNA_Methylation/01_Regions/AMP_mCHG_bed/YU87-1.bedgraph.gz	maize_ZEAMAP/epigenome/dna_methylation/01_regions/AMP_mCHG_bed/YU87-1.bedgraph.gz	96.82KB
https://ftp.cngb.org/pub/CNSA/data3/CNP0001565/zeamap/05_Epigenetics/DNA_Methylation/01_Regions/AMP_mCHG_bed/YU87-1.bedgraph.gz.tbi	maize_ZEAMAP/epigenome/dna_methylation/01_regions/AMP_mCHG_bed/YU87-1.bedgraph.gz.tbi	79.65KB
https://ftp.cngb.org/pub/CNSA/data3/CNP0001565/zeamap/05_Epigenetics/DNA_Methylation/01_Regions/AMP_mCHG_bed/Z2018F.bedgraph.gz	maize_ZEAMAP/epigenome/dna_methylation/01_regions/AMP_mCHG_bed/Z2018F.bedgraph.gz	99.98KB
https://ftp.cngb.org/pub/CNSA/data3/CNP0001565/zeamap/05_Epigenetics/DNA_Methylation/01_Regions/AMP_mCHG_bed/Z2018F.bedgraph.gz.tbi	maize_ZEAMAP/epigenome/dna_methylation/01_regions/AMP_mCHG_bed/Z2018F.bedgraph.gz.tbi	79.67KB
https://ftp.cngb.org/pub/CNSA/data3/CNP0001565/zeamap/05_Epigenetics/DNA_Methylation/01_Regions/AMP_mCHG_bed/ZB648.bedgraph.gz	maize_ZEAMAP/epigenome/dna_methylation/01_regions/AMP_mCHG_bed/ZB648.bedgraph.gz	96.40KB
https://ftp.cngb.org/pub/CNSA/data3/CNP0001565/zeamap/05_Epigenetics/DNA_Methylation/01_Regions/AMP_mCHG_bed/ZB648.bedgraph.gz.tbi	maize_ZEAMAP/epigenome/dna_methylation/01_regions/AMP_mCHG_bed/ZB648.bedgraph.gz.tbi	79.58KB
https://ftp.cngb.org/pub/CNSA/data3/CNP0001565/zeamap/05_Epigenetics/DNA_Methylation/01_Regions/AMP_mCHG_bed/ZHENG22.bedgraph.gz	maize_ZEAMAP/epigenome/dna_methylation/01_regions/AMP_mCHG_bed/ZHENG22.bedgraph.gz	99.95KB
https://ftp.cngb.org/pub/CNSA/data3/CNP0001565/zeamap/05_Epigenetics/DNA_Methylation/01_Regions/AMP_mCHG_bed/ZHENG22.bedgraph.gz.tbi	maize_ZEAMAP/epigenome/dna_methylation/01_regions/AMP_mCHG_bed/ZHENG22.bedgraph.gz.tbi	79.68KB
https://ftp.cngb.org/pub/CNSA/data3/CNP0001565/zeamap/05_Epigenetics/DNA_Methylation/01_Regions/AMP_mCHG_bed/ZHENG29.bedgraph.gz	maize_ZEAMAP/epigenome/dna_methylation/01_regions/AMP_mCHG_bed/ZHENG29.bedgraph.gz	101.07KB
https://ftp.cngb.org/pub/CNSA/data3/CNP0001565/zeamap/05_Epigenetics/DNA_Methylation/01_Regions/AMP_mCHG_bed/ZHENG29.bedgraph.gz.tbi	maize_ZEAMAP/epigenome/dna_methylation/01_regions/AMP_mCHG_bed/ZHENG29.bedgraph.gz.tbi	79.75KB
https://ftp.cngb.org/pub/CNSA/data3/CNP0001565/zeamap/05_Epigenetics/DNA_Methylation/01_Regions/AMP_mCHG_bed/ZHENG30.bedgraph.gz	maize_ZEAMAP/epigenome/dna_methylation/01_regions/AMP_mCHG_bed/ZHENG30.bedgraph.gz	97.77KB
https://ftp.cngb.org/pub/CNSA/data3/CNP0001565/zeamap/05_Epigenetics/DNA_Methylation/01_Regions/AMP_mCHG_bed/ZHENG30.bedgraph.gz.tbi	maize_ZEAMAP/epigenome/dna_methylation/01_regions/AMP_mCHG_bed/ZHENG30.bedgraph.gz.tbi	79.65KB
https://ftp.cngb.org/pub/CNSA/data3/CNP0001565/zeamap/05_Epigenetics/DNA_Methylation/01_Regions/AMP_mCHG_bed/ZHENG35.bedgraph.gz	maize_ZEAMAP/epigenome/dna_methylation/01_regions/AMP_mCHG_bed/ZHENG35.bedgraph.gz	102.76KB
https://ftp.cngb.org/pub/CNSA/data3/CNP0001565/zeamap/05_Epigenetics/DNA_Methylation/01_Regions/AMP_mCHG_bed/ZHENG35.bedgraph.gz.tbi	maize_ZEAMAP/epigenome/dna_methylation/01_regions/AMP_mCHG_bed/ZHENG35.bedgraph.gz.tbi	79.74KB
https://ftp.cngb.org/pub/CNSA/data3/CNP0001565/zeamap/05_Epigenetics/DNA_Methylation/01_Regions/AMP_mCHG_bed/ZHENG58.bedgraph.gz	maize_ZEAMAP/epigenome/dna_methylation/01_regions/AMP_mCHG_bed/ZHENG58.bedgraph.gz	98.97KB
https://ftp.cngb.org/pub/CNSA/data3/CNP0001565/zeamap/05_Epigenetics/DNA_Methylation/01_Regions/AMP_mCHG_bed/ZHENG58.bedgraph.gz.tbi	maize_ZEAMAP/epigenome/dna_methylation/01_regions/AMP_mCHG_bed/ZHENG58.bedgraph.gz.tbi	79.66KB
https://ftp.cngb.org/pub/CNSA/data3/CNP0001565/zeamap/05_Epigenetics/DNA_Methylation/01_Regions/AMP_mCHG_bed/ZHENG653.bedgraph.gz	maize_ZEAMAP/epigenome/dna_methylation/01_regions/AMP_mCHG_bed/ZHENG653.bedgraph.gz	90.70KB
https://ftp.cngb.org/pub/CNSA/data3/CNP0001565/zeamap/05_Epigenetics/DNA_Methylation/01_Regions/AMP_mCHG_bed/ZHENG653.bedgraph.gz.tbi	maize_ZEAMAP/epigenome/dna_methylation/01_regions/AMP_mCHG_bed/ZHENG653.bedgraph.gz.tbi	79.48KB
https://ftp.cngb.org/pub/CNSA/data3/CNP0001565/zeamap/05_Epigenetics/DNA_Methylation/01_Regions/AMP_mCHG_bed/ZHI41.bedgraph.gz	maize_ZEAMAP/epigenome/dna_methylation/01_regions/AMP_mCHG_bed/ZHI41.bedgraph.gz	100.55KB
https://ftp.cngb.org/pub/CNSA/data3/CNP0001565/zeamap/05_Epigenetics/DNA_Methylation/01_Regions/AMP_mCHG_bed/ZHI41.bedgraph.gz.tbi	maize_ZEAMAP/epigenome/dna_methylation/01_regions/AMP_mCHG_bed/ZHI41.bedgraph.gz.tbi	79.68KB
https://ftp.cngb.org/pub/CNSA/data3/CNP0001565/zeamap/05_Epigenetics/DNA_Methylation/01_Regions/AMP_mCHG_bed/ZZ01.bedgraph.gz	maize_ZEAMAP/epigenome/dna_methylation/01_regions/AMP_mCHG_bed/ZZ01.bedgraph.gz	100.65KB
https://ftp.cngb.org/pub/CNSA/data3/CNP0001565/zeamap/05_Epigenetics/DNA_Methylation/01_Regions/AMP_mCHG_bed/ZZ01.bedgraph.gz.tbi	maize_ZEAMAP/epigenome/dna_methylation/01_regions/AMP_mCHG_bed/ZZ01.bedgraph.gz.tbi	79.67KB
https://ftp.cngb.org/pub/CNSA/data3/CNP0001565/zeamap/05_Epigenetics/DNA_Methylation/01_Regions/AMP_mCHG_bed/md5.txt	maize_ZEAMAP/epigenome/dna_methylation/01_regions/AMP_mCHG_bed/md5.txt	28.16KB
https://ftp.cngb.org/pub/CNSA/data3/CNP0001565/zeamap/05_Epigenetics/DNA_Methylation/01_Regions/AMP_mCHH_bed/04K5686.bedgraph.gz	maize_ZEAMAP/epigenome/dna_methylation/01_regions/AMP_mCHH_bed/04K5686.bedgraph.gz	53.67KB
https://ftp.cngb.org/pub/CNSA/data3/CNP0001565/zeamap/05_Epigenetics/DNA_Methylation/01_Regions/AMP_mCHH_bed/04K5686.bedgraph.gz.tbi	maize_ZEAMAP/epigenome/dna_methylation/01_regions/AMP_mCHH_bed/04K5686.bedgraph.gz.tbi	47.96KB
https://ftp.cngb.org/pub/CNSA/data3/CNP0001565/zeamap/05_Epigenetics/DNA_Methylation/01_Regions/AMP_mCHH_bed/05WN230.bedgraph.gz	maize_ZEAMAP/epigenome/dna_methylation/01_regions/AMP_mCHH_bed/05WN230.bedgraph.gz	50.29KB
https://ftp.cngb.org/pub/CNSA/data3/CNP0001565/zeamap/05_Epigenetics/DNA_Methylation/01_Regions/AMP_mCHH_bed/05WN230.bedgraph.gz.tbi	maize_ZEAMAP/epigenome/dna_methylation/01_regions/AMP_mCHH_bed/05WN230.bedgraph.gz.tbi	47.86KB
https://ftp.cngb.org/pub/CNSA/data3/CNP0001565/zeamap/05_Epigenetics/DNA_Methylation/01_Regions/AMP_mCHH_bed/07KS4.bedgraph.gz	maize_ZEAMAP/epigenome/dna_methylation/01_regions/AMP_mCHH_bed/07KS4.bedgraph.gz	51.81KB
https://ftp.cngb.org/pub/CNSA/data3/CNP0001565/zeamap/05_Epigenetics/DNA_Methylation/01_Regions/AMP_mCHH_bed/07KS4.bedgraph.gz.tbi	maize_ZEAMAP/epigenome/dna_methylation/01_regions/AMP_mCHH_bed/07KS4.bedgraph.gz.tbi	47.91KB
https://ftp.cngb.org/pub/CNSA/data3/CNP0001565/zeamap/05_Epigenetics/DNA_Methylation/01_Regions/AMP_mCHH_bed/1323.bedgraph.gz	maize_ZEAMAP/epigenome/dna_methylation/01_regions/AMP_mCHH_bed/1323.bedgraph.gz	52.39KB
https://ftp.cngb.org/pub/CNSA/data3/CNP0001565/zeamap/05_Epigenetics/DNA_Methylation/01_Regions/AMP_mCHH_bed/1323.bedgraph.gz.tbi	maize_ZEAMAP/epigenome/dna_methylation/01_regions/AMP_mCHH_bed/1323.bedgraph.gz.tbi	47.92KB
https://ftp.cngb.org/pub/CNSA/data3/CNP0001565/zeamap/05_Epigenetics/DNA_Methylation/01_Regions/AMP_mCHH_bed/150.bedgraph.gz	maize_ZEAMAP/epigenome/dna_methylation/01_regions/AMP_mCHH_bed/150.bedgraph.gz	53.09KB
https://ftp.cngb.org/pub/CNSA/data3/CNP0001565/zeamap/05_Epigenetics/DNA_Methylation/01_Regions/AMP_mCHH_bed/150.bedgraph.gz.tbi	maize_ZEAMAP/epigenome/dna_methylation/01_regions/AMP_mCHH_bed/150.bedgraph.gz.tbi	47.91KB
https://ftp.cngb.org/pub/CNSA/data3/CNP0001565/zeamap/05_Epigenetics/DNA_Methylation/01_Regions/AMP_mCHH_bed/177.bedgraph.gz	maize_ZEAMAP/epigenome/dna_methylation/01_regions/AMP_mCHH_bed/177.bedgraph.gz	46.98KB
https://ftp.cngb.org/pub/CNSA/data3/CNP0001565/zeamap/05_Epigenetics/DNA_Methylation/01_Regions/AMP_mCHH_bed/177.bedgraph.gz.tbi	maize_ZEAMAP/epigenome/dna_methylation/01_regions/AMP_mCHH_bed/177.bedgraph.gz.tbi	47.77KB
https://ftp.cngb.org/pub/CNSA/data3/CNP0001565/zeamap/05_Epigenetics/DNA_Methylation/01_Regions/AMP_mCHH_bed/238.bedgraph.gz	maize_ZEAMAP/epigenome/dna_methylation/01_regions/AMP_mCHH_bed/238.bedgraph.gz	51.01KB
https://ftp.cngb.org/pub/CNSA/data3/CNP0001565/zeamap/05_Epigenetics/DNA_Methylation/01_Regions/AMP_mCHH_bed/238.bedgraph.gz.tbi	maize_ZEAMAP/epigenome/dna_methylation/01_regions/AMP_mCHH_bed/238.bedgraph.gz.tbi	47.86KB
https://ftp.cngb.org/pub/CNSA/data3/CNP0001565/zeamap/05_Epigenetics/DNA_Methylation/01_Regions/AMP_mCHH_bed/268.bedgraph.gz	maize_ZEAMAP/epigenome/dna_methylation/01_regions/AMP_mCHH_bed/268.bedgraph.gz	50.14KB
https://ftp.cngb.org/pub/CNSA/data3/CNP0001565/zeamap/05_Epigenetics/DNA_Methylation/01_Regions/AMP_mCHH_bed/268.bedgraph.gz.tbi	maize_ZEAMAP/epigenome/dna_methylation/01_regions/AMP_mCHH_bed/268.bedgraph.gz.tbi	47.88KB
https://ftp.cngb.org/pub/CNSA/data3/CNP0001565/zeamap/05_Epigenetics/DNA_Methylation/01_Regions/AMP_mCHH_bed/384-2.bedgraph.gz	maize_ZEAMAP/epigenome/dna_methylation/01_regions/AMP_mCHH_bed/384-2.bedgraph.gz	43.61KB
https://ftp.cngb.org/pub/CNSA/data3/CNP0001565/zeamap/05_Epigenetics/DNA_Methylation/01_Regions/AMP_mCHH_bed/384-2.bedgraph.gz.tbi	maize_ZEAMAP/epigenome/dna_methylation/01_regions/AMP_mCHH_bed/384-2.bedgraph.gz.tbi	47.73KB
https://ftp.cngb.org/pub/CNSA/data3/CNP0001565/zeamap/05_Epigenetics/DNA_Methylation/01_Regions/AMP_mCHH_bed/4019.bedgraph.gz	maize_ZEAMAP/epigenome/dna_methylation/01_regions/AMP_mCHH_bed/4019.bedgraph.gz	51.85KB
https://ftp.cngb.org/pub/CNSA/data3/CNP0001565/zeamap/05_Epigenetics/DNA_Methylation/01_Regions/AMP_mCHH_bed/4019.bedgraph.gz.tbi	maize_ZEAMAP/epigenome/dna_methylation/01_regions/AMP_mCHH_bed/4019.bedgraph.gz.tbi	47.94KB
https://ftp.cngb.org/pub/CNSA/data3/CNP0001565/zeamap/05_Epigenetics/DNA_Methylation/01_Regions/AMP_mCHH_bed/4F1.bedgraph.gz	maize_ZEAMAP/epigenome/dna_methylation/01_regions/AMP_mCHH_bed/4F1.bedgraph.gz	51.82KB
https://ftp.cngb.org/pub/CNSA/data3/CNP0001565/zeamap/05_Epigenetics/DNA_Methylation/01_Regions/AMP_mCHH_bed/4F1.bedgraph.gz.tbi	maize_ZEAMAP/epigenome/dna_methylation/01_regions/AMP_mCHH_bed/4F1.bedgraph.gz.tbi	47.92KB
https://ftp.cngb.org/pub/CNSA/data3/CNP0001565/zeamap/05_Epigenetics/DNA_Methylation/01_Regions/AMP_mCHH_bed/501.bedgraph.gz	maize_ZEAMAP/epigenome/dna_methylation/01_regions/AMP_mCHH_bed/501.bedgraph.gz	51.03KB
https://ftp.cngb.org/pub/CNSA/data3/CNP0001565/zeamap/05_Epigenetics/DNA_Methylation/01_Regions/AMP_mCHH_bed/501.bedgraph.gz.tbi	maize_ZEAMAP/epigenome/dna_methylation/01_regions/AMP_mCHH_bed/501.bedgraph.gz.tbi	47.89KB
https://ftp.cngb.org/pub/CNSA/data3/CNP0001565/zeamap/05_Epigenetics/DNA_Methylation/01_Regions/AMP_mCHH_bed/5213.bedgraph.gz	maize_ZEAMAP/epigenome/dna_methylation/01_regions/AMP_mCHH_bed/5213.bedgraph.gz	49.37KB
https://ftp.cngb.org/pub/CNSA/data3/CNP0001565/zeamap/05_Epigenetics/DNA_Methylation/01_Regions/AMP_mCHH_bed/5213.bedgraph.gz.tbi	maize_ZEAMAP/epigenome/dna_methylation/01_regions/AMP_mCHH_bed/5213.bedgraph.gz.tbi	47.82KB
https://ftp.cngb.org/pub/CNSA/data3/CNP0001565/zeamap/05_Epigenetics/DNA_Methylation/01_Regions/AMP_mCHH_bed/7327.bedgraph.gz	maize_ZEAMAP/epigenome/dna_methylation/01_regions/AMP_mCHH_bed/7327.bedgraph.gz	53.49KB
https://ftp.cngb.org/pub/CNSA/data3/CNP0001565/zeamap/05_Epigenetics/DNA_Methylation/01_Regions/AMP_mCHH_bed/7327.bedgraph.gz.tbi	maize_ZEAMAP/epigenome/dna_methylation/01_regions/AMP_mCHH_bed/7327.bedgraph.gz.tbi	47.91KB
https://ftp.cngb.org/pub/CNSA/data3/CNP0001565/zeamap/05_Epigenetics/DNA_Methylation/01_Regions/AMP_mCHH_bed/7381.bedgraph.gz	maize_ZEAMAP/epigenome/dna_methylation/01_regions/AMP_mCHH_bed/7381.bedgraph.gz	45.65KB
https://ftp.cngb.org/pub/CNSA/data3/CNP0001565/zeamap/05_Epigenetics/DNA_Methylation/01_Regions/AMP_mCHH_bed/7381.bedgraph.gz.tbi	maize_ZEAMAP/epigenome/dna_methylation/01_regions/AMP_mCHH_bed/7381.bedgraph.gz.tbi	47.77KB
https://ftp.cngb.org/pub/CNSA/data3/CNP0001565/zeamap/05_Epigenetics/DNA_Methylation/01_Regions/AMP_mCHH_bed/812.bedgraph.gz	maize_ZEAMAP/epigenome/dna_methylation/01_regions/AMP_mCHH_bed/812.bedgraph.gz	53.25KB
https://ftp.cngb.org/pub/CNSA/data3/CNP0001565/zeamap/05_Epigenetics/DNA_Methylation/01_Regions/AMP_mCHH_bed/812.bedgraph.gz.tbi	maize_ZEAMAP/epigenome/dna_methylation/01_regions/AMP_mCHH_bed/812.bedgraph.gz.tbi	47.90KB
https://ftp.cngb.org/pub/CNSA/data3/CNP0001565/zeamap/05_Epigenetics/DNA_Methylation/01_Regions/AMP_mCHH_bed/832.bedgraph.gz	maize_ZEAMAP/epigenome/dna_methylation/01_regions/AMP_mCHH_bed/832.bedgraph.gz	53.54KB
https://ftp.cngb.org/pub/CNSA/data3/CNP0001565/zeamap/05_Epigenetics/DNA_Methylation/01_Regions/AMP_mCHH_bed/832.bedgraph.gz.tbi	maize_ZEAMAP/epigenome/dna_methylation/01_regions/AMP_mCHH_bed/832.bedgraph.gz.tbi	47.94KB
https://ftp.cngb.org/pub/CNSA/data3/CNP0001565/zeamap/05_Epigenetics/DNA_Methylation/01_Regions/AMP_mCHH_bed/835A.bedgraph.gz	maize_ZEAMAP/epigenome/dna_methylation/01_regions/AMP_mCHH_bed/835A.bedgraph.gz	48.16KB
https://ftp.cngb.org/pub/CNSA/data3/CNP0001565/zeamap/05_Epigenetics/DNA_Methylation/01_Regions/AMP_mCHH_bed/835A.bedgraph.gz.tbi	maize_ZEAMAP/epigenome/dna_methylation/01_regions/AMP_mCHH_bed/835A.bedgraph.gz.tbi	47.84KB
https://ftp.cngb.org/pub/CNSA/data3/CNP0001565/zeamap/05_Epigenetics/DNA_Methylation/01_Regions/AMP_mCHH_bed/8902.bedgraph.gz	maize_ZEAMAP/epigenome/dna_methylation/01_regions/AMP_mCHH_bed/8902.bedgraph.gz	51.42KB
https://ftp.cngb.org/pub/CNSA/data3/CNP0001565/zeamap/05_Epigenetics/DNA_Methylation/01_Regions/AMP_mCHH_bed/8902.bedgraph.gz.tbi	maize_ZEAMAP/epigenome/dna_methylation/01_regions/AMP_mCHH_bed/8902.bedgraph.gz.tbi	47.90KB
https://ftp.cngb.org/pub/CNSA/data3/CNP0001565/zeamap/05_Epigenetics/DNA_Methylation/01_Regions/AMP_mCHH_bed/975-12.bedgraph.gz	maize_ZEAMAP/epigenome/dna_methylation/01_regions/AMP_mCHH_bed/975-12.bedgraph.gz	54.28KB
https://ftp.cngb.org/pub/CNSA/data3/CNP0001565/zeamap/05_Epigenetics/DNA_Methylation/01_Regions/AMP_mCHH_bed/975-12.bedgraph.gz.tbi	maize_ZEAMAP/epigenome/dna_methylation/01_regions/AMP_mCHH_bed/975-12.bedgraph.gz.tbi	47.94KB
https://ftp.cngb.org/pub/CNSA/data3/CNP0001565/zeamap/05_Epigenetics/DNA_Methylation/01_Regions/AMP_mCHH_bed/A619.bedgraph.gz	maize_ZEAMAP/epigenome/dna_methylation/01_regions/AMP_mCHH_bed/A619.bedgraph.gz	51.53KB
https://ftp.cngb.org/pub/CNSA/data3/CNP0001565/zeamap/05_Epigenetics/DNA_Methylation/01_Regions/AMP_mCHH_bed/A619.bedgraph.gz.tbi	maize_ZEAMAP/epigenome/dna_methylation/01_regions/AMP_mCHH_bed/A619.bedgraph.gz.tbi	47.90KB
https://ftp.cngb.org/pub/CNSA/data3/CNP0001565/zeamap/05_Epigenetics/DNA_Methylation/01_Regions/AMP_mCHH_bed/B11.bedgraph.gz	maize_ZEAMAP/epigenome/dna_methylation/01_regions/AMP_mCHH_bed/B11.bedgraph.gz	51.59KB
https://ftp.cngb.org/pub/CNSA/data3/CNP0001565/zeamap/05_Epigenetics/DNA_Methylation/01_Regions/AMP_mCHH_bed/B11.bedgraph.gz.tbi	maize_ZEAMAP/epigenome/dna_methylation/01_regions/AMP_mCHH_bed/B11.bedgraph.gz.tbi	47.88KB
https://ftp.cngb.org/pub/CNSA/data3/CNP0001565/zeamap/05_Epigenetics/DNA_Methylation/01_Regions/AMP_mCHH_bed/B110.bedgraph.gz	maize_ZEAMAP/epigenome/dna_methylation/01_regions/AMP_mCHH_bed/B110.bedgraph.gz	52.85KB
https://ftp.cngb.org/pub/CNSA/data3/CNP0001565/zeamap/05_Epigenetics/DNA_Methylation/01_Regions/AMP_mCHH_bed/B110.bedgraph.gz.tbi	maize_ZEAMAP/epigenome/dna_methylation/01_regions/AMP_mCHH_bed/B110.bedgraph.gz.tbi	47.91KB
https://ftp.cngb.org/pub/CNSA/data3/CNP0001565/zeamap/05_Epigenetics/DNA_Methylation/01_Regions/AMP_mCHH_bed/B111.bedgraph.gz	maize_ZEAMAP/epigenome/dna_methylation/01_regions/AMP_mCHH_bed/B111.bedgraph.gz	53.59KB
https://ftp.cngb.org/pub/CNSA/data3/CNP0001565/zeamap/05_Epigenetics/DNA_Methylation/01_Regions/AMP_mCHH_bed/B111.bedgraph.gz.tbi	maize_ZEAMAP/epigenome/dna_methylation/01_regions/AMP_mCHH_bed/B111.bedgraph.gz.tbi	47.93KB
https://ftp.cngb.org/pub/CNSA/data3/CNP0001565/zeamap/05_Epigenetics/DNA_Methylation/01_Regions/AMP_mCHH_bed/B73.bedgraph.gz	maize_ZEAMAP/epigenome/dna_methylation/01_regions/AMP_mCHH_bed/B73.bedgraph.gz	53.64KB
https://ftp.cngb.org/pub/CNSA/data3/CNP0001565/zeamap/05_Epigenetics/DNA_Methylation/01_Regions/AMP_mCHH_bed/B73.bedgraph.gz.tbi	maize_ZEAMAP/epigenome/dna_methylation/01_regions/AMP_mCHH_bed/B73.bedgraph.gz.tbi	47.93KB
https://ftp.cngb.org/pub/CNSA/data3/CNP0001565/zeamap/05_Epigenetics/DNA_Methylation/01_Regions/AMP_mCHH_bed/BEM.bedgraph.gz	maize_ZEAMAP/epigenome/dna_methylation/01_regions/AMP_mCHH_bed/BEM.bedgraph.gz	50.86KB
https://ftp.cngb.org/pub/CNSA/data3/CNP0001565/zeamap/05_Epigenetics/DNA_Methylation/01_Regions/AMP_mCHH_bed/BEM.bedgraph.gz.tbi	maize_ZEAMAP/epigenome/dna_methylation/01_regions/AMP_mCHH_bed/BEM.bedgraph.gz.tbi	47.84KB
https://ftp.cngb.org/pub/CNSA/data3/CNP0001565/zeamap/05_Epigenetics/DNA_Methylation/01_Regions/AMP_mCHH_bed/BS16.bedgraph.gz	maize_ZEAMAP/epigenome/dna_methylation/01_regions/AMP_mCHH_bed/BS16.bedgraph.gz	52.65KB
https://ftp.cngb.org/pub/CNSA/data3/CNP0001565/zeamap/05_Epigenetics/DNA_Methylation/01_Regions/AMP_mCHH_bed/BS16.bedgraph.gz.tbi	maize_ZEAMAP/epigenome/dna_methylation/01_regions/AMP_mCHH_bed/BS16.bedgraph.gz.tbi	47.88KB
https://ftp.cngb.org/pub/CNSA/data3/CNP0001565/zeamap/05_Epigenetics/DNA_Methylation/01_Regions/AMP_mCHH_bed/BY4839.bedgraph.gz	maize_ZEAMAP/epigenome/dna_methylation/01_regions/AMP_mCHH_bed/BY4839.bedgraph.gz	43.44KB
https://ftp.cngb.org/pub/CNSA/data3/CNP0001565/zeamap/05_Epigenetics/DNA_Methylation/01_Regions/AMP_mCHH_bed/BY4839.bedgraph.gz.tbi	maize_ZEAMAP/epigenome/dna_methylation/01_regions/AMP_mCHH_bed/BY4839.bedgraph.gz.tbi	47.70KB
https://ftp.cngb.org/pub/CNSA/data3/CNP0001565/zeamap/05_Epigenetics/DNA_Methylation/01_Regions/AMP_mCHH_bed/BY4944.bedgraph.gz	maize_ZEAMAP/epigenome/dna_methylation/01_regions/AMP_mCHH_bed/BY4944.bedgraph.gz	51.26KB
https://ftp.cngb.org/pub/CNSA/data3/CNP0001565/zeamap/05_Epigenetics/DNA_Methylation/01_Regions/AMP_mCHH_bed/BY4944.bedgraph.gz.tbi	maize_ZEAMAP/epigenome/dna_methylation/01_regions/AMP_mCHH_bed/BY4944.bedgraph.gz.tbi	47.83KB
https://ftp.cngb.org/pub/CNSA/data3/CNP0001565/zeamap/05_Epigenetics/DNA_Methylation/01_Regions/AMP_mCHH_bed/BY4960.bedgraph.gz	maize_ZEAMAP/epigenome/dna_methylation/01_regions/AMP_mCHH_bed/BY4960.bedgraph.gz	49.80KB
https://ftp.cngb.org/pub/CNSA/data3/CNP0001565/zeamap/05_Epigenetics/DNA_Methylation/01_Regions/AMP_mCHH_bed/BY4960.bedgraph.gz.tbi	maize_ZEAMAP/epigenome/dna_methylation/01_regions/AMP_mCHH_bed/BY4960.bedgraph.gz.tbi	47.86KB
https://ftp.cngb.org/pub/CNSA/data3/CNP0001565/zeamap/05_Epigenetics/DNA_Methylation/01_Regions/AMP_mCHH_bed/BY809.bedgraph.gz	maize_ZEAMAP/epigenome/dna_methylation/01_regions/AMP_mCHH_bed/BY809.bedgraph.gz	52.13KB
https://ftp.cngb.org/pub/CNSA/data3/CNP0001565/zeamap/05_Epigenetics/DNA_Methylation/01_Regions/AMP_mCHH_bed/BY809.bedgraph.gz.tbi	maize_ZEAMAP/epigenome/dna_methylation/01_regions/AMP_mCHH_bed/BY809.bedgraph.gz.tbi	47.90KB
https://ftp.cngb.org/pub/CNSA/data3/CNP0001565/zeamap/05_Epigenetics/DNA_Methylation/01_Regions/AMP_mCHH_bed/BY813.bedgraph.gz	maize_ZEAMAP/epigenome/dna_methylation/01_regions/AMP_mCHH_bed/BY813.bedgraph.gz	51.61KB
https://ftp.cngb.org/pub/CNSA/data3/CNP0001565/zeamap/05_Epigenetics/DNA_Methylation/01_Regions/AMP_mCHH_bed/BY813.bedgraph.gz.tbi	maize_ZEAMAP/epigenome/dna_methylation/01_regions/AMP_mCHH_bed/BY813.bedgraph.gz.tbi	47.88KB
https://ftp.cngb.org/pub/CNSA/data3/CNP0001565/zeamap/05_Epigenetics/DNA_Methylation/01_Regions/AMP_mCHH_bed/BY815.bedgraph.gz	maize_ZEAMAP/epigenome/dna_methylation/01_regions/AMP_mCHH_bed/BY815.bedgraph.gz	52.63KB
https://ftp.cngb.org/pub/CNSA/data3/CNP0001565/zeamap/05_Epigenetics/DNA_Methylation/01_Regions/AMP_mCHH_bed/BY815.bedgraph.gz.tbi	maize_ZEAMAP/epigenome/dna_methylation/01_regions/AMP_mCHH_bed/BY815.bedgraph.gz.tbi	47.92KB
https://ftp.cngb.org/pub/CNSA/data3/CNP0001565/zeamap/05_Epigenetics/DNA_Methylation/01_Regions/AMP_mCHH_bed/BY855.bedgraph.gz	maize_ZEAMAP/epigenome/dna_methylation/01_regions/AMP_mCHH_bed/BY855.bedgraph.gz	52.68KB
https://ftp.cngb.org/pub/CNSA/data3/CNP0001565/zeamap/05_Epigenetics/DNA_Methylation/01_Regions/AMP_mCHH_bed/BY855.bedgraph.gz.tbi	maize_ZEAMAP/epigenome/dna_methylation/01_regions/AMP_mCHH_bed/BY855.bedgraph.gz.tbi	47.94KB
https://ftp.cngb.org/pub/CNSA/data3/CNP0001565/zeamap/05_Epigenetics/DNA_Methylation/01_Regions/AMP_mCHH_bed/CF3.bedgraph.gz	maize_ZEAMAP/epigenome/dna_methylation/01_regions/AMP_mCHH_bed/CF3.bedgraph.gz	53.19KB
https://ftp.cngb.org/pub/CNSA/data3/CNP0001565/zeamap/05_Epigenetics/DNA_Methylation/01_Regions/AMP_mCHH_bed/CF3.bedgraph.gz.tbi	maize_ZEAMAP/epigenome/dna_methylation/01_regions/AMP_mCHH_bed/CF3.bedgraph.gz.tbi	47.92KB
https://ftp.cngb.org/pub/CNSA/data3/CNP0001565/zeamap/05_Epigenetics/DNA_Methylation/01_Regions/AMP_mCHH_bed/CHENG698.bedgraph.gz	maize_ZEAMAP/epigenome/dna_methylation/01_regions/AMP_mCHH_bed/CHENG698.bedgraph.gz	52.71KB
https://ftp.cngb.org/pub/CNSA/data3/CNP0001565/zeamap/05_Epigenetics/DNA_Methylation/01_Regions/AMP_mCHH_bed/CHENG698.bedgraph.gz.tbi	maize_ZEAMAP/epigenome/dna_methylation/01_regions/AMP_mCHH_bed/CHENG698.bedgraph.gz.tbi	47.91KB
https://ftp.cngb.org/pub/CNSA/data3/CNP0001565/zeamap/05_Epigenetics/DNA_Methylation/01_Regions/AMP_mCHH_bed/CIMBL10.bedgraph.gz	maize_ZEAMAP/epigenome/dna_methylation/01_regions/AMP_mCHH_bed/CIMBL10.bedgraph.gz	52.68KB
https://ftp.cngb.org/pub/CNSA/data3/CNP0001565/zeamap/05_Epigenetics/DNA_Methylation/01_Regions/AMP_mCHH_bed/CIMBL10.bedgraph.gz.tbi	maize_ZEAMAP/epigenome/dna_methylation/01_regions/AMP_mCHH_bed/CIMBL10.bedgraph.gz.tbi	47.93KB
https://ftp.cngb.org/pub/CNSA/data3/CNP0001565/zeamap/05_Epigenetics/DNA_Methylation/01_Regions/AMP_mCHH_bed/CIMBL105.bedgraph.gz	maize_ZEAMAP/epigenome/dna_methylation/01_regions/AMP_mCHH_bed/CIMBL105.bedgraph.gz	52.29KB
https://ftp.cngb.org/pub/CNSA/data3/CNP0001565/zeamap/05_Epigenetics/DNA_Methylation/01_Regions/AMP_mCHH_bed/CIMBL105.bedgraph.gz.tbi	maize_ZEAMAP/epigenome/dna_methylation/01_regions/AMP_mCHH_bed/CIMBL105.bedgraph.gz.tbi	47.89KB
https://ftp.cngb.org/pub/CNSA/data3/CNP0001565/zeamap/05_Epigenetics/DNA_Methylation/01_Regions/AMP_mCHH_bed/CIMBL107.bedgraph.gz	maize_ZEAMAP/epigenome/dna_methylation/01_regions/AMP_mCHH_bed/CIMBL107.bedgraph.gz	52.32KB
https://ftp.cngb.org/pub/CNSA/data3/CNP0001565/zeamap/05_Epigenetics/DNA_Methylation/01_Regions/AMP_mCHH_bed/CIMBL107.bedgraph.gz.tbi	maize_ZEAMAP/epigenome/dna_methylation/01_regions/AMP_mCHH_bed/CIMBL107.bedgraph.gz.tbi	47.92KB
https://ftp.cngb.org/pub/CNSA/data3/CNP0001565/zeamap/05_Epigenetics/DNA_Methylation/01_Regions/AMP_mCHH_bed/CIMBL108.bedgraph.gz	maize_ZEAMAP/epigenome/dna_methylation/01_regions/AMP_mCHH_bed/CIMBL108.bedgraph.gz	52.03KB
https://ftp.cngb.org/pub/CNSA/data3/CNP0001565/zeamap/05_Epigenetics/DNA_Methylation/01_Regions/AMP_mCHH_bed/CIMBL108.bedgraph.gz.tbi	maize_ZEAMAP/epigenome/dna_methylation/01_regions/AMP_mCHH_bed/CIMBL108.bedgraph.gz.tbi	47.87KB
https://ftp.cngb.org/pub/CNSA/data3/CNP0001565/zeamap/05_Epigenetics/DNA_Methylation/01_Regions/AMP_mCHH_bed/CIMBL109.bedgraph.gz	maize_ZEAMAP/epigenome/dna_methylation/01_regions/AMP_mCHH_bed/CIMBL109.bedgraph.gz	52.49KB
https://ftp.cngb.org/pub/CNSA/data3/CNP0001565/zeamap/05_Epigenetics/DNA_Methylation/01_Regions/AMP_mCHH_bed/CIMBL109.bedgraph.gz.tbi	maize_ZEAMAP/epigenome/dna_methylation/01_regions/AMP_mCHH_bed/CIMBL109.bedgraph.gz.tbi	47.89KB
https://ftp.cngb.org/pub/CNSA/data3/CNP0001565/zeamap/05_Epigenetics/DNA_Methylation/01_Regions/AMP_mCHH_bed/CIMBL11.bedgraph.gz	maize_ZEAMAP/epigenome/dna_methylation/01_regions/AMP_mCHH_bed/CIMBL11.bedgraph.gz	51.59KB
https://ftp.cngb.org/pub/CNSA/data3/CNP0001565/zeamap/05_Epigenetics/DNA_Methylation/01_Regions/AMP_mCHH_bed/CIMBL11.bedgraph.gz.tbi	maize_ZEAMAP/epigenome/dna_methylation/01_regions/AMP_mCHH_bed/CIMBL11.bedgraph.gz.tbi	47.88KB
https://ftp.cngb.org/pub/CNSA/data3/CNP0001565/zeamap/05_Epigenetics/DNA_Methylation/01_Regions/AMP_mCHH_bed/CIMBL110.bedgraph.gz	maize_ZEAMAP/epigenome/dna_methylation/01_regions/AMP_mCHH_bed/CIMBL110.bedgraph.gz	48.33KB
https://ftp.cngb.org/pub/CNSA/data3/CNP0001565/zeamap/05_Epigenetics/DNA_Methylation/01_Regions/AMP_mCHH_bed/CIMBL110.bedgraph.gz.tbi	maize_ZEAMAP/epigenome/dna_methylation/01_regions/AMP_mCHH_bed/CIMBL110.bedgraph.gz.tbi	47.80KB
https://ftp.cngb.org/pub/CNSA/data3/CNP0001565/zeamap/05_Epigenetics/DNA_Methylation/01_Regions/AMP_mCHH_bed/CIMBL112.bedgraph.gz	maize_ZEAMAP/epigenome/dna_methylation/01_regions/AMP_mCHH_bed/CIMBL112.bedgraph.gz	49.67KB
https://ftp.cngb.org/pub/CNSA/data3/CNP0001565/zeamap/05_Epigenetics/DNA_Methylation/01_Regions/AMP_mCHH_bed/CIMBL112.bedgraph.gz.tbi	maize_ZEAMAP/epigenome/dna_methylation/01_regions/AMP_mCHH_bed/CIMBL112.bedgraph.gz.tbi	47.86KB
https://ftp.cngb.org/pub/CNSA/data3/CNP0001565/zeamap/05_Epigenetics/DNA_Methylation/01_Regions/AMP_mCHH_bed/CIMBL114.bedgraph.gz	maize_ZEAMAP/epigenome/dna_methylation/01_regions/AMP_mCHH_bed/CIMBL114.bedgraph.gz	52.81KB
https://ftp.cngb.org/pub/CNSA/data3/CNP0001565/zeamap/05_Epigenetics/DNA_Methylation/01_Regions/AMP_mCHH_bed/CIMBL114.bedgraph.gz.tbi	maize_ZEAMAP/epigenome/dna_methylation/01_regions/AMP_mCHH_bed/CIMBL114.bedgraph.gz.tbi	47.92KB
https://ftp.cngb.org/pub/CNSA/data3/CNP0001565/zeamap/05_Epigenetics/DNA_Methylation/01_Regions/AMP_mCHH_bed/CIMBL116.bedgraph.gz	maize_ZEAMAP/epigenome/dna_methylation/01_regions/AMP_mCHH_bed/CIMBL116.bedgraph.gz	51.95KB
https://ftp.cngb.org/pub/CNSA/data3/CNP0001565/zeamap/05_Epigenetics/DNA_Methylation/01_Regions/AMP_mCHH_bed/CIMBL116.bedgraph.gz.tbi	maize_ZEAMAP/epigenome/dna_methylation/01_regions/AMP_mCHH_bed/CIMBL116.bedgraph.gz.tbi	47.91KB
https://ftp.cngb.org/pub/CNSA/data3/CNP0001565/zeamap/05_Epigenetics/DNA_Methylation/01_Regions/AMP_mCHH_bed/CIMBL12.bedgraph.gz	maize_ZEAMAP/epigenome/dna_methylation/01_regions/AMP_mCHH_bed/CIMBL12.bedgraph.gz	53.51KB
https://ftp.cngb.org/pub/CNSA/data3/CNP0001565/zeamap/05_Epigenetics/DNA_Methylation/01_Regions/AMP_mCHH_bed/CIMBL12.bedgraph.gz.tbi	maize_ZEAMAP/epigenome/dna_methylation/01_regions/AMP_mCHH_bed/CIMBL12.bedgraph.gz.tbi	47.94KB
https://ftp.cngb.org/pub/CNSA/data3/CNP0001565/zeamap/05_Epigenetics/DNA_Methylation/01_Regions/AMP_mCHH_bed/CIMBL125.bedgraph.gz	maize_ZEAMAP/epigenome/dna_methylation/01_regions/AMP_mCHH_bed/CIMBL125.bedgraph.gz	52.87KB
https://ftp.cngb.org/pub/CNSA/data3/CNP0001565/zeamap/05_Epigenetics/DNA_Methylation/01_Regions/AMP_mCHH_bed/CIMBL125.bedgraph.gz.tbi	maize_ZEAMAP/epigenome/dna_methylation/01_regions/AMP_mCHH_bed/CIMBL125.bedgraph.gz.tbi	47.90KB
https://ftp.cngb.org/pub/CNSA/data3/CNP0001565/zeamap/05_Epigenetics/DNA_Methylation/01_Regions/AMP_mCHH_bed/CIMBL126.bedgraph.gz	maize_ZEAMAP/epigenome/dna_methylation/01_regions/AMP_mCHH_bed/CIMBL126.bedgraph.gz	52.67KB
https://ftp.cngb.org/pub/CNSA/data3/CNP0001565/zeamap/05_Epigenetics/DNA_Methylation/01_Regions/AMP_mCHH_bed/CIMBL126.bedgraph.gz.tbi	maize_ZEAMAP/epigenome/dna_methylation/01_regions/AMP_mCHH_bed/CIMBL126.bedgraph.gz.tbi	47.92KB
https://ftp.cngb.org/pub/CNSA/data3/CNP0001565/zeamap/05_Epigenetics/DNA_Methylation/01_Regions/AMP_mCHH_bed/CIMBL127.bedgraph.gz	maize_ZEAMAP/epigenome/dna_methylation/01_regions/AMP_mCHH_bed/CIMBL127.bedgraph.gz	50.45KB
https://ftp.cngb.org/pub/CNSA/data3/CNP0001565/zeamap/05_Epigenetics/DNA_Methylation/01_Regions/AMP_mCHH_bed/CIMBL127.bedgraph.gz.tbi	maize_ZEAMAP/epigenome/dna_methylation/01_regions/AMP_mCHH_bed/CIMBL127.bedgraph.gz.tbi	47.85KB
https://ftp.cngb.org/pub/CNSA/data3/CNP0001565/zeamap/05_Epigenetics/DNA_Methylation/01_Regions/AMP_mCHH_bed/CIMBL129.bedgraph.gz	maize_ZEAMAP/epigenome/dna_methylation/01_regions/AMP_mCHH_bed/CIMBL129.bedgraph.gz	52.14KB
https://ftp.cngb.org/pub/CNSA/data3/CNP0001565/zeamap/05_Epigenetics/DNA_Methylation/01_Regions/AMP_mCHH_bed/CIMBL129.bedgraph.gz.tbi	maize_ZEAMAP/epigenome/dna_methylation/01_regions/AMP_mCHH_bed/CIMBL129.bedgraph.gz.tbi	47.91KB
https://ftp.cngb.org/pub/CNSA/data3/CNP0001565/zeamap/05_Epigenetics/DNA_Methylation/01_Regions/AMP_mCHH_bed/CIMBL13.bedgraph.gz	maize_ZEAMAP/epigenome/dna_methylation/01_regions/AMP_mCHH_bed/CIMBL13.bedgraph.gz	50.87KB
https://ftp.cngb.org/pub/CNSA/data3/CNP0001565/zeamap/05_Epigenetics/DNA_Methylation/01_Regions/AMP_mCHH_bed/CIMBL13.bedgraph.gz.tbi	maize_ZEAMAP/epigenome/dna_methylation/01_regions/AMP_mCHH_bed/CIMBL13.bedgraph.gz.tbi	47.88KB
https://ftp.cngb.org/pub/CNSA/data3/CNP0001565/zeamap/05_Epigenetics/DNA_Methylation/01_Regions/AMP_mCHH_bed/CIMBL130.bedgraph.gz	maize_ZEAMAP/epigenome/dna_methylation/01_regions/AMP_mCHH_bed/CIMBL130.bedgraph.gz	52.64KB
https://ftp.cngb.org/pub/CNSA/data3/CNP0001565/zeamap/05_Epigenetics/DNA_Methylation/01_Regions/AMP_mCHH_bed/CIMBL130.bedgraph.gz.tbi	maize_ZEAMAP/epigenome/dna_methylation/01_regions/AMP_mCHH_bed/CIMBL130.bedgraph.gz.tbi	47.92KB
https://ftp.cngb.org/pub/CNSA/data3/CNP0001565/zeamap/05_Epigenetics/DNA_Methylation/01_Regions/AMP_mCHH_bed/CIMBL131.bedgraph.gz	maize_ZEAMAP/epigenome/dna_methylation/01_regions/AMP_mCHH_bed/CIMBL131.bedgraph.gz	51.30KB
https://ftp.cngb.org/pub/CNSA/data3/CNP0001565/zeamap/05_Epigenetics/DNA_Methylation/01_Regions/AMP_mCHH_bed/CIMBL131.bedgraph.gz.tbi	maize_ZEAMAP/epigenome/dna_methylation/01_regions/AMP_mCHH_bed/CIMBL131.bedgraph.gz.tbi	47.83KB
https://ftp.cngb.org/pub/CNSA/data3/CNP0001565/zeamap/05_Epigenetics/DNA_Methylation/01_Regions/AMP_mCHH_bed/CIMBL133.bedgraph.gz	maize_ZEAMAP/epigenome/dna_methylation/01_regions/AMP_mCHH_bed/CIMBL133.bedgraph.gz	52.34KB
https://ftp.cngb.org/pub/CNSA/data3/CNP0001565/zeamap/05_Epigenetics/DNA_Methylation/01_Regions/AMP_mCHH_bed/CIMBL133.bedgraph.gz.tbi	maize_ZEAMAP/epigenome/dna_methylation/01_regions/AMP_mCHH_bed/CIMBL133.bedgraph.gz.tbi	47.91KB
https://ftp.cngb.org/pub/CNSA/data3/CNP0001565/zeamap/05_Epigenetics/DNA_Methylation/01_Regions/AMP_mCHH_bed/CIMBL137.bedgraph.gz	maize_ZEAMAP/epigenome/dna_methylation/01_regions/AMP_mCHH_bed/CIMBL137.bedgraph.gz	43.60KB
https://ftp.cngb.org/pub/CNSA/data3/CNP0001565/zeamap/05_Epigenetics/DNA_Methylation/01_Regions/AMP_mCHH_bed/CIMBL137.bedgraph.gz.tbi	maize_ZEAMAP/epigenome/dna_methylation/01_regions/AMP_mCHH_bed/CIMBL137.bedgraph.gz.tbi	47.75KB
https://ftp.cngb.org/pub/CNSA/data3/CNP0001565/zeamap/05_Epigenetics/DNA_Methylation/01_Regions/AMP_mCHH_bed/CIMBL138.bedgraph.gz	maize_ZEAMAP/epigenome/dna_methylation/01_regions/AMP_mCHH_bed/CIMBL138.bedgraph.gz	45.97KB
https://ftp.cngb.org/pub/CNSA/data3/CNP0001565/zeamap/05_Epigenetics/DNA_Methylation/01_Regions/AMP_mCHH_bed/CIMBL138.bedgraph.gz.tbi	maize_ZEAMAP/epigenome/dna_methylation/01_regions/AMP_mCHH_bed/CIMBL138.bedgraph.gz.tbi	47.73KB
https://ftp.cngb.org/pub/CNSA/data3/CNP0001565/zeamap/05_Epigenetics/DNA_Methylation/01_Regions/AMP_mCHH_bed/CIMBL14.bedgraph.gz	maize_ZEAMAP/epigenome/dna_methylation/01_regions/AMP_mCHH_bed/CIMBL14.bedgraph.gz	51.74KB
https://ftp.cngb.org/pub/CNSA/data3/CNP0001565/zeamap/05_Epigenetics/DNA_Methylation/01_Regions/AMP_mCHH_bed/CIMBL14.bedgraph.gz.tbi	maize_ZEAMAP/epigenome/dna_methylation/01_regions/AMP_mCHH_bed/CIMBL14.bedgraph.gz.tbi	47.88KB
https://ftp.cngb.org/pub/CNSA/data3/CNP0001565/zeamap/05_Epigenetics/DNA_Methylation/01_Regions/AMP_mCHH_bed/CIMBL140.bedgraph.gz	maize_ZEAMAP/epigenome/dna_methylation/01_regions/AMP_mCHH_bed/CIMBL140.bedgraph.gz	45.77KB
https://ftp.cngb.org/pub/CNSA/data3/CNP0001565/zeamap/05_Epigenetics/DNA_Methylation/01_Regions/AMP_mCHH_bed/CIMBL140.bedgraph.gz.tbi	maize_ZEAMAP/epigenome/dna_methylation/01_regions/AMP_mCHH_bed/CIMBL140.bedgraph.gz.tbi	47.71KB
https://ftp.cngb.org/pub/CNSA/data3/CNP0001565/zeamap/05_Epigenetics/DNA_Methylation/01_Regions/AMP_mCHH_bed/CIMBL141.bedgraph.gz	maize_ZEAMAP/epigenome/dna_methylation/01_regions/AMP_mCHH_bed/CIMBL141.bedgraph.gz	53.19KB
https://ftp.cngb.org/pub/CNSA/data3/CNP0001565/zeamap/05_Epigenetics/DNA_Methylation/01_Regions/AMP_mCHH_bed/CIMBL141.bedgraph.gz.tbi	maize_ZEAMAP/epigenome/dna_methylation/01_regions/AMP_mCHH_bed/CIMBL141.bedgraph.gz.tbi	47.90KB
https://ftp.cngb.org/pub/CNSA/data3/CNP0001565/zeamap/05_Epigenetics/DNA_Methylation/01_Regions/AMP_mCHH_bed/CIMBL145.bedgraph.gz	maize_ZEAMAP/epigenome/dna_methylation/01_regions/AMP_mCHH_bed/CIMBL145.bedgraph.gz	52.37KB
https://ftp.cngb.org/pub/CNSA/data3/CNP0001565/zeamap/05_Epigenetics/DNA_Methylation/01_Regions/AMP_mCHH_bed/CIMBL145.bedgraph.gz.tbi	maize_ZEAMAP/epigenome/dna_methylation/01_regions/AMP_mCHH_bed/CIMBL145.bedgraph.gz.tbi	47.94KB
https://ftp.cngb.org/pub/CNSA/data3/CNP0001565/zeamap/05_Epigenetics/DNA_Methylation/01_Regions/AMP_mCHH_bed/CIMBL148.bedgraph.gz	maize_ZEAMAP/epigenome/dna_methylation/01_regions/AMP_mCHH_bed/CIMBL148.bedgraph.gz	48.30KB
https://ftp.cngb.org/pub/CNSA/data3/CNP0001565/zeamap/05_Epigenetics/DNA_Methylation/01_Regions/AMP_mCHH_bed/CIMBL148.bedgraph.gz.tbi	maize_ZEAMAP/epigenome/dna_methylation/01_regions/AMP_mCHH_bed/CIMBL148.bedgraph.gz.tbi	47.77KB
https://ftp.cngb.org/pub/CNSA/data3/CNP0001565/zeamap/05_Epigenetics/DNA_Methylation/01_Regions/AMP_mCHH_bed/CIMBL150.bedgraph.gz	maize_ZEAMAP/epigenome/dna_methylation/01_regions/AMP_mCHH_bed/CIMBL150.bedgraph.gz	52.68KB
https://ftp.cngb.org/pub/CNSA/data3/CNP0001565/zeamap/05_Epigenetics/DNA_Methylation/01_Regions/AMP_mCHH_bed/CIMBL150.bedgraph.gz.tbi	maize_ZEAMAP/epigenome/dna_methylation/01_regions/AMP_mCHH_bed/CIMBL150.bedgraph.gz.tbi	47.93KB
https://ftp.cngb.org/pub/CNSA/data3/CNP0001565/zeamap/05_Epigenetics/DNA_Methylation/01_Regions/AMP_mCHH_bed/CIMBL151.bedgraph.gz	maize_ZEAMAP/epigenome/dna_methylation/01_regions/AMP_mCHH_bed/CIMBL151.bedgraph.gz	52.52KB
https://ftp.cngb.org/pub/CNSA/data3/CNP0001565/zeamap/05_Epigenetics/DNA_Methylation/01_Regions/AMP_mCHH_bed/CIMBL151.bedgraph.gz.tbi	maize_ZEAMAP/epigenome/dna_methylation/01_regions/AMP_mCHH_bed/CIMBL151.bedgraph.gz.tbi	47.90KB
https://ftp.cngb.org/pub/CNSA/data3/CNP0001565/zeamap/05_Epigenetics/DNA_Methylation/01_Regions/AMP_mCHH_bed/CIMBL152.bedgraph.gz	maize_ZEAMAP/epigenome/dna_methylation/01_regions/AMP_mCHH_bed/CIMBL152.bedgraph.gz	50.83KB
https://ftp.cngb.org/pub/CNSA/data3/CNP0001565/zeamap/05_Epigenetics/DNA_Methylation/01_Regions/AMP_mCHH_bed/CIMBL152.bedgraph.gz.tbi	maize_ZEAMAP/epigenome/dna_methylation/01_regions/AMP_mCHH_bed/CIMBL152.bedgraph.gz.tbi	47.87KB
https://ftp.cngb.org/pub/CNSA/data3/CNP0001565/zeamap/05_Epigenetics/DNA_Methylation/01_Regions/AMP_mCHH_bed/CIMBL154.bedgraph.gz	maize_ZEAMAP/epigenome/dna_methylation/01_regions/AMP_mCHH_bed/CIMBL154.bedgraph.gz	49.72KB
https://ftp.cngb.org/pub/CNSA/data3/CNP0001565/zeamap/05_Epigenetics/DNA_Methylation/01_Regions/AMP_mCHH_bed/CIMBL154.bedgraph.gz.tbi	maize_ZEAMAP/epigenome/dna_methylation/01_regions/AMP_mCHH_bed/CIMBL154.bedgraph.gz.tbi	47.83KB
https://ftp.cngb.org/pub/CNSA/data3/CNP0001565/zeamap/05_Epigenetics/DNA_Methylation/01_Regions/AMP_mCHH_bed/CIMBL155.bedgraph.gz	maize_ZEAMAP/epigenome/dna_methylation/01_regions/AMP_mCHH_bed/CIMBL155.bedgraph.gz	48.14KB
https://ftp.cngb.org/pub/CNSA/data3/CNP0001565/zeamap/05_Epigenetics/DNA_Methylation/01_Regions/AMP_mCHH_bed/CIMBL155.bedgraph.gz.tbi	maize_ZEAMAP/epigenome/dna_methylation/01_regions/AMP_mCHH_bed/CIMBL155.bedgraph.gz.tbi	47.82KB
https://ftp.cngb.org/pub/CNSA/data3/CNP0001565/zeamap/05_Epigenetics/DNA_Methylation/01_Regions/AMP_mCHH_bed/CIMBL17.bedgraph.gz	maize_ZEAMAP/epigenome/dna_methylation/01_regions/AMP_mCHH_bed/CIMBL17.bedgraph.gz	53.69KB
https://ftp.cngb.org/pub/CNSA/data3/CNP0001565/zeamap/05_Epigenetics/DNA_Methylation/01_Regions/AMP_mCHH_bed/CIMBL17.bedgraph.gz.tbi	maize_ZEAMAP/epigenome/dna_methylation/01_regions/AMP_mCHH_bed/CIMBL17.bedgraph.gz.tbi	47.91KB
https://ftp.cngb.org/pub/CNSA/data3/CNP0001565/zeamap/05_Epigenetics/DNA_Methylation/01_Regions/AMP_mCHH_bed/CIMBL18.bedgraph.gz	maize_ZEAMAP/epigenome/dna_methylation/01_regions/AMP_mCHH_bed/CIMBL18.bedgraph.gz	52.44KB
https://ftp.cngb.org/pub/CNSA/data3/CNP0001565/zeamap/05_Epigenetics/DNA_Methylation/01_Regions/AMP_mCHH_bed/CIMBL18.bedgraph.gz.tbi	maize_ZEAMAP/epigenome/dna_methylation/01_regions/AMP_mCHH_bed/CIMBL18.bedgraph.gz.tbi	47.89KB
https://ftp.cngb.org/pub/CNSA/data3/CNP0001565/zeamap/05_Epigenetics/DNA_Methylation/01_Regions/AMP_mCHH_bed/CIMBL2.bedgraph.gz	maize_ZEAMAP/epigenome/dna_methylation/01_regions/AMP_mCHH_bed/CIMBL2.bedgraph.gz	52.47KB
https://ftp.cngb.org/pub/CNSA/data3/CNP0001565/zeamap/05_Epigenetics/DNA_Methylation/01_Regions/AMP_mCHH_bed/CIMBL2.bedgraph.gz.tbi	maize_ZEAMAP/epigenome/dna_methylation/01_regions/AMP_mCHH_bed/CIMBL2.bedgraph.gz.tbi	47.87KB
https://ftp.cngb.org/pub/CNSA/data3/CNP0001565/zeamap/05_Epigenetics/DNA_Methylation/01_Regions/AMP_mCHH_bed/CIMBL20.bedgraph.gz	maize_ZEAMAP/epigenome/dna_methylation/01_regions/AMP_mCHH_bed/CIMBL20.bedgraph.gz	43.38KB
https://ftp.cngb.org/pub/CNSA/data3/CNP0001565/zeamap/05_Epigenetics/DNA_Methylation/01_Regions/AMP_mCHH_bed/CIMBL20.bedgraph.gz.tbi	maize_ZEAMAP/epigenome/dna_methylation/01_regions/AMP_mCHH_bed/CIMBL20.bedgraph.gz.tbi	47.70KB
https://ftp.cngb.org/pub/CNSA/data3/CNP0001565/zeamap/05_Epigenetics/DNA_Methylation/01_Regions/AMP_mCHH_bed/CIMBL22.bedgraph.gz	maize_ZEAMAP/epigenome/dna_methylation/01_regions/AMP_mCHH_bed/CIMBL22.bedgraph.gz	52.55KB
https://ftp.cngb.org/pub/CNSA/data3/CNP0001565/zeamap/05_Epigenetics/DNA_Methylation/01_Regions/AMP_mCHH_bed/CIMBL22.bedgraph.gz.tbi	maize_ZEAMAP/epigenome/dna_methylation/01_regions/AMP_mCHH_bed/CIMBL22.bedgraph.gz.tbi	47.90KB
https://ftp.cngb.org/pub/CNSA/data3/CNP0001565/zeamap/05_Epigenetics/DNA_Methylation/01_Regions/AMP_mCHH_bed/CIMBL23.bedgraph.gz	maize_ZEAMAP/epigenome/dna_methylation/01_regions/AMP_mCHH_bed/CIMBL23.bedgraph.gz	50.96KB
https://ftp.cngb.org/pub/CNSA/data3/CNP0001565/zeamap/05_Epigenetics/DNA_Methylation/01_Regions/AMP_mCHH_bed/CIMBL23.bedgraph.gz.tbi	maize_ZEAMAP/epigenome/dna_methylation/01_regions/AMP_mCHH_bed/CIMBL23.bedgraph.gz.tbi	47.86KB
https://ftp.cngb.org/pub/CNSA/data3/CNP0001565/zeamap/05_Epigenetics/DNA_Methylation/01_Regions/AMP_mCHH_bed/CIMBL25.bedgraph.gz	maize_ZEAMAP/epigenome/dna_methylation/01_regions/AMP_mCHH_bed/CIMBL25.bedgraph.gz	53.86KB
https://ftp.cngb.org/pub/CNSA/data3/CNP0001565/zeamap/05_Epigenetics/DNA_Methylation/01_Regions/AMP_mCHH_bed/CIMBL25.bedgraph.gz.tbi	maize_ZEAMAP/epigenome/dna_methylation/01_regions/AMP_mCHH_bed/CIMBL25.bedgraph.gz.tbi	47.94KB
https://ftp.cngb.org/pub/CNSA/data3/CNP0001565/zeamap/05_Epigenetics/DNA_Methylation/01_Regions/AMP_mCHH_bed/CIMBL28.bedgraph.gz	maize_ZEAMAP/epigenome/dna_methylation/01_regions/AMP_mCHH_bed/CIMBL28.bedgraph.gz	53.36KB
https://ftp.cngb.org/pub/CNSA/data3/CNP0001565/zeamap/05_Epigenetics/DNA_Methylation/01_Regions/AMP_mCHH_bed/CIMBL28.bedgraph.gz.tbi	maize_ZEAMAP/epigenome/dna_methylation/01_regions/AMP_mCHH_bed/CIMBL28.bedgraph.gz.tbi	47.96KB
https://ftp.cngb.org/pub/CNSA/data3/CNP0001565/zeamap/05_Epigenetics/DNA_Methylation/01_Regions/AMP_mCHH_bed/CIMBL29.bedgraph.gz	maize_ZEAMAP/epigenome/dna_methylation/01_regions/AMP_mCHH_bed/CIMBL29.bedgraph.gz	52.70KB
https://ftp.cngb.org/pub/CNSA/data3/CNP0001565/zeamap/05_Epigenetics/DNA_Methylation/01_Regions/AMP_mCHH_bed/CIMBL29.bedgraph.gz.tbi	maize_ZEAMAP/epigenome/dna_methylation/01_regions/AMP_mCHH_bed/CIMBL29.bedgraph.gz.tbi	47.94KB
https://ftp.cngb.org/pub/CNSA/data3/CNP0001565/zeamap/05_Epigenetics/DNA_Methylation/01_Regions/AMP_mCHH_bed/CIMBL3.bedgraph.gz	maize_ZEAMAP/epigenome/dna_methylation/01_regions/AMP_mCHH_bed/CIMBL3.bedgraph.gz	52.37KB
https://ftp.cngb.org/pub/CNSA/data3/CNP0001565/zeamap/05_Epigenetics/DNA_Methylation/01_Regions/AMP_mCHH_bed/CIMBL3.bedgraph.gz.tbi	maize_ZEAMAP/epigenome/dna_methylation/01_regions/AMP_mCHH_bed/CIMBL3.bedgraph.gz.tbi	47.87KB
https://ftp.cngb.org/pub/CNSA/data3/CNP0001565/zeamap/05_Epigenetics/DNA_Methylation/01_Regions/AMP_mCHH_bed/CIMBL33.bedgraph.gz	maize_ZEAMAP/epigenome/dna_methylation/01_regions/AMP_mCHH_bed/CIMBL33.bedgraph.gz	49.20KB
https://ftp.cngb.org/pub/CNSA/data3/CNP0001565/zeamap/05_Epigenetics/DNA_Methylation/01_Regions/AMP_mCHH_bed/CIMBL33.bedgraph.gz.tbi	maize_ZEAMAP/epigenome/dna_methylation/01_regions/AMP_mCHH_bed/CIMBL33.bedgraph.gz.tbi	47.83KB
https://ftp.cngb.org/pub/CNSA/data3/CNP0001565/zeamap/05_Epigenetics/DNA_Methylation/01_Regions/AMP_mCHH_bed/CIMBL37.bedgraph.gz	maize_ZEAMAP/epigenome/dna_methylation/01_regions/AMP_mCHH_bed/CIMBL37.bedgraph.gz	52.97KB
https://ftp.cngb.org/pub/CNSA/data3/CNP0001565/zeamap/05_Epigenetics/DNA_Methylation/01_Regions/AMP_mCHH_bed/CIMBL37.bedgraph.gz.tbi	maize_ZEAMAP/epigenome/dna_methylation/01_regions/AMP_mCHH_bed/CIMBL37.bedgraph.gz.tbi	47.92KB
https://ftp.cngb.org/pub/CNSA/data3/CNP0001565/zeamap/05_Epigenetics/DNA_Methylation/01_Regions/AMP_mCHH_bed/CIMBL39.bedgraph.gz	maize_ZEAMAP/epigenome/dna_methylation/01_regions/AMP_mCHH_bed/CIMBL39.bedgraph.gz	46.29KB
https://ftp.cngb.org/pub/CNSA/data3/CNP0001565/zeamap/05_Epigenetics/DNA_Methylation/01_Regions/AMP_mCHH_bed/CIMBL39.bedgraph.gz.tbi	maize_ZEAMAP/epigenome/dna_methylation/01_regions/AMP_mCHH_bed/CIMBL39.bedgraph.gz.tbi	47.77KB
https://ftp.cngb.org/pub/CNSA/data3/CNP0001565/zeamap/05_Epigenetics/DNA_Methylation/01_Regions/AMP_mCHH_bed/CIMBL4.bedgraph.gz	maize_ZEAMAP/epigenome/dna_methylation/01_regions/AMP_mCHH_bed/CIMBL4.bedgraph.gz	51.76KB
https://ftp.cngb.org/pub/CNSA/data3/CNP0001565/zeamap/05_Epigenetics/DNA_Methylation/01_Regions/AMP_mCHH_bed/CIMBL4.bedgraph.gz.tbi	maize_ZEAMAP/epigenome/dna_methylation/01_regions/AMP_mCHH_bed/CIMBL4.bedgraph.gz.tbi	47.94KB
https://ftp.cngb.org/pub/CNSA/data3/CNP0001565/zeamap/05_Epigenetics/DNA_Methylation/01_Regions/AMP_mCHH_bed/CIMBL40.bedgraph.gz	maize_ZEAMAP/epigenome/dna_methylation/01_regions/AMP_mCHH_bed/CIMBL40.bedgraph.gz	53.44KB
https://ftp.cngb.org/pub/CNSA/data3/CNP0001565/zeamap/05_Epigenetics/DNA_Methylation/01_Regions/AMP_mCHH_bed/CIMBL40.bedgraph.gz.tbi	maize_ZEAMAP/epigenome/dna_methylation/01_regions/AMP_mCHH_bed/CIMBL40.bedgraph.gz.tbi	47.94KB
https://ftp.cngb.org/pub/CNSA/data3/CNP0001565/zeamap/05_Epigenetics/DNA_Methylation/01_Regions/AMP_mCHH_bed/CIMBL41.bedgraph.gz	maize_ZEAMAP/epigenome/dna_methylation/01_regions/AMP_mCHH_bed/CIMBL41.bedgraph.gz	50.94KB
https://ftp.cngb.org/pub/CNSA/data3/CNP0001565/zeamap/05_Epigenetics/DNA_Methylation/01_Regions/AMP_mCHH_bed/CIMBL41.bedgraph.gz.tbi	maize_ZEAMAP/epigenome/dna_methylation/01_regions/AMP_mCHH_bed/CIMBL41.bedgraph.gz.tbi	47.84KB
https://ftp.cngb.org/pub/CNSA/data3/CNP0001565/zeamap/05_Epigenetics/DNA_Methylation/01_Regions/AMP_mCHH_bed/CIMBL42.bedgraph.gz	maize_ZEAMAP/epigenome/dna_methylation/01_regions/AMP_mCHH_bed/CIMBL42.bedgraph.gz	52.90KB
https://ftp.cngb.org/pub/CNSA/data3/CNP0001565/zeamap/05_Epigenetics/DNA_Methylation/01_Regions/AMP_mCHH_bed/CIMBL42.bedgraph.gz.tbi	maize_ZEAMAP/epigenome/dna_methylation/01_regions/AMP_mCHH_bed/CIMBL42.bedgraph.gz.tbi	47.92KB
https://ftp.cngb.org/pub/CNSA/data3/CNP0001565/zeamap/05_Epigenetics/DNA_Methylation/01_Regions/AMP_mCHH_bed/CIMBL43.bedgraph.gz	maize_ZEAMAP/epigenome/dna_methylation/01_regions/AMP_mCHH_bed/CIMBL43.bedgraph.gz	52.82KB
https://ftp.cngb.org/pub/CNSA/data3/CNP0001565/zeamap/05_Epigenetics/DNA_Methylation/01_Regions/AMP_mCHH_bed/CIMBL43.bedgraph.gz.tbi	maize_ZEAMAP/epigenome/dna_methylation/01_regions/AMP_mCHH_bed/CIMBL43.bedgraph.gz.tbi	47.96KB
https://ftp.cngb.org/pub/CNSA/data3/CNP0001565/zeamap/05_Epigenetics/DNA_Methylation/01_Regions/AMP_mCHH_bed/CIMBL44.bedgraph.gz	maize_ZEAMAP/epigenome/dna_methylation/01_regions/AMP_mCHH_bed/CIMBL44.bedgraph.gz	51.92KB
https://ftp.cngb.org/pub/CNSA/data3/CNP0001565/zeamap/05_Epigenetics/DNA_Methylation/01_Regions/AMP_mCHH_bed/CIMBL44.bedgraph.gz.tbi	maize_ZEAMAP/epigenome/dna_methylation/01_regions/AMP_mCHH_bed/CIMBL44.bedgraph.gz.tbi	47.88KB
https://ftp.cngb.org/pub/CNSA/data3/CNP0001565/zeamap/05_Epigenetics/DNA_Methylation/01_Regions/AMP_mCHH_bed/CIMBL48.bedgraph.gz	maize_ZEAMAP/epigenome/dna_methylation/01_regions/AMP_mCHH_bed/CIMBL48.bedgraph.gz	49.14KB
https://ftp.cngb.org/pub/CNSA/data3/CNP0001565/zeamap/05_Epigenetics/DNA_Methylation/01_Regions/AMP_mCHH_bed/CIMBL48.bedgraph.gz.tbi	maize_ZEAMAP/epigenome/dna_methylation/01_regions/AMP_mCHH_bed/CIMBL48.bedgraph.gz.tbi	47.82KB
https://ftp.cngb.org/pub/CNSA/data3/CNP0001565/zeamap/05_Epigenetics/DNA_Methylation/01_Regions/AMP_mCHH_bed/CIMBL49.bedgraph.gz	maize_ZEAMAP/epigenome/dna_methylation/01_regions/AMP_mCHH_bed/CIMBL49.bedgraph.gz	53.26KB
https://ftp.cngb.org/pub/CNSA/data3/CNP0001565/zeamap/05_Epigenetics/DNA_Methylation/01_Regions/AMP_mCHH_bed/CIMBL49.bedgraph.gz.tbi	maize_ZEAMAP/epigenome/dna_methylation/01_regions/AMP_mCHH_bed/CIMBL49.bedgraph.gz.tbi	47.93KB
https://ftp.cngb.org/pub/CNSA/data3/CNP0001565/zeamap/05_Epigenetics/DNA_Methylation/01_Regions/AMP_mCHH_bed/CIMBL51.bedgraph.gz	maize_ZEAMAP/epigenome/dna_methylation/01_regions/AMP_mCHH_bed/CIMBL51.bedgraph.gz	52.46KB
https://ftp.cngb.org/pub/CNSA/data3/CNP0001565/zeamap/05_Epigenetics/DNA_Methylation/01_Regions/AMP_mCHH_bed/CIMBL51.bedgraph.gz.tbi	maize_ZEAMAP/epigenome/dna_methylation/01_regions/AMP_mCHH_bed/CIMBL51.bedgraph.gz.tbi	47.90KB
https://ftp.cngb.org/pub/CNSA/data3/CNP0001565/zeamap/05_Epigenetics/DNA_Methylation/01_Regions/AMP_mCHH_bed/CIMBL53.bedgraph.gz	maize_ZEAMAP/epigenome/dna_methylation/01_regions/AMP_mCHH_bed/CIMBL53.bedgraph.gz	52.02KB
https://ftp.cngb.org/pub/CNSA/data3/CNP0001565/zeamap/05_Epigenetics/DNA_Methylation/01_Regions/AMP_mCHH_bed/CIMBL53.bedgraph.gz.tbi	maize_ZEAMAP/epigenome/dna_methylation/01_regions/AMP_mCHH_bed/CIMBL53.bedgraph.gz.tbi	47.94KB
https://ftp.cngb.org/pub/CNSA/data3/CNP0001565/zeamap/05_Epigenetics/DNA_Methylation/01_Regions/AMP_mCHH_bed/CIMBL56.bedgraph.gz	maize_ZEAMAP/epigenome/dna_methylation/01_regions/AMP_mCHH_bed/CIMBL56.bedgraph.gz	52.65KB
https://ftp.cngb.org/pub/CNSA/data3/CNP0001565/zeamap/05_Epigenetics/DNA_Methylation/01_Regions/AMP_mCHH_bed/CIMBL56.bedgraph.gz.tbi	maize_ZEAMAP/epigenome/dna_methylation/01_regions/AMP_mCHH_bed/CIMBL56.bedgraph.gz.tbi	47.92KB
https://ftp.cngb.org/pub/CNSA/data3/CNP0001565/zeamap/05_Epigenetics/DNA_Methylation/01_Regions/AMP_mCHH_bed/CIMBL60.bedgraph.gz	maize_ZEAMAP/epigenome/dna_methylation/01_regions/AMP_mCHH_bed/CIMBL60.bedgraph.gz	48.64KB
https://ftp.cngb.org/pub/CNSA/data3/CNP0001565/zeamap/05_Epigenetics/DNA_Methylation/01_Regions/AMP_mCHH_bed/CIMBL60.bedgraph.gz.tbi	maize_ZEAMAP/epigenome/dna_methylation/01_regions/AMP_mCHH_bed/CIMBL60.bedgraph.gz.tbi	47.79KB
https://ftp.cngb.org/pub/CNSA/data3/CNP0001565/zeamap/05_Epigenetics/DNA_Methylation/01_Regions/AMP_mCHH_bed/CIMBL63.bedgraph.gz	maize_ZEAMAP/epigenome/dna_methylation/01_regions/AMP_mCHH_bed/CIMBL63.bedgraph.gz	52.88KB
https://ftp.cngb.org/pub/CNSA/data3/CNP0001565/zeamap/05_Epigenetics/DNA_Methylation/01_Regions/AMP_mCHH_bed/CIMBL63.bedgraph.gz.tbi	maize_ZEAMAP/epigenome/dna_methylation/01_regions/AMP_mCHH_bed/CIMBL63.bedgraph.gz.tbi	47.91KB
https://ftp.cngb.org/pub/CNSA/data3/CNP0001565/zeamap/05_Epigenetics/DNA_Methylation/01_Regions/AMP_mCHH_bed/CIMBL66.bedgraph.gz	maize_ZEAMAP/epigenome/dna_methylation/01_regions/AMP_mCHH_bed/CIMBL66.bedgraph.gz	52.55KB
https://ftp.cngb.org/pub/CNSA/data3/CNP0001565/zeamap/05_Epigenetics/DNA_Methylation/01_Regions/AMP_mCHH_bed/CIMBL66.bedgraph.gz.tbi	maize_ZEAMAP/epigenome/dna_methylation/01_regions/AMP_mCHH_bed/CIMBL66.bedgraph.gz.tbi	47.91KB
https://ftp.cngb.org/pub/CNSA/data3/CNP0001565/zeamap/05_Epigenetics/DNA_Methylation/01_Regions/AMP_mCHH_bed/CIMBL68.bedgraph.gz	maize_ZEAMAP/epigenome/dna_methylation/01_regions/AMP_mCHH_bed/CIMBL68.bedgraph.gz	51.92KB
https://ftp.cngb.org/pub/CNSA/data3/CNP0001565/zeamap/05_Epigenetics/DNA_Methylation/01_Regions/AMP_mCHH_bed/CIMBL68.bedgraph.gz.tbi	maize_ZEAMAP/epigenome/dna_methylation/01_regions/AMP_mCHH_bed/CIMBL68.bedgraph.gz.tbi	47.92KB
https://ftp.cngb.org/pub/CNSA/data3/CNP0001565/zeamap/05_Epigenetics/DNA_Methylation/01_Regions/AMP_mCHH_bed/CIMBL69.bedgraph.gz	maize_ZEAMAP/epigenome/dna_methylation/01_regions/AMP_mCHH_bed/CIMBL69.bedgraph.gz	52.97KB
https://ftp.cngb.org/pub/CNSA/data3/CNP0001565/zeamap/05_Epigenetics/DNA_Methylation/01_Regions/AMP_mCHH_bed/CIMBL69.bedgraph.gz.tbi	maize_ZEAMAP/epigenome/dna_methylation/01_regions/AMP_mCHH_bed/CIMBL69.bedgraph.gz.tbi	47.94KB
https://ftp.cngb.org/pub/CNSA/data3/CNP0001565/zeamap/05_Epigenetics/DNA_Methylation/01_Regions/AMP_mCHH_bed/CIMBL7.bedgraph.gz	maize_ZEAMAP/epigenome/dna_methylation/01_regions/AMP_mCHH_bed/CIMBL7.bedgraph.gz	53.02KB
https://ftp.cngb.org/pub/CNSA/data3/CNP0001565/zeamap/05_Epigenetics/DNA_Methylation/01_Regions/AMP_mCHH_bed/CIMBL7.bedgraph.gz.tbi	maize_ZEAMAP/epigenome/dna_methylation/01_regions/AMP_mCHH_bed/CIMBL7.bedgraph.gz.tbi	47.91KB
https://ftp.cngb.org/pub/CNSA/data3/CNP0001565/zeamap/05_Epigenetics/DNA_Methylation/01_Regions/AMP_mCHH_bed/CIMBL70.bedgraph.gz	maize_ZEAMAP/epigenome/dna_methylation/01_regions/AMP_mCHH_bed/CIMBL70.bedgraph.gz	52.46KB
https://ftp.cngb.org/pub/CNSA/data3/CNP0001565/zeamap/05_Epigenetics/DNA_Methylation/01_Regions/AMP_mCHH_bed/CIMBL70.bedgraph.gz.tbi	maize_ZEAMAP/epigenome/dna_methylation/01_regions/AMP_mCHH_bed/CIMBL70.bedgraph.gz.tbi	47.93KB
https://ftp.cngb.org/pub/CNSA/data3/CNP0001565/zeamap/05_Epigenetics/DNA_Methylation/01_Regions/AMP_mCHH_bed/CIMBL71.bedgraph.gz	maize_ZEAMAP/epigenome/dna_methylation/01_regions/AMP_mCHH_bed/CIMBL71.bedgraph.gz	50.21KB
https://ftp.cngb.org/pub/CNSA/data3/CNP0001565/zeamap/05_Epigenetics/DNA_Methylation/01_Regions/AMP_mCHH_bed/CIMBL71.bedgraph.gz.tbi	maize_ZEAMAP/epigenome/dna_methylation/01_regions/AMP_mCHH_bed/CIMBL71.bedgraph.gz.tbi	47.84KB
https://ftp.cngb.org/pub/CNSA/data3/CNP0001565/zeamap/05_Epigenetics/DNA_Methylation/01_Regions/AMP_mCHH_bed/CIMBL72.bedgraph.gz	maize_ZEAMAP/epigenome/dna_methylation/01_regions/AMP_mCHH_bed/CIMBL72.bedgraph.gz	49.32KB
https://ftp.cngb.org/pub/CNSA/data3/CNP0001565/zeamap/05_Epigenetics/DNA_Methylation/01_Regions/AMP_mCHH_bed/CIMBL72.bedgraph.gz.tbi	maize_ZEAMAP/epigenome/dna_methylation/01_regions/AMP_mCHH_bed/CIMBL72.bedgraph.gz.tbi	47.84KB
https://ftp.cngb.org/pub/CNSA/data3/CNP0001565/zeamap/05_Epigenetics/DNA_Methylation/01_Regions/AMP_mCHH_bed/CIMBL74.bedgraph.gz	maize_ZEAMAP/epigenome/dna_methylation/01_regions/AMP_mCHH_bed/CIMBL74.bedgraph.gz	52.87KB
https://ftp.cngb.org/pub/CNSA/data3/CNP0001565/zeamap/05_Epigenetics/DNA_Methylation/01_Regions/AMP_mCHH_bed/CIMBL74.bedgraph.gz.tbi	maize_ZEAMAP/epigenome/dna_methylation/01_regions/AMP_mCHH_bed/CIMBL74.bedgraph.gz.tbi	47.92KB
https://ftp.cngb.org/pub/CNSA/data3/CNP0001565/zeamap/05_Epigenetics/DNA_Methylation/01_Regions/AMP_mCHH_bed/CIMBL75.bedgraph.gz	maize_ZEAMAP/epigenome/dna_methylation/01_regions/AMP_mCHH_bed/CIMBL75.bedgraph.gz	52.65KB
https://ftp.cngb.org/pub/CNSA/data3/CNP0001565/zeamap/05_Epigenetics/DNA_Methylation/01_Regions/AMP_mCHH_bed/CIMBL75.bedgraph.gz.tbi	maize_ZEAMAP/epigenome/dna_methylation/01_regions/AMP_mCHH_bed/CIMBL75.bedgraph.gz.tbi	47.91KB
https://ftp.cngb.org/pub/CNSA/data3/CNP0001565/zeamap/05_Epigenetics/DNA_Methylation/01_Regions/AMP_mCHH_bed/CIMBL76.bedgraph.gz	maize_ZEAMAP/epigenome/dna_methylation/01_regions/AMP_mCHH_bed/CIMBL76.bedgraph.gz	49.67KB
https://ftp.cngb.org/pub/CNSA/data3/CNP0001565/zeamap/05_Epigenetics/DNA_Methylation/01_Regions/AMP_mCHH_bed/CIMBL76.bedgraph.gz.tbi	maize_ZEAMAP/epigenome/dna_methylation/01_regions/AMP_mCHH_bed/CIMBL76.bedgraph.gz.tbi	47.85KB
https://ftp.cngb.org/pub/CNSA/data3/CNP0001565/zeamap/05_Epigenetics/DNA_Methylation/01_Regions/AMP_mCHH_bed/CIMBL77.bedgraph.gz	maize_ZEAMAP/epigenome/dna_methylation/01_regions/AMP_mCHH_bed/CIMBL77.bedgraph.gz	52.55KB
https://ftp.cngb.org/pub/CNSA/data3/CNP0001565/zeamap/05_Epigenetics/DNA_Methylation/01_Regions/AMP_mCHH_bed/CIMBL77.bedgraph.gz.tbi	maize_ZEAMAP/epigenome/dna_methylation/01_regions/AMP_mCHH_bed/CIMBL77.bedgraph.gz.tbi	47.89KB
https://ftp.cngb.org/pub/CNSA/data3/CNP0001565/zeamap/05_Epigenetics/DNA_Methylation/01_Regions/AMP_mCHH_bed/CIMBL8.bedgraph.gz	maize_ZEAMAP/epigenome/dna_methylation/01_regions/AMP_mCHH_bed/CIMBL8.bedgraph.gz	52.10KB
https://ftp.cngb.org/pub/CNSA/data3/CNP0001565/zeamap/05_Epigenetics/DNA_Methylation/01_Regions/AMP_mCHH_bed/CIMBL8.bedgraph.gz.tbi	maize_ZEAMAP/epigenome/dna_methylation/01_regions/AMP_mCHH_bed/CIMBL8.bedgraph.gz.tbi	47.90KB
https://ftp.cngb.org/pub/CNSA/data3/CNP0001565/zeamap/05_Epigenetics/DNA_Methylation/01_Regions/AMP_mCHH_bed/CIMBL82.bedgraph.gz	maize_ZEAMAP/epigenome/dna_methylation/01_regions/AMP_mCHH_bed/CIMBL82.bedgraph.gz	51.17KB
https://ftp.cngb.org/pub/CNSA/data3/CNP0001565/zeamap/05_Epigenetics/DNA_Methylation/01_Regions/AMP_mCHH_bed/CIMBL82.bedgraph.gz.tbi	maize_ZEAMAP/epigenome/dna_methylation/01_regions/AMP_mCHH_bed/CIMBL82.bedgraph.gz.tbi	47.88KB
https://ftp.cngb.org/pub/CNSA/data3/CNP0001565/zeamap/05_Epigenetics/DNA_Methylation/01_Regions/AMP_mCHH_bed/CIMBL83.bedgraph.gz	maize_ZEAMAP/epigenome/dna_methylation/01_regions/AMP_mCHH_bed/CIMBL83.bedgraph.gz	53.22KB
https://ftp.cngb.org/pub/CNSA/data3/CNP0001565/zeamap/05_Epigenetics/DNA_Methylation/01_Regions/AMP_mCHH_bed/CIMBL83.bedgraph.gz.tbi	maize_ZEAMAP/epigenome/dna_methylation/01_regions/AMP_mCHH_bed/CIMBL83.bedgraph.gz.tbi	47.93KB
https://ftp.cngb.org/pub/CNSA/data3/CNP0001565/zeamap/05_Epigenetics/DNA_Methylation/01_Regions/AMP_mCHH_bed/CIMBL86.bedgraph.gz	maize_ZEAMAP/epigenome/dna_methylation/01_regions/AMP_mCHH_bed/CIMBL86.bedgraph.gz	53.11KB
https://ftp.cngb.org/pub/CNSA/data3/CNP0001565/zeamap/05_Epigenetics/DNA_Methylation/01_Regions/AMP_mCHH_bed/CIMBL86.bedgraph.gz.tbi	maize_ZEAMAP/epigenome/dna_methylation/01_regions/AMP_mCHH_bed/CIMBL86.bedgraph.gz.tbi	47.93KB
https://ftp.cngb.org/pub/CNSA/data3/CNP0001565/zeamap/05_Epigenetics/DNA_Methylation/01_Regions/AMP_mCHH_bed/CIMBL88.bedgraph.gz	maize_ZEAMAP/epigenome/dna_methylation/01_regions/AMP_mCHH_bed/CIMBL88.bedgraph.gz	52.96KB
https://ftp.cngb.org/pub/CNSA/data3/CNP0001565/zeamap/05_Epigenetics/DNA_Methylation/01_Regions/AMP_mCHH_bed/CIMBL88.bedgraph.gz.tbi	maize_ZEAMAP/epigenome/dna_methylation/01_regions/AMP_mCHH_bed/CIMBL88.bedgraph.gz.tbi	47.94KB
https://ftp.cngb.org/pub/CNSA/data3/CNP0001565/zeamap/05_Epigenetics/DNA_Methylation/01_Regions/AMP_mCHH_bed/CIMBL9.bedgraph.gz	maize_ZEAMAP/epigenome/dna_methylation/01_regions/AMP_mCHH_bed/CIMBL9.bedgraph.gz	53.25KB
https://ftp.cngb.org/pub/CNSA/data3/CNP0001565/zeamap/05_Epigenetics/DNA_Methylation/01_Regions/AMP_mCHH_bed/CIMBL9.bedgraph.gz.tbi	maize_ZEAMAP/epigenome/dna_methylation/01_regions/AMP_mCHH_bed/CIMBL9.bedgraph.gz.tbi	47.95KB
https://ftp.cngb.org/pub/CNSA/data3/CNP0001565/zeamap/05_Epigenetics/DNA_Methylation/01_Regions/AMP_mCHH_bed/CIMBL91.bedgraph.gz	maize_ZEAMAP/epigenome/dna_methylation/01_regions/AMP_mCHH_bed/CIMBL91.bedgraph.gz	50.60KB
https://ftp.cngb.org/pub/CNSA/data3/CNP0001565/zeamap/05_Epigenetics/DNA_Methylation/01_Regions/AMP_mCHH_bed/CIMBL91.bedgraph.gz.tbi	maize_ZEAMAP/epigenome/dna_methylation/01_regions/AMP_mCHH_bed/CIMBL91.bedgraph.gz.tbi	47.84KB
https://ftp.cngb.org/pub/CNSA/data3/CNP0001565/zeamap/05_Epigenetics/DNA_Methylation/01_Regions/AMP_mCHH_bed/CIMBL92.bedgraph.gz	maize_ZEAMAP/epigenome/dna_methylation/01_regions/AMP_mCHH_bed/CIMBL92.bedgraph.gz	52.84KB
https://ftp.cngb.org/pub/CNSA/data3/CNP0001565/zeamap/05_Epigenetics/DNA_Methylation/01_Regions/AMP_mCHH_bed/CIMBL92.bedgraph.gz.tbi	maize_ZEAMAP/epigenome/dna_methylation/01_regions/AMP_mCHH_bed/CIMBL92.bedgraph.gz.tbi	47.97KB
https://ftp.cngb.org/pub/CNSA/data3/CNP0001565/zeamap/05_Epigenetics/DNA_Methylation/01_Regions/AMP_mCHH_bed/CIMBL94.bedgraph.gz	maize_ZEAMAP/epigenome/dna_methylation/01_regions/AMP_mCHH_bed/CIMBL94.bedgraph.gz	53.05KB
https://ftp.cngb.org/pub/CNSA/data3/CNP0001565/zeamap/05_Epigenetics/DNA_Methylation/01_Regions/AMP_mCHH_bed/CIMBL94.bedgraph.gz.tbi	maize_ZEAMAP/epigenome/dna_methylation/01_regions/AMP_mCHH_bed/CIMBL94.bedgraph.gz.tbi	47.90KB
https://ftp.cngb.org/pub/CNSA/data3/CNP0001565/zeamap/05_Epigenetics/DNA_Methylation/01_Regions/AMP_mCHH_bed/CIMBL95.bedgraph.gz	maize_ZEAMAP/epigenome/dna_methylation/01_regions/AMP_mCHH_bed/CIMBL95.bedgraph.gz	52.99KB
https://ftp.cngb.org/pub/CNSA/data3/CNP0001565/zeamap/05_Epigenetics/DNA_Methylation/01_Regions/AMP_mCHH_bed/CIMBL95.bedgraph.gz.tbi	maize_ZEAMAP/epigenome/dna_methylation/01_regions/AMP_mCHH_bed/CIMBL95.bedgraph.gz.tbi	47.97KB
https://ftp.cngb.org/pub/CNSA/data3/CNP0001565/zeamap/05_Epigenetics/DNA_Methylation/01_Regions/AMP_mCHH_bed/CIMBL96.bedgraph.gz	maize_ZEAMAP/epigenome/dna_methylation/01_regions/AMP_mCHH_bed/CIMBL96.bedgraph.gz	53.03KB
https://ftp.cngb.org/pub/CNSA/data3/CNP0001565/zeamap/05_Epigenetics/DNA_Methylation/01_Regions/AMP_mCHH_bed/CIMBL96.bedgraph.gz.tbi	maize_ZEAMAP/epigenome/dna_methylation/01_regions/AMP_mCHH_bed/CIMBL96.bedgraph.gz.tbi	47.88KB
https://ftp.cngb.org/pub/CNSA/data3/CNP0001565/zeamap/05_Epigenetics/DNA_Methylation/01_Regions/AMP_mCHH_bed/CIMBL99.bedgraph.gz	maize_ZEAMAP/epigenome/dna_methylation/01_regions/AMP_mCHH_bed/CIMBL99.bedgraph.gz	52.83KB
https://ftp.cngb.org/pub/CNSA/data3/CNP0001565/zeamap/05_Epigenetics/DNA_Methylation/01_Regions/AMP_mCHH_bed/CIMBL99.bedgraph.gz.tbi	maize_ZEAMAP/epigenome/dna_methylation/01_regions/AMP_mCHH_bed/CIMBL99.bedgraph.gz.tbi	47.93KB
https://ftp.cngb.org/pub/CNSA/data3/CNP0001565/zeamap/05_Epigenetics/DNA_Methylation/01_Regions/AMP_mCHH_bed/CML114.bedgraph.gz	maize_ZEAMAP/epigenome/dna_methylation/01_regions/AMP_mCHH_bed/CML114.bedgraph.gz	53.08KB
https://ftp.cngb.org/pub/CNSA/data3/CNP0001565/zeamap/05_Epigenetics/DNA_Methylation/01_Regions/AMP_mCHH_bed/CML114.bedgraph.gz.tbi	maize_ZEAMAP/epigenome/dna_methylation/01_regions/AMP_mCHH_bed/CML114.bedgraph.gz.tbi	47.96KB
https://ftp.cngb.org/pub/CNSA/data3/CNP0001565/zeamap/05_Epigenetics/DNA_Methylation/01_Regions/AMP_mCHH_bed/CML121.bedgraph.gz	maize_ZEAMAP/epigenome/dna_methylation/01_regions/AMP_mCHH_bed/CML121.bedgraph.gz	46.81KB
https://ftp.cngb.org/pub/CNSA/data3/CNP0001565/zeamap/05_Epigenetics/DNA_Methylation/01_Regions/AMP_mCHH_bed/CML121.bedgraph.gz.tbi	maize_ZEAMAP/epigenome/dna_methylation/01_regions/AMP_mCHH_bed/CML121.bedgraph.gz.tbi	47.79KB
https://ftp.cngb.org/pub/CNSA/data3/CNP0001565/zeamap/05_Epigenetics/DNA_Methylation/01_Regions/AMP_mCHH_bed/CML122.bedgraph.gz	maize_ZEAMAP/epigenome/dna_methylation/01_regions/AMP_mCHH_bed/CML122.bedgraph.gz	53.59KB
https://ftp.cngb.org/pub/CNSA/data3/CNP0001565/zeamap/05_Epigenetics/DNA_Methylation/01_Regions/AMP_mCHH_bed/CML122.bedgraph.gz.tbi	maize_ZEAMAP/epigenome/dna_methylation/01_regions/AMP_mCHH_bed/CML122.bedgraph.gz.tbi	47.93KB
https://ftp.cngb.org/pub/CNSA/data3/CNP0001565/zeamap/05_Epigenetics/DNA_Methylation/01_Regions/AMP_mCHH_bed/CML130.bedgraph.gz	maize_ZEAMAP/epigenome/dna_methylation/01_regions/AMP_mCHH_bed/CML130.bedgraph.gz	45.63KB
https://ftp.cngb.org/pub/CNSA/data3/CNP0001565/zeamap/05_Epigenetics/DNA_Methylation/01_Regions/AMP_mCHH_bed/CML130.bedgraph.gz.tbi	maize_ZEAMAP/epigenome/dna_methylation/01_regions/AMP_mCHH_bed/CML130.bedgraph.gz.tbi	47.76KB
https://ftp.cngb.org/pub/CNSA/data3/CNP0001565/zeamap/05_Epigenetics/DNA_Methylation/01_Regions/AMP_mCHH_bed/CML134.bedgraph.gz	maize_ZEAMAP/epigenome/dna_methylation/01_regions/AMP_mCHH_bed/CML134.bedgraph.gz	50.72KB
https://ftp.cngb.org/pub/CNSA/data3/CNP0001565/zeamap/05_Epigenetics/DNA_Methylation/01_Regions/AMP_mCHH_bed/CML134.bedgraph.gz.tbi	maize_ZEAMAP/epigenome/dna_methylation/01_regions/AMP_mCHH_bed/CML134.bedgraph.gz.tbi	47.86KB
https://ftp.cngb.org/pub/CNSA/data3/CNP0001565/zeamap/05_Epigenetics/DNA_Methylation/01_Regions/AMP_mCHH_bed/CML139.bedgraph.gz	maize_ZEAMAP/epigenome/dna_methylation/01_regions/AMP_mCHH_bed/CML139.bedgraph.gz	53.08KB
https://ftp.cngb.org/pub/CNSA/data3/CNP0001565/zeamap/05_Epigenetics/DNA_Methylation/01_Regions/AMP_mCHH_bed/CML139.bedgraph.gz.tbi	maize_ZEAMAP/epigenome/dna_methylation/01_regions/AMP_mCHH_bed/CML139.bedgraph.gz.tbi	47.94KB
https://ftp.cngb.org/pub/CNSA/data3/CNP0001565/zeamap/05_Epigenetics/DNA_Methylation/01_Regions/AMP_mCHH_bed/CML162.bedgraph.gz	maize_ZEAMAP/epigenome/dna_methylation/01_regions/AMP_mCHH_bed/CML162.bedgraph.gz	48.31KB
https://ftp.cngb.org/pub/CNSA/data3/CNP0001565/zeamap/05_Epigenetics/DNA_Methylation/01_Regions/AMP_mCHH_bed/CML162.bedgraph.gz.tbi	maize_ZEAMAP/epigenome/dna_methylation/01_regions/AMP_mCHH_bed/CML162.bedgraph.gz.tbi	47.82KB
https://ftp.cngb.org/pub/CNSA/data3/CNP0001565/zeamap/05_Epigenetics/DNA_Methylation/01_Regions/AMP_mCHH_bed/CML163.bedgraph.gz	maize_ZEAMAP/epigenome/dna_methylation/01_regions/AMP_mCHH_bed/CML163.bedgraph.gz	52.90KB
https://ftp.cngb.org/pub/CNSA/data3/CNP0001565/zeamap/05_Epigenetics/DNA_Methylation/01_Regions/AMP_mCHH_bed/CML163.bedgraph.gz.tbi	maize_ZEAMAP/epigenome/dna_methylation/01_regions/AMP_mCHH_bed/CML163.bedgraph.gz.tbi	47.94KB
https://ftp.cngb.org/pub/CNSA/data3/CNP0001565/zeamap/05_Epigenetics/DNA_Methylation/01_Regions/AMP_mCHH_bed/CML166.bedgraph.gz	maize_ZEAMAP/epigenome/dna_methylation/01_regions/AMP_mCHH_bed/CML166.bedgraph.gz	46.11KB
https://ftp.cngb.org/pub/CNSA/data3/CNP0001565/zeamap/05_Epigenetics/DNA_Methylation/01_Regions/AMP_mCHH_bed/CML166.bedgraph.gz.tbi	maize_ZEAMAP/epigenome/dna_methylation/01_regions/AMP_mCHH_bed/CML166.bedgraph.gz.tbi	47.78KB
https://ftp.cngb.org/pub/CNSA/data3/CNP0001565/zeamap/05_Epigenetics/DNA_Methylation/01_Regions/AMP_mCHH_bed/CML168.bedgraph.gz	maize_ZEAMAP/epigenome/dna_methylation/01_regions/AMP_mCHH_bed/CML168.bedgraph.gz	47.87KB
https://ftp.cngb.org/pub/CNSA/data3/CNP0001565/zeamap/05_Epigenetics/DNA_Methylation/01_Regions/AMP_mCHH_bed/CML168.bedgraph.gz.tbi	maize_ZEAMAP/epigenome/dna_methylation/01_regions/AMP_mCHH_bed/CML168.bedgraph.gz.tbi	47.85KB
https://ftp.cngb.org/pub/CNSA/data3/CNP0001565/zeamap/05_Epigenetics/DNA_Methylation/01_Regions/AMP_mCHH_bed/CML170.bedgraph.gz	maize_ZEAMAP/epigenome/dna_methylation/01_regions/AMP_mCHH_bed/CML170.bedgraph.gz	51.89KB
https://ftp.cngb.org/pub/CNSA/data3/CNP0001565/zeamap/05_Epigenetics/DNA_Methylation/01_Regions/AMP_mCHH_bed/CML170.bedgraph.gz.tbi	maize_ZEAMAP/epigenome/dna_methylation/01_regions/AMP_mCHH_bed/CML170.bedgraph.gz.tbi	47.93KB
https://ftp.cngb.org/pub/CNSA/data3/CNP0001565/zeamap/05_Epigenetics/DNA_Methylation/01_Regions/AMP_mCHH_bed/CML171.bedgraph.gz	maize_ZEAMAP/epigenome/dna_methylation/01_regions/AMP_mCHH_bed/CML171.bedgraph.gz	52.70KB
https://ftp.cngb.org/pub/CNSA/data3/CNP0001565/zeamap/05_Epigenetics/DNA_Methylation/01_Regions/AMP_mCHH_bed/CML171.bedgraph.gz.tbi	maize_ZEAMAP/epigenome/dna_methylation/01_regions/AMP_mCHH_bed/CML171.bedgraph.gz.tbi	47.91KB
https://ftp.cngb.org/pub/CNSA/data3/CNP0001565/zeamap/05_Epigenetics/DNA_Methylation/01_Regions/AMP_mCHH_bed/CML172.bedgraph.gz	maize_ZEAMAP/epigenome/dna_methylation/01_regions/AMP_mCHH_bed/CML172.bedgraph.gz	52.67KB
https://ftp.cngb.org/pub/CNSA/data3/CNP0001565/zeamap/05_Epigenetics/DNA_Methylation/01_Regions/AMP_mCHH_bed/CML172.bedgraph.gz.tbi	maize_ZEAMAP/epigenome/dna_methylation/01_regions/AMP_mCHH_bed/CML172.bedgraph.gz.tbi	47.87KB
https://ftp.cngb.org/pub/CNSA/data3/CNP0001565/zeamap/05_Epigenetics/DNA_Methylation/01_Regions/AMP_mCHH_bed/CML189.bedgraph.gz	maize_ZEAMAP/epigenome/dna_methylation/01_regions/AMP_mCHH_bed/CML189.bedgraph.gz	52.85KB
https://ftp.cngb.org/pub/CNSA/data3/CNP0001565/zeamap/05_Epigenetics/DNA_Methylation/01_Regions/AMP_mCHH_bed/CML189.bedgraph.gz.tbi	maize_ZEAMAP/epigenome/dna_methylation/01_regions/AMP_mCHH_bed/CML189.bedgraph.gz.tbi	47.87KB
https://ftp.cngb.org/pub/CNSA/data3/CNP0001565/zeamap/05_Epigenetics/DNA_Methylation/01_Regions/AMP_mCHH_bed/CML192.bedgraph.gz	maize_ZEAMAP/epigenome/dna_methylation/01_regions/AMP_mCHH_bed/CML192.bedgraph.gz	52.88KB
https://ftp.cngb.org/pub/CNSA/data3/CNP0001565/zeamap/05_Epigenetics/DNA_Methylation/01_Regions/AMP_mCHH_bed/CML192.bedgraph.gz.tbi	maize_ZEAMAP/epigenome/dna_methylation/01_regions/AMP_mCHH_bed/CML192.bedgraph.gz.tbi	47.90KB
https://ftp.cngb.org/pub/CNSA/data3/CNP0001565/zeamap/05_Epigenetics/DNA_Methylation/01_Regions/AMP_mCHH_bed/CML223.bedgraph.gz	maize_ZEAMAP/epigenome/dna_methylation/01_regions/AMP_mCHH_bed/CML223.bedgraph.gz	51.84KB
https://ftp.cngb.org/pub/CNSA/data3/CNP0001565/zeamap/05_Epigenetics/DNA_Methylation/01_Regions/AMP_mCHH_bed/CML223.bedgraph.gz.tbi	maize_ZEAMAP/epigenome/dna_methylation/01_regions/AMP_mCHH_bed/CML223.bedgraph.gz.tbi	47.95KB
https://ftp.cngb.org/pub/CNSA/data3/CNP0001565/zeamap/05_Epigenetics/DNA_Methylation/01_Regions/AMP_mCHH_bed/CML226.bedgraph.gz	maize_ZEAMAP/epigenome/dna_methylation/01_regions/AMP_mCHH_bed/CML226.bedgraph.gz	51.40KB
https://ftp.cngb.org/pub/CNSA/data3/CNP0001565/zeamap/05_Epigenetics/DNA_Methylation/01_Regions/AMP_mCHH_bed/CML226.bedgraph.gz.tbi	maize_ZEAMAP/epigenome/dna_methylation/01_regions/AMP_mCHH_bed/CML226.bedgraph.gz.tbi	47.82KB
https://ftp.cngb.org/pub/CNSA/data3/CNP0001565/zeamap/05_Epigenetics/DNA_Methylation/01_Regions/AMP_mCHH_bed/CML26.bedgraph.gz	maize_ZEAMAP/epigenome/dna_methylation/01_regions/AMP_mCHH_bed/CML26.bedgraph.gz	52.87KB
https://ftp.cngb.org/pub/CNSA/data3/CNP0001565/zeamap/05_Epigenetics/DNA_Methylation/01_Regions/AMP_mCHH_bed/CML26.bedgraph.gz.tbi	maize_ZEAMAP/epigenome/dna_methylation/01_regions/AMP_mCHH_bed/CML26.bedgraph.gz.tbi	47.92KB
https://ftp.cngb.org/pub/CNSA/data3/CNP0001565/zeamap/05_Epigenetics/DNA_Methylation/01_Regions/AMP_mCHH_bed/CML27.bedgraph.gz	maize_ZEAMAP/epigenome/dna_methylation/01_regions/AMP_mCHH_bed/CML27.bedgraph.gz	51.54KB
https://ftp.cngb.org/pub/CNSA/data3/CNP0001565/zeamap/05_Epigenetics/DNA_Methylation/01_Regions/AMP_mCHH_bed/CML27.bedgraph.gz.tbi	maize_ZEAMAP/epigenome/dna_methylation/01_regions/AMP_mCHH_bed/CML27.bedgraph.gz.tbi	47.89KB
https://ftp.cngb.org/pub/CNSA/data3/CNP0001565/zeamap/05_Epigenetics/DNA_Methylation/01_Regions/AMP_mCHH_bed/CML28.bedgraph.gz	maize_ZEAMAP/epigenome/dna_methylation/01_regions/AMP_mCHH_bed/CML28.bedgraph.gz	48.54KB
https://ftp.cngb.org/pub/CNSA/data3/CNP0001565/zeamap/05_Epigenetics/DNA_Methylation/01_Regions/AMP_mCHH_bed/CML28.bedgraph.gz.tbi	maize_ZEAMAP/epigenome/dna_methylation/01_regions/AMP_mCHH_bed/CML28.bedgraph.gz.tbi	47.83KB
https://ftp.cngb.org/pub/CNSA/data3/CNP0001565/zeamap/05_Epigenetics/DNA_Methylation/01_Regions/AMP_mCHH_bed/CML285.bedgraph.gz	maize_ZEAMAP/epigenome/dna_methylation/01_regions/AMP_mCHH_bed/CML285.bedgraph.gz	52.08KB
https://ftp.cngb.org/pub/CNSA/data3/CNP0001565/zeamap/05_Epigenetics/DNA_Methylation/01_Regions/AMP_mCHH_bed/CML285.bedgraph.gz.tbi	maize_ZEAMAP/epigenome/dna_methylation/01_regions/AMP_mCHH_bed/CML285.bedgraph.gz.tbi	47.88KB
https://ftp.cngb.org/pub/CNSA/data3/CNP0001565/zeamap/05_Epigenetics/DNA_Methylation/01_Regions/AMP_mCHH_bed/CML286.bedgraph.gz	maize_ZEAMAP/epigenome/dna_methylation/01_regions/AMP_mCHH_bed/CML286.bedgraph.gz	52.05KB
https://ftp.cngb.org/pub/CNSA/data3/CNP0001565/zeamap/05_Epigenetics/DNA_Methylation/01_Regions/AMP_mCHH_bed/CML286.bedgraph.gz.tbi	maize_ZEAMAP/epigenome/dna_methylation/01_regions/AMP_mCHH_bed/CML286.bedgraph.gz.tbi	47.89KB
https://ftp.cngb.org/pub/CNSA/data3/CNP0001565/zeamap/05_Epigenetics/DNA_Methylation/01_Regions/AMP_mCHH_bed/CML287.bedgraph.gz	maize_ZEAMAP/epigenome/dna_methylation/01_regions/AMP_mCHH_bed/CML287.bedgraph.gz	51.36KB
https://ftp.cngb.org/pub/CNSA/data3/CNP0001565/zeamap/05_Epigenetics/DNA_Methylation/01_Regions/AMP_mCHH_bed/CML287.bedgraph.gz.tbi	maize_ZEAMAP/epigenome/dna_methylation/01_regions/AMP_mCHH_bed/CML287.bedgraph.gz.tbi	47.86KB
https://ftp.cngb.org/pub/CNSA/data3/CNP0001565/zeamap/05_Epigenetics/DNA_Methylation/01_Regions/AMP_mCHH_bed/CML29.bedgraph.gz	maize_ZEAMAP/epigenome/dna_methylation/01_regions/AMP_mCHH_bed/CML29.bedgraph.gz	48.47KB
https://ftp.cngb.org/pub/CNSA/data3/CNP0001565/zeamap/05_Epigenetics/DNA_Methylation/01_Regions/AMP_mCHH_bed/CML29.bedgraph.gz.tbi	maize_ZEAMAP/epigenome/dna_methylation/01_regions/AMP_mCHH_bed/CML29.bedgraph.gz.tbi	47.84KB
https://ftp.cngb.org/pub/CNSA/data3/CNP0001565/zeamap/05_Epigenetics/DNA_Methylation/01_Regions/AMP_mCHH_bed/CML307.bedgraph.gz	maize_ZEAMAP/epigenome/dna_methylation/01_regions/AMP_mCHH_bed/CML307.bedgraph.gz	50.17KB
https://ftp.cngb.org/pub/CNSA/data3/CNP0001565/zeamap/05_Epigenetics/DNA_Methylation/01_Regions/AMP_mCHH_bed/CML307.bedgraph.gz.tbi	maize_ZEAMAP/epigenome/dna_methylation/01_regions/AMP_mCHH_bed/CML307.bedgraph.gz.tbi	47.86KB
https://ftp.cngb.org/pub/CNSA/data3/CNP0001565/zeamap/05_Epigenetics/DNA_Methylation/01_Regions/AMP_mCHH_bed/CML32.bedgraph.gz	maize_ZEAMAP/epigenome/dna_methylation/01_regions/AMP_mCHH_bed/CML32.bedgraph.gz	52.83KB
https://ftp.cngb.org/pub/CNSA/data3/CNP0001565/zeamap/05_Epigenetics/DNA_Methylation/01_Regions/AMP_mCHH_bed/CML32.bedgraph.gz.tbi	maize_ZEAMAP/epigenome/dna_methylation/01_regions/AMP_mCHH_bed/CML32.bedgraph.gz.tbi	47.91KB
https://ftp.cngb.org/pub/CNSA/data3/CNP0001565/zeamap/05_Epigenetics/DNA_Methylation/01_Regions/AMP_mCHH_bed/CML323.bedgraph.gz	maize_ZEAMAP/epigenome/dna_methylation/01_regions/AMP_mCHH_bed/CML323.bedgraph.gz	53.17KB
https://ftp.cngb.org/pub/CNSA/data3/CNP0001565/zeamap/05_Epigenetics/DNA_Methylation/01_Regions/AMP_mCHH_bed/CML323.bedgraph.gz.tbi	maize_ZEAMAP/epigenome/dna_methylation/01_regions/AMP_mCHH_bed/CML323.bedgraph.gz.tbi	47.91KB
https://ftp.cngb.org/pub/CNSA/data3/CNP0001565/zeamap/05_Epigenetics/DNA_Methylation/01_Regions/AMP_mCHH_bed/CML324.bedgraph.gz	maize_ZEAMAP/epigenome/dna_methylation/01_regions/AMP_mCHH_bed/CML324.bedgraph.gz	51.48KB
https://ftp.cngb.org/pub/CNSA/data3/CNP0001565/zeamap/05_Epigenetics/DNA_Methylation/01_Regions/AMP_mCHH_bed/CML324.bedgraph.gz.tbi	maize_ZEAMAP/epigenome/dna_methylation/01_regions/AMP_mCHH_bed/CML324.bedgraph.gz.tbi	47.87KB
https://ftp.cngb.org/pub/CNSA/data3/CNP0001565/zeamap/05_Epigenetics/DNA_Methylation/01_Regions/AMP_mCHH_bed/CML325.bedgraph.gz	maize_ZEAMAP/epigenome/dna_methylation/01_regions/AMP_mCHH_bed/CML325.bedgraph.gz	52.90KB
https://ftp.cngb.org/pub/CNSA/data3/CNP0001565/zeamap/05_Epigenetics/DNA_Methylation/01_Regions/AMP_mCHH_bed/CML325.bedgraph.gz.tbi	maize_ZEAMAP/epigenome/dna_methylation/01_regions/AMP_mCHH_bed/CML325.bedgraph.gz.tbi	47.90KB
https://ftp.cngb.org/pub/CNSA/data3/CNP0001565/zeamap/05_Epigenetics/DNA_Methylation/01_Regions/AMP_mCHH_bed/CML327.bedgraph.gz	maize_ZEAMAP/epigenome/dna_methylation/01_regions/AMP_mCHH_bed/CML327.bedgraph.gz	53.67KB
https://ftp.cngb.org/pub/CNSA/data3/CNP0001565/zeamap/05_Epigenetics/DNA_Methylation/01_Regions/AMP_mCHH_bed/CML327.bedgraph.gz.tbi	maize_ZEAMAP/epigenome/dna_methylation/01_regions/AMP_mCHH_bed/CML327.bedgraph.gz.tbi	47.94KB
https://ftp.cngb.org/pub/CNSA/data3/CNP0001565/zeamap/05_Epigenetics/DNA_Methylation/01_Regions/AMP_mCHH_bed/CML360.bedgraph.gz	maize_ZEAMAP/epigenome/dna_methylation/01_regions/AMP_mCHH_bed/CML360.bedgraph.gz	51.15KB
https://ftp.cngb.org/pub/CNSA/data3/CNP0001565/zeamap/05_Epigenetics/DNA_Methylation/01_Regions/AMP_mCHH_bed/CML360.bedgraph.gz.tbi	maize_ZEAMAP/epigenome/dna_methylation/01_regions/AMP_mCHH_bed/CML360.bedgraph.gz.tbi	47.86KB
https://ftp.cngb.org/pub/CNSA/data3/CNP0001565/zeamap/05_Epigenetics/DNA_Methylation/01_Regions/AMP_mCHH_bed/CML361.bedgraph.gz	maize_ZEAMAP/epigenome/dna_methylation/01_regions/AMP_mCHH_bed/CML361.bedgraph.gz	51.93KB
https://ftp.cngb.org/pub/CNSA/data3/CNP0001565/zeamap/05_Epigenetics/DNA_Methylation/01_Regions/AMP_mCHH_bed/CML361.bedgraph.gz.tbi	maize_ZEAMAP/epigenome/dna_methylation/01_regions/AMP_mCHH_bed/CML361.bedgraph.gz.tbi	47.86KB
https://ftp.cngb.org/pub/CNSA/data3/CNP0001565/zeamap/05_Epigenetics/DNA_Methylation/01_Regions/AMP_mCHH_bed/CML40.bedgraph.gz	maize_ZEAMAP/epigenome/dna_methylation/01_regions/AMP_mCHH_bed/CML40.bedgraph.gz	51.01KB
https://ftp.cngb.org/pub/CNSA/data3/CNP0001565/zeamap/05_Epigenetics/DNA_Methylation/01_Regions/AMP_mCHH_bed/CML40.bedgraph.gz.tbi	maize_ZEAMAP/epigenome/dna_methylation/01_regions/AMP_mCHH_bed/CML40.bedgraph.gz.tbi	47.86KB
https://ftp.cngb.org/pub/CNSA/data3/CNP0001565/zeamap/05_Epigenetics/DNA_Methylation/01_Regions/AMP_mCHH_bed/CML411.bedgraph.gz	maize_ZEAMAP/epigenome/dna_methylation/01_regions/AMP_mCHH_bed/CML411.bedgraph.gz	52.84KB
https://ftp.cngb.org/pub/CNSA/data3/CNP0001565/zeamap/05_Epigenetics/DNA_Methylation/01_Regions/AMP_mCHH_bed/CML411.bedgraph.gz.tbi	maize_ZEAMAP/epigenome/dna_methylation/01_regions/AMP_mCHH_bed/CML411.bedgraph.gz.tbi	47.87KB
https://ftp.cngb.org/pub/CNSA/data3/CNP0001565/zeamap/05_Epigenetics/DNA_Methylation/01_Regions/AMP_mCHH_bed/CML423.bedgraph.gz	maize_ZEAMAP/epigenome/dna_methylation/01_regions/AMP_mCHH_bed/CML423.bedgraph.gz	53.30KB
https://ftp.cngb.org/pub/CNSA/data3/CNP0001565/zeamap/05_Epigenetics/DNA_Methylation/01_Regions/AMP_mCHH_bed/CML423.bedgraph.gz.tbi	maize_ZEAMAP/epigenome/dna_methylation/01_regions/AMP_mCHH_bed/CML423.bedgraph.gz.tbi	47.92KB
https://ftp.cngb.org/pub/CNSA/data3/CNP0001565/zeamap/05_Epigenetics/DNA_Methylation/01_Regions/AMP_mCHH_bed/CML426.bedgraph.gz	maize_ZEAMAP/epigenome/dna_methylation/01_regions/AMP_mCHH_bed/CML426.bedgraph.gz	52.36KB
https://ftp.cngb.org/pub/CNSA/data3/CNP0001565/zeamap/05_Epigenetics/DNA_Methylation/01_Regions/AMP_mCHH_bed/CML426.bedgraph.gz.tbi	maize_ZEAMAP/epigenome/dna_methylation/01_regions/AMP_mCHH_bed/CML426.bedgraph.gz.tbi	47.89KB
https://ftp.cngb.org/pub/CNSA/data3/CNP0001565/zeamap/05_Epigenetics/DNA_Methylation/01_Regions/AMP_mCHH_bed/CML428.bedgraph.gz	maize_ZEAMAP/epigenome/dna_methylation/01_regions/AMP_mCHH_bed/CML428.bedgraph.gz	51.40KB
https://ftp.cngb.org/pub/CNSA/data3/CNP0001565/zeamap/05_Epigenetics/DNA_Methylation/01_Regions/AMP_mCHH_bed/CML428.bedgraph.gz.tbi	maize_ZEAMAP/epigenome/dna_methylation/01_regions/AMP_mCHH_bed/CML428.bedgraph.gz.tbi	47.90KB
https://ftp.cngb.org/pub/CNSA/data3/CNP0001565/zeamap/05_Epigenetics/DNA_Methylation/01_Regions/AMP_mCHH_bed/CML430.bedgraph.gz	maize_ZEAMAP/epigenome/dna_methylation/01_regions/AMP_mCHH_bed/CML430.bedgraph.gz	52.30KB
https://ftp.cngb.org/pub/CNSA/data3/CNP0001565/zeamap/05_Epigenetics/DNA_Methylation/01_Regions/AMP_mCHH_bed/CML430.bedgraph.gz.tbi	maize_ZEAMAP/epigenome/dna_methylation/01_regions/AMP_mCHH_bed/CML430.bedgraph.gz.tbi	47.88KB
https://ftp.cngb.org/pub/CNSA/data3/CNP0001565/zeamap/05_Epigenetics/DNA_Methylation/01_Regions/AMP_mCHH_bed/CML431.bedgraph.gz	maize_ZEAMAP/epigenome/dna_methylation/01_regions/AMP_mCHH_bed/CML431.bedgraph.gz	48.95KB
https://ftp.cngb.org/pub/CNSA/data3/CNP0001565/zeamap/05_Epigenetics/DNA_Methylation/01_Regions/AMP_mCHH_bed/CML431.bedgraph.gz.tbi	maize_ZEAMAP/epigenome/dna_methylation/01_regions/AMP_mCHH_bed/CML431.bedgraph.gz.tbi	47.82KB
https://ftp.cngb.org/pub/CNSA/data3/CNP0001565/zeamap/05_Epigenetics/DNA_Methylation/01_Regions/AMP_mCHH_bed/CML432.bedgraph.gz	maize_ZEAMAP/epigenome/dna_methylation/01_regions/AMP_mCHH_bed/CML432.bedgraph.gz	50.66KB
https://ftp.cngb.org/pub/CNSA/data3/CNP0001565/zeamap/05_Epigenetics/DNA_Methylation/01_Regions/AMP_mCHH_bed/CML432.bedgraph.gz.tbi	maize_ZEAMAP/epigenome/dna_methylation/01_regions/AMP_mCHH_bed/CML432.bedgraph.gz.tbi	47.86KB
https://ftp.cngb.org/pub/CNSA/data3/CNP0001565/zeamap/05_Epigenetics/DNA_Methylation/01_Regions/AMP_mCHH_bed/CML451.bedgraph.gz	maize_ZEAMAP/epigenome/dna_methylation/01_regions/AMP_mCHH_bed/CML451.bedgraph.gz	52.76KB
https://ftp.cngb.org/pub/CNSA/data3/CNP0001565/zeamap/05_Epigenetics/DNA_Methylation/01_Regions/AMP_mCHH_bed/CML451.bedgraph.gz.tbi	maize_ZEAMAP/epigenome/dna_methylation/01_regions/AMP_mCHH_bed/CML451.bedgraph.gz.tbi	47.93KB
https://ftp.cngb.org/pub/CNSA/data3/CNP0001565/zeamap/05_Epigenetics/DNA_Methylation/01_Regions/AMP_mCHH_bed/CML470.bedgraph.gz	maize_ZEAMAP/epigenome/dna_methylation/01_regions/AMP_mCHH_bed/CML470.bedgraph.gz	53.56KB
https://ftp.cngb.org/pub/CNSA/data3/CNP0001565/zeamap/05_Epigenetics/DNA_Methylation/01_Regions/AMP_mCHH_bed/CML470.bedgraph.gz.tbi	maize_ZEAMAP/epigenome/dna_methylation/01_regions/AMP_mCHH_bed/CML470.bedgraph.gz.tbi	47.97KB
https://ftp.cngb.org/pub/CNSA/data3/CNP0001565/zeamap/05_Epigenetics/DNA_Methylation/01_Regions/AMP_mCHH_bed/CML471.bedgraph.gz	maize_ZEAMAP/epigenome/dna_methylation/01_regions/AMP_mCHH_bed/CML471.bedgraph.gz	49.28KB
https://ftp.cngb.org/pub/CNSA/data3/CNP0001565/zeamap/05_Epigenetics/DNA_Methylation/01_Regions/AMP_mCHH_bed/CML471.bedgraph.gz.tbi	maize_ZEAMAP/epigenome/dna_methylation/01_regions/AMP_mCHH_bed/CML471.bedgraph.gz.tbi	47.80KB
https://ftp.cngb.org/pub/CNSA/data3/CNP0001565/zeamap/05_Epigenetics/DNA_Methylation/01_Regions/AMP_mCHH_bed/CML493.bedgraph.gz	maize_ZEAMAP/epigenome/dna_methylation/01_regions/AMP_mCHH_bed/CML493.bedgraph.gz	53.07KB
https://ftp.cngb.org/pub/CNSA/data3/CNP0001565/zeamap/05_Epigenetics/DNA_Methylation/01_Regions/AMP_mCHH_bed/CML493.bedgraph.gz.tbi	maize_ZEAMAP/epigenome/dna_methylation/01_regions/AMP_mCHH_bed/CML493.bedgraph.gz.tbi	47.94KB
https://ftp.cngb.org/pub/CNSA/data3/CNP0001565/zeamap/05_Epigenetics/DNA_Methylation/01_Regions/AMP_mCHH_bed/CML69.bedgraph.gz	maize_ZEAMAP/epigenome/dna_methylation/01_regions/AMP_mCHH_bed/CML69.bedgraph.gz	52.87KB
https://ftp.cngb.org/pub/CNSA/data3/CNP0001565/zeamap/05_Epigenetics/DNA_Methylation/01_Regions/AMP_mCHH_bed/CML69.bedgraph.gz.tbi	maize_ZEAMAP/epigenome/dna_methylation/01_regions/AMP_mCHH_bed/CML69.bedgraph.gz.tbi	47.91KB
https://ftp.cngb.org/pub/CNSA/data3/CNP0001565/zeamap/05_Epigenetics/DNA_Methylation/01_Regions/AMP_mCHH_bed/DAN3130.bedgraph.gz	maize_ZEAMAP/epigenome/dna_methylation/01_regions/AMP_mCHH_bed/DAN3130.bedgraph.gz	53.16KB
https://ftp.cngb.org/pub/CNSA/data3/CNP0001565/zeamap/05_Epigenetics/DNA_Methylation/01_Regions/AMP_mCHH_bed/DAN3130.bedgraph.gz.tbi	maize_ZEAMAP/epigenome/dna_methylation/01_regions/AMP_mCHH_bed/DAN3130.bedgraph.gz.tbi	47.96KB
https://ftp.cngb.org/pub/CNSA/data3/CNP0001565/zeamap/05_Epigenetics/DNA_Methylation/01_Regions/AMP_mCHH_bed/DAN340.bedgraph.gz	maize_ZEAMAP/epigenome/dna_methylation/01_regions/AMP_mCHH_bed/DAN340.bedgraph.gz	52.36KB
https://ftp.cngb.org/pub/CNSA/data3/CNP0001565/zeamap/05_Epigenetics/DNA_Methylation/01_Regions/AMP_mCHH_bed/DAN340.bedgraph.gz.tbi	maize_ZEAMAP/epigenome/dna_methylation/01_regions/AMP_mCHH_bed/DAN340.bedgraph.gz.tbi	47.89KB
https://ftp.cngb.org/pub/CNSA/data3/CNP0001565/zeamap/05_Epigenetics/DNA_Methylation/01_Regions/AMP_mCHH_bed/DAN360.bedgraph.gz	maize_ZEAMAP/epigenome/dna_methylation/01_regions/AMP_mCHH_bed/DAN360.bedgraph.gz	53.11KB
https://ftp.cngb.org/pub/CNSA/data3/CNP0001565/zeamap/05_Epigenetics/DNA_Methylation/01_Regions/AMP_mCHH_bed/DAN360.bedgraph.gz.tbi	maize_ZEAMAP/epigenome/dna_methylation/01_regions/AMP_mCHH_bed/DAN360.bedgraph.gz.tbi	47.92KB
https://ftp.cngb.org/pub/CNSA/data3/CNP0001565/zeamap/05_Epigenetics/DNA_Methylation/01_Regions/AMP_mCHH_bed/DAN598.bedgraph.gz	maize_ZEAMAP/epigenome/dna_methylation/01_regions/AMP_mCHH_bed/DAN598.bedgraph.gz	49.73KB
https://ftp.cngb.org/pub/CNSA/data3/CNP0001565/zeamap/05_Epigenetics/DNA_Methylation/01_Regions/AMP_mCHH_bed/DAN598.bedgraph.gz.tbi	maize_ZEAMAP/epigenome/dna_methylation/01_regions/AMP_mCHH_bed/DAN598.bedgraph.gz.tbi	47.86KB
https://ftp.cngb.org/pub/CNSA/data3/CNP0001565/zeamap/05_Epigenetics/DNA_Methylation/01_Regions/AMP_mCHH_bed/DAN599.bedgraph.gz	maize_ZEAMAP/epigenome/dna_methylation/01_regions/AMP_mCHH_bed/DAN599.bedgraph.gz	53.02KB
https://ftp.cngb.org/pub/CNSA/data3/CNP0001565/zeamap/05_Epigenetics/DNA_Methylation/01_Regions/AMP_mCHH_bed/DAN599.bedgraph.gz.tbi	maize_ZEAMAP/epigenome/dna_methylation/01_regions/AMP_mCHH_bed/DAN599.bedgraph.gz.tbi	47.92KB
https://ftp.cngb.org/pub/CNSA/data3/CNP0001565/zeamap/05_Epigenetics/DNA_Methylation/01_Regions/AMP_mCHH_bed/DE.EX.bedgraph.gz	maize_ZEAMAP/epigenome/dna_methylation/01_regions/AMP_mCHH_bed/DE.EX.bedgraph.gz	52.94KB
https://ftp.cngb.org/pub/CNSA/data3/CNP0001565/zeamap/05_Epigenetics/DNA_Methylation/01_Regions/AMP_mCHH_bed/DE.EX.bedgraph.gz.tbi	maize_ZEAMAP/epigenome/dna_methylation/01_regions/AMP_mCHH_bed/DE.EX.bedgraph.gz.tbi	47.86KB
https://ftp.cngb.org/pub/CNSA/data3/CNP0001565/zeamap/05_Epigenetics/DNA_Methylation/01_Regions/AMP_mCHH_bed/GEMS10.bedgraph.gz	maize_ZEAMAP/epigenome/dna_methylation/01_regions/AMP_mCHH_bed/GEMS10.bedgraph.gz	53.32KB
https://ftp.cngb.org/pub/CNSA/data3/CNP0001565/zeamap/05_Epigenetics/DNA_Methylation/01_Regions/AMP_mCHH_bed/GEMS10.bedgraph.gz.tbi	maize_ZEAMAP/epigenome/dna_methylation/01_regions/AMP_mCHH_bed/GEMS10.bedgraph.gz.tbi	47.97KB
https://ftp.cngb.org/pub/CNSA/data3/CNP0001565/zeamap/05_Epigenetics/DNA_Methylation/01_Regions/AMP_mCHH_bed/GEMS11.bedgraph.gz	maize_ZEAMAP/epigenome/dna_methylation/01_regions/AMP_mCHH_bed/GEMS11.bedgraph.gz	52.42KB
https://ftp.cngb.org/pub/CNSA/data3/CNP0001565/zeamap/05_Epigenetics/DNA_Methylation/01_Regions/AMP_mCHH_bed/GEMS11.bedgraph.gz.tbi	maize_ZEAMAP/epigenome/dna_methylation/01_regions/AMP_mCHH_bed/GEMS11.bedgraph.gz.tbi	47.92KB
https://ftp.cngb.org/pub/CNSA/data3/CNP0001565/zeamap/05_Epigenetics/DNA_Methylation/01_Regions/AMP_mCHH_bed/GEMS13.bedgraph.gz	maize_ZEAMAP/epigenome/dna_methylation/01_regions/AMP_mCHH_bed/GEMS13.bedgraph.gz	51.87KB
https://ftp.cngb.org/pub/CNSA/data3/CNP0001565/zeamap/05_Epigenetics/DNA_Methylation/01_Regions/AMP_mCHH_bed/GEMS13.bedgraph.gz.tbi	maize_ZEAMAP/epigenome/dna_methylation/01_regions/AMP_mCHH_bed/GEMS13.bedgraph.gz.tbi	47.86KB
https://ftp.cngb.org/pub/CNSA/data3/CNP0001565/zeamap/05_Epigenetics/DNA_Methylation/01_Regions/AMP_mCHH_bed/GEMS14.bedgraph.gz	maize_ZEAMAP/epigenome/dna_methylation/01_regions/AMP_mCHH_bed/GEMS14.bedgraph.gz	52.67KB
https://ftp.cngb.org/pub/CNSA/data3/CNP0001565/zeamap/05_Epigenetics/DNA_Methylation/01_Regions/AMP_mCHH_bed/GEMS14.bedgraph.gz.tbi	maize_ZEAMAP/epigenome/dna_methylation/01_regions/AMP_mCHH_bed/GEMS14.bedgraph.gz.tbi	47.94KB
https://ftp.cngb.org/pub/CNSA/data3/CNP0001565/zeamap/05_Epigenetics/DNA_Methylation/01_Regions/AMP_mCHH_bed/GEMS18.bedgraph.gz	maize_ZEAMAP/epigenome/dna_methylation/01_regions/AMP_mCHH_bed/GEMS18.bedgraph.gz	53.13KB
https://ftp.cngb.org/pub/CNSA/data3/CNP0001565/zeamap/05_Epigenetics/DNA_Methylation/01_Regions/AMP_mCHH_bed/GEMS18.bedgraph.gz.tbi	maize_ZEAMAP/epigenome/dna_methylation/01_regions/AMP_mCHH_bed/GEMS18.bedgraph.gz.tbi	47.90KB
https://ftp.cngb.org/pub/CNSA/data3/CNP0001565/zeamap/05_Epigenetics/DNA_Methylation/01_Regions/AMP_mCHH_bed/GEMS19.bedgraph.gz	maize_ZEAMAP/epigenome/dna_methylation/01_regions/AMP_mCHH_bed/GEMS19.bedgraph.gz	50.12KB
https://ftp.cngb.org/pub/CNSA/data3/CNP0001565/zeamap/05_Epigenetics/DNA_Methylation/01_Regions/AMP_mCHH_bed/GEMS19.bedgraph.gz.tbi	maize_ZEAMAP/epigenome/dna_methylation/01_regions/AMP_mCHH_bed/GEMS19.bedgraph.gz.tbi	47.88KB
https://ftp.cngb.org/pub/CNSA/data3/CNP0001565/zeamap/05_Epigenetics/DNA_Methylation/01_Regions/AMP_mCHH_bed/GEMS21.bedgraph.gz	maize_ZEAMAP/epigenome/dna_methylation/01_regions/AMP_mCHH_bed/GEMS21.bedgraph.gz	48.64KB
https://ftp.cngb.org/pub/CNSA/data3/CNP0001565/zeamap/05_Epigenetics/DNA_Methylation/01_Regions/AMP_mCHH_bed/GEMS21.bedgraph.gz.tbi	maize_ZEAMAP/epigenome/dna_methylation/01_regions/AMP_mCHH_bed/GEMS21.bedgraph.gz.tbi	47.82KB
https://ftp.cngb.org/pub/CNSA/data3/CNP0001565/zeamap/05_Epigenetics/DNA_Methylation/01_Regions/AMP_mCHH_bed/GEMS24.bedgraph.gz	maize_ZEAMAP/epigenome/dna_methylation/01_regions/AMP_mCHH_bed/GEMS24.bedgraph.gz	52.92KB
https://ftp.cngb.org/pub/CNSA/data3/CNP0001565/zeamap/05_Epigenetics/DNA_Methylation/01_Regions/AMP_mCHH_bed/GEMS24.bedgraph.gz.tbi	maize_ZEAMAP/epigenome/dna_methylation/01_regions/AMP_mCHH_bed/GEMS24.bedgraph.gz.tbi	47.92KB
https://ftp.cngb.org/pub/CNSA/data3/CNP0001565/zeamap/05_Epigenetics/DNA_Methylation/01_Regions/AMP_mCHH_bed/GEMS28.bedgraph.gz	maize_ZEAMAP/epigenome/dna_methylation/01_regions/AMP_mCHH_bed/GEMS28.bedgraph.gz	52.56KB
https://ftp.cngb.org/pub/CNSA/data3/CNP0001565/zeamap/05_Epigenetics/DNA_Methylation/01_Regions/AMP_mCHH_bed/GEMS28.bedgraph.gz.tbi	maize_ZEAMAP/epigenome/dna_methylation/01_regions/AMP_mCHH_bed/GEMS28.bedgraph.gz.tbi	47.92KB
https://ftp.cngb.org/pub/CNSA/data3/CNP0001565/zeamap/05_Epigenetics/DNA_Methylation/01_Regions/AMP_mCHH_bed/GEMS29.bedgraph.gz	maize_ZEAMAP/epigenome/dna_methylation/01_regions/AMP_mCHH_bed/GEMS29.bedgraph.gz	50.48KB
https://ftp.cngb.org/pub/CNSA/data3/CNP0001565/zeamap/05_Epigenetics/DNA_Methylation/01_Regions/AMP_mCHH_bed/GEMS29.bedgraph.gz.tbi	maize_ZEAMAP/epigenome/dna_methylation/01_regions/AMP_mCHH_bed/GEMS29.bedgraph.gz.tbi	47.87KB
https://ftp.cngb.org/pub/CNSA/data3/CNP0001565/zeamap/05_Epigenetics/DNA_Methylation/01_Regions/AMP_mCHH_bed/GEMS3.bedgraph.gz	maize_ZEAMAP/epigenome/dna_methylation/01_regions/AMP_mCHH_bed/GEMS3.bedgraph.gz	50.85KB
https://ftp.cngb.org/pub/CNSA/data3/CNP0001565/zeamap/05_Epigenetics/DNA_Methylation/01_Regions/AMP_mCHH_bed/GEMS3.bedgraph.gz.tbi	maize_ZEAMAP/epigenome/dna_methylation/01_regions/AMP_mCHH_bed/GEMS3.bedgraph.gz.tbi	47.88KB
https://ftp.cngb.org/pub/CNSA/data3/CNP0001565/zeamap/05_Epigenetics/DNA_Methylation/01_Regions/AMP_mCHH_bed/GEMS31.bedgraph.gz	maize_ZEAMAP/epigenome/dna_methylation/01_regions/AMP_mCHH_bed/GEMS31.bedgraph.gz	52.74KB
https://ftp.cngb.org/pub/CNSA/data3/CNP0001565/zeamap/05_Epigenetics/DNA_Methylation/01_Regions/AMP_mCHH_bed/GEMS31.bedgraph.gz.tbi	maize_ZEAMAP/epigenome/dna_methylation/01_regions/AMP_mCHH_bed/GEMS31.bedgraph.gz.tbi	47.92KB
https://ftp.cngb.org/pub/CNSA/data3/CNP0001565/zeamap/05_Epigenetics/DNA_Methylation/01_Regions/AMP_mCHH_bed/GEMS32.bedgraph.gz	maize_ZEAMAP/epigenome/dna_methylation/01_regions/AMP_mCHH_bed/GEMS32.bedgraph.gz	51.92KB
https://ftp.cngb.org/pub/CNSA/data3/CNP0001565/zeamap/05_Epigenetics/DNA_Methylation/01_Regions/AMP_mCHH_bed/GEMS32.bedgraph.gz.tbi	maize_ZEAMAP/epigenome/dna_methylation/01_regions/AMP_mCHH_bed/GEMS32.bedgraph.gz.tbi	47.88KB
https://ftp.cngb.org/pub/CNSA/data3/CNP0001565/zeamap/05_Epigenetics/DNA_Methylation/01_Regions/AMP_mCHH_bed/GEMS33.bedgraph.gz	maize_ZEAMAP/epigenome/dna_methylation/01_regions/AMP_mCHH_bed/GEMS33.bedgraph.gz	51.86KB
https://ftp.cngb.org/pub/CNSA/data3/CNP0001565/zeamap/05_Epigenetics/DNA_Methylation/01_Regions/AMP_mCHH_bed/GEMS33.bedgraph.gz.tbi	maize_ZEAMAP/epigenome/dna_methylation/01_regions/AMP_mCHH_bed/GEMS33.bedgraph.gz.tbi	47.88KB
https://ftp.cngb.org/pub/CNSA/data3/CNP0001565/zeamap/05_Epigenetics/DNA_Methylation/01_Regions/AMP_mCHH_bed/GEMS37.bedgraph.gz	maize_ZEAMAP/epigenome/dna_methylation/01_regions/AMP_mCHH_bed/GEMS37.bedgraph.gz	51.99KB
https://ftp.cngb.org/pub/CNSA/data3/CNP0001565/zeamap/05_Epigenetics/DNA_Methylation/01_Regions/AMP_mCHH_bed/GEMS37.bedgraph.gz.tbi	maize_ZEAMAP/epigenome/dna_methylation/01_regions/AMP_mCHH_bed/GEMS37.bedgraph.gz.tbi	47.89KB
https://ftp.cngb.org/pub/CNSA/data3/CNP0001565/zeamap/05_Epigenetics/DNA_Methylation/01_Regions/AMP_mCHH_bed/GEMS47.bedgraph.gz	maize_ZEAMAP/epigenome/dna_methylation/01_regions/AMP_mCHH_bed/GEMS47.bedgraph.gz	52.43KB
https://ftp.cngb.org/pub/CNSA/data3/CNP0001565/zeamap/05_Epigenetics/DNA_Methylation/01_Regions/AMP_mCHH_bed/GEMS47.bedgraph.gz.tbi	maize_ZEAMAP/epigenome/dna_methylation/01_regions/AMP_mCHH_bed/GEMS47.bedgraph.gz.tbi	47.93KB
https://ftp.cngb.org/pub/CNSA/data3/CNP0001565/zeamap/05_Epigenetics/DNA_Methylation/01_Regions/AMP_mCHH_bed/GEMS49.bedgraph.gz	maize_ZEAMAP/epigenome/dna_methylation/01_regions/AMP_mCHH_bed/GEMS49.bedgraph.gz	52.32KB
https://ftp.cngb.org/pub/CNSA/data3/CNP0001565/zeamap/05_Epigenetics/DNA_Methylation/01_Regions/AMP_mCHH_bed/GEMS49.bedgraph.gz.tbi	maize_ZEAMAP/epigenome/dna_methylation/01_regions/AMP_mCHH_bed/GEMS49.bedgraph.gz.tbi	47.89KB
https://ftp.cngb.org/pub/CNSA/data3/CNP0001565/zeamap/05_Epigenetics/DNA_Methylation/01_Regions/AMP_mCHH_bed/GEMS5.bedgraph.gz	maize_ZEAMAP/epigenome/dna_methylation/01_regions/AMP_mCHH_bed/GEMS5.bedgraph.gz	43.56KB
https://ftp.cngb.org/pub/CNSA/data3/CNP0001565/zeamap/05_Epigenetics/DNA_Methylation/01_Regions/AMP_mCHH_bed/GEMS5.bedgraph.gz.tbi	maize_ZEAMAP/epigenome/dna_methylation/01_regions/AMP_mCHH_bed/GEMS5.bedgraph.gz.tbi	47.73KB
https://ftp.cngb.org/pub/CNSA/data3/CNP0001565/zeamap/05_Epigenetics/DNA_Methylation/01_Regions/AMP_mCHH_bed/GEMS53.bedgraph.gz	maize_ZEAMAP/epigenome/dna_methylation/01_regions/AMP_mCHH_bed/GEMS53.bedgraph.gz	52.68KB
https://ftp.cngb.org/pub/CNSA/data3/CNP0001565/zeamap/05_Epigenetics/DNA_Methylation/01_Regions/AMP_mCHH_bed/GEMS53.bedgraph.gz.tbi	maize_ZEAMAP/epigenome/dna_methylation/01_regions/AMP_mCHH_bed/GEMS53.bedgraph.gz.tbi	47.92KB
https://ftp.cngb.org/pub/CNSA/data3/CNP0001565/zeamap/05_Epigenetics/DNA_Methylation/01_Regions/AMP_mCHH_bed/GEMS56.bedgraph.gz	maize_ZEAMAP/epigenome/dna_methylation/01_regions/AMP_mCHH_bed/GEMS56.bedgraph.gz	50.43KB
https://ftp.cngb.org/pub/CNSA/data3/CNP0001565/zeamap/05_Epigenetics/DNA_Methylation/01_Regions/AMP_mCHH_bed/GEMS56.bedgraph.gz.tbi	maize_ZEAMAP/epigenome/dna_methylation/01_regions/AMP_mCHH_bed/GEMS56.bedgraph.gz.tbi	47.83KB
https://ftp.cngb.org/pub/CNSA/data3/CNP0001565/zeamap/05_Epigenetics/DNA_Methylation/01_Regions/AMP_mCHH_bed/GEMS60.bedgraph.gz	maize_ZEAMAP/epigenome/dna_methylation/01_regions/AMP_mCHH_bed/GEMS60.bedgraph.gz	51.60KB
https://ftp.cngb.org/pub/CNSA/data3/CNP0001565/zeamap/05_Epigenetics/DNA_Methylation/01_Regions/AMP_mCHH_bed/GEMS60.bedgraph.gz.tbi	maize_ZEAMAP/epigenome/dna_methylation/01_regions/AMP_mCHH_bed/GEMS60.bedgraph.gz.tbi	47.90KB
https://ftp.cngb.org/pub/CNSA/data3/CNP0001565/zeamap/05_Epigenetics/DNA_Methylation/01_Regions/AMP_mCHH_bed/GEMS62.bedgraph.gz	maize_ZEAMAP/epigenome/dna_methylation/01_regions/AMP_mCHH_bed/GEMS62.bedgraph.gz	53.54KB
https://ftp.cngb.org/pub/CNSA/data3/CNP0001565/zeamap/05_Epigenetics/DNA_Methylation/01_Regions/AMP_mCHH_bed/GEMS62.bedgraph.gz.tbi	maize_ZEAMAP/epigenome/dna_methylation/01_regions/AMP_mCHH_bed/GEMS62.bedgraph.gz.tbi	47.97KB
https://ftp.cngb.org/pub/CNSA/data3/CNP0001565/zeamap/05_Epigenetics/DNA_Methylation/01_Regions/AMP_mCHH_bed/GEMS63.bedgraph.gz	maize_ZEAMAP/epigenome/dna_methylation/01_regions/AMP_mCHH_bed/GEMS63.bedgraph.gz	53.08KB
https://ftp.cngb.org/pub/CNSA/data3/CNP0001565/zeamap/05_Epigenetics/DNA_Methylation/01_Regions/AMP_mCHH_bed/GEMS63.bedgraph.gz.tbi	maize_ZEAMAP/epigenome/dna_methylation/01_regions/AMP_mCHH_bed/GEMS63.bedgraph.gz.tbi	47.93KB
https://ftp.cngb.org/pub/CNSA/data3/CNP0001565/zeamap/05_Epigenetics/DNA_Methylation/01_Regions/AMP_mCHH_bed/GEMS64.bedgraph.gz	maize_ZEAMAP/epigenome/dna_methylation/01_regions/AMP_mCHH_bed/GEMS64.bedgraph.gz	53.50KB
https://ftp.cngb.org/pub/CNSA/data3/CNP0001565/zeamap/05_Epigenetics/DNA_Methylation/01_Regions/AMP_mCHH_bed/GEMS64.bedgraph.gz.tbi	maize_ZEAMAP/epigenome/dna_methylation/01_regions/AMP_mCHH_bed/GEMS64.bedgraph.gz.tbi	47.93KB
https://ftp.cngb.org/pub/CNSA/data3/CNP0001565/zeamap/05_Epigenetics/DNA_Methylation/01_Regions/AMP_mCHH_bed/GEMS65.bedgraph.gz	maize_ZEAMAP/epigenome/dna_methylation/01_regions/AMP_mCHH_bed/GEMS65.bedgraph.gz	53.10KB
https://ftp.cngb.org/pub/CNSA/data3/CNP0001565/zeamap/05_Epigenetics/DNA_Methylation/01_Regions/AMP_mCHH_bed/GEMS65.bedgraph.gz.tbi	maize_ZEAMAP/epigenome/dna_methylation/01_regions/AMP_mCHH_bed/GEMS65.bedgraph.gz.tbi	47.92KB
https://ftp.cngb.org/pub/CNSA/data3/CNP0001565/zeamap/05_Epigenetics/DNA_Methylation/01_Regions/AMP_mCHH_bed/GEMS9.bedgraph.gz	maize_ZEAMAP/epigenome/dna_methylation/01_regions/AMP_mCHH_bed/GEMS9.bedgraph.gz	49.48KB
https://ftp.cngb.org/pub/CNSA/data3/CNP0001565/zeamap/05_Epigenetics/DNA_Methylation/01_Regions/AMP_mCHH_bed/GEMS9.bedgraph.gz.tbi	maize_ZEAMAP/epigenome/dna_methylation/01_regions/AMP_mCHH_bed/GEMS9.bedgraph.gz.tbi	47.84KB
https://ftp.cngb.org/pub/CNSA/data3/CNP0001565/zeamap/05_Epigenetics/DNA_Methylation/01_Regions/AMP_mCHH_bed/GY220.bedgraph.gz	maize_ZEAMAP/epigenome/dna_methylation/01_regions/AMP_mCHH_bed/GY220.bedgraph.gz	52.08KB
https://ftp.cngb.org/pub/CNSA/data3/CNP0001565/zeamap/05_Epigenetics/DNA_Methylation/01_Regions/AMP_mCHH_bed/GY220.bedgraph.gz.tbi	maize_ZEAMAP/epigenome/dna_methylation/01_regions/AMP_mCHH_bed/GY220.bedgraph.gz.tbi	47.88KB
https://ftp.cngb.org/pub/CNSA/data3/CNP0001565/zeamap/05_Epigenetics/DNA_Methylation/01_Regions/AMP_mCHH_bed/GY237.bedgraph.gz	maize_ZEAMAP/epigenome/dna_methylation/01_regions/AMP_mCHH_bed/GY237.bedgraph.gz	50.42KB
https://ftp.cngb.org/pub/CNSA/data3/CNP0001565/zeamap/05_Epigenetics/DNA_Methylation/01_Regions/AMP_mCHH_bed/GY237.bedgraph.gz.tbi	maize_ZEAMAP/epigenome/dna_methylation/01_regions/AMP_mCHH_bed/GY237.bedgraph.gz.tbi	47.85KB
https://ftp.cngb.org/pub/CNSA/data3/CNP0001565/zeamap/05_Epigenetics/DNA_Methylation/01_Regions/AMP_mCHH_bed/GY386.bedgraph.gz	maize_ZEAMAP/epigenome/dna_methylation/01_regions/AMP_mCHH_bed/GY386.bedgraph.gz	52.88KB
https://ftp.cngb.org/pub/CNSA/data3/CNP0001565/zeamap/05_Epigenetics/DNA_Methylation/01_Regions/AMP_mCHH_bed/GY386.bedgraph.gz.tbi	maize_ZEAMAP/epigenome/dna_methylation/01_regions/AMP_mCHH_bed/GY386.bedgraph.gz.tbi	47.91KB
https://ftp.cngb.org/pub/CNSA/data3/CNP0001565/zeamap/05_Epigenetics/DNA_Methylation/01_Regions/AMP_mCHH_bed/GY462.bedgraph.gz	maize_ZEAMAP/epigenome/dna_methylation/01_regions/AMP_mCHH_bed/GY462.bedgraph.gz	47.39KB
https://ftp.cngb.org/pub/CNSA/data3/CNP0001565/zeamap/05_Epigenetics/DNA_Methylation/01_Regions/AMP_mCHH_bed/GY462.bedgraph.gz.tbi	maize_ZEAMAP/epigenome/dna_methylation/01_regions/AMP_mCHH_bed/GY462.bedgraph.gz.tbi	47.77KB
https://ftp.cngb.org/pub/CNSA/data3/CNP0001565/zeamap/05_Epigenetics/DNA_Methylation/01_Regions/AMP_mCHH_bed/GY798.bedgraph.gz	maize_ZEAMAP/epigenome/dna_methylation/01_regions/AMP_mCHH_bed/GY798.bedgraph.gz	52.59KB
https://ftp.cngb.org/pub/CNSA/data3/CNP0001565/zeamap/05_Epigenetics/DNA_Methylation/01_Regions/AMP_mCHH_bed/GY798.bedgraph.gz.tbi	maize_ZEAMAP/epigenome/dna_methylation/01_regions/AMP_mCHH_bed/GY798.bedgraph.gz.tbi	47.89KB
https://ftp.cngb.org/pub/CNSA/data3/CNP0001565/zeamap/05_Epigenetics/DNA_Methylation/01_Regions/AMP_mCHH_bed/GY923.bedgraph.gz	maize_ZEAMAP/epigenome/dna_methylation/01_regions/AMP_mCHH_bed/GY923.bedgraph.gz	52.87KB
https://ftp.cngb.org/pub/CNSA/data3/CNP0001565/zeamap/05_Epigenetics/DNA_Methylation/01_Regions/AMP_mCHH_bed/GY923.bedgraph.gz.tbi	maize_ZEAMAP/epigenome/dna_methylation/01_regions/AMP_mCHH_bed/GY923.bedgraph.gz.tbi	47.91KB
https://ftp.cngb.org/pub/CNSA/data3/CNP0001565/zeamap/05_Epigenetics/DNA_Methylation/01_Regions/AMP_mCHH_bed/HU803.bedgraph.gz	maize_ZEAMAP/epigenome/dna_methylation/01_regions/AMP_mCHH_bed/HU803.bedgraph.gz	54.66KB
https://ftp.cngb.org/pub/CNSA/data3/CNP0001565/zeamap/05_Epigenetics/DNA_Methylation/01_Regions/AMP_mCHH_bed/HU803.bedgraph.gz.tbi	maize_ZEAMAP/epigenome/dna_methylation/01_regions/AMP_mCHH_bed/HU803.bedgraph.gz.tbi	47.96KB
https://ftp.cngb.org/pub/CNSA/data3/CNP0001565/zeamap/05_Epigenetics/DNA_Methylation/01_Regions/AMP_mCHH_bed/HYS.bedgraph.gz	maize_ZEAMAP/epigenome/dna_methylation/01_regions/AMP_mCHH_bed/HYS.bedgraph.gz	52.72KB
https://ftp.cngb.org/pub/CNSA/data3/CNP0001565/zeamap/05_Epigenetics/DNA_Methylation/01_Regions/AMP_mCHH_bed/HYS.bedgraph.gz.tbi	maize_ZEAMAP/epigenome/dna_methylation/01_regions/AMP_mCHH_bed/HYS.bedgraph.gz.tbi	47.93KB
https://ftp.cngb.org/pub/CNSA/data3/CNP0001565/zeamap/05_Epigenetics/DNA_Methylation/01_Regions/AMP_mCHH_bed/HZS.bedgraph.gz	maize_ZEAMAP/epigenome/dna_methylation/01_regions/AMP_mCHH_bed/HZS.bedgraph.gz	51.96KB
https://ftp.cngb.org/pub/CNSA/data3/CNP0001565/zeamap/05_Epigenetics/DNA_Methylation/01_Regions/AMP_mCHH_bed/HZS.bedgraph.gz.tbi	maize_ZEAMAP/epigenome/dna_methylation/01_regions/AMP_mCHH_bed/HZS.bedgraph.gz.tbi	47.90KB
https://ftp.cngb.org/pub/CNSA/data3/CNP0001565/zeamap/05_Epigenetics/DNA_Methylation/01_Regions/AMP_mCHH_bed/IRF314.bedgraph.gz	maize_ZEAMAP/epigenome/dna_methylation/01_regions/AMP_mCHH_bed/IRF314.bedgraph.gz	52.67KB
https://ftp.cngb.org/pub/CNSA/data3/CNP0001565/zeamap/05_Epigenetics/DNA_Methylation/01_Regions/AMP_mCHH_bed/IRF314.bedgraph.gz.tbi	maize_ZEAMAP/epigenome/dna_methylation/01_regions/AMP_mCHH_bed/IRF314.bedgraph.gz.tbi	47.94KB
https://ftp.cngb.org/pub/CNSA/data3/CNP0001565/zeamap/05_Epigenetics/DNA_Methylation/01_Regions/AMP_mCHH_bed/J4112.bedgraph.gz	maize_ZEAMAP/epigenome/dna_methylation/01_regions/AMP_mCHH_bed/J4112.bedgraph.gz	51.77KB
https://ftp.cngb.org/pub/CNSA/data3/CNP0001565/zeamap/05_Epigenetics/DNA_Methylation/01_Regions/AMP_mCHH_bed/J4112.bedgraph.gz.tbi	maize_ZEAMAP/epigenome/dna_methylation/01_regions/AMP_mCHH_bed/J4112.bedgraph.gz.tbi	47.87KB
https://ftp.cngb.org/pub/CNSA/data3/CNP0001565/zeamap/05_Epigenetics/DNA_Methylation/01_Regions/AMP_mCHH_bed/JH59.bedgraph.gz	maize_ZEAMAP/epigenome/dna_methylation/01_regions/AMP_mCHH_bed/JH59.bedgraph.gz	50.97KB
https://ftp.cngb.org/pub/CNSA/data3/CNP0001565/zeamap/05_Epigenetics/DNA_Methylation/01_Regions/AMP_mCHH_bed/JH59.bedgraph.gz.tbi	maize_ZEAMAP/epigenome/dna_methylation/01_regions/AMP_mCHH_bed/JH59.bedgraph.gz.tbi	47.86KB
https://ftp.cngb.org/pub/CNSA/data3/CNP0001565/zeamap/05_Epigenetics/DNA_Methylation/01_Regions/AMP_mCHH_bed/JI63.bedgraph.gz	maize_ZEAMAP/epigenome/dna_methylation/01_regions/AMP_mCHH_bed/JI63.bedgraph.gz	51.72KB
https://ftp.cngb.org/pub/CNSA/data3/CNP0001565/zeamap/05_Epigenetics/DNA_Methylation/01_Regions/AMP_mCHH_bed/JI63.bedgraph.gz.tbi	maize_ZEAMAP/epigenome/dna_methylation/01_regions/AMP_mCHH_bed/JI63.bedgraph.gz.tbi	47.88KB
https://ftp.cngb.org/pub/CNSA/data3/CNP0001565/zeamap/05_Epigenetics/DNA_Methylation/01_Regions/AMP_mCHH_bed/JI846.bedgraph.gz	maize_ZEAMAP/epigenome/dna_methylation/01_regions/AMP_mCHH_bed/JI846.bedgraph.gz	51.33KB
https://ftp.cngb.org/pub/CNSA/data3/CNP0001565/zeamap/05_Epigenetics/DNA_Methylation/01_Regions/AMP_mCHH_bed/JI846.bedgraph.gz.tbi	maize_ZEAMAP/epigenome/dna_methylation/01_regions/AMP_mCHH_bed/JI846.bedgraph.gz.tbi	47.85KB
https://ftp.cngb.org/pub/CNSA/data3/CNP0001565/zeamap/05_Epigenetics/DNA_Methylation/01_Regions/AMP_mCHH_bed/JY01.bedgraph.gz	maize_ZEAMAP/epigenome/dna_methylation/01_regions/AMP_mCHH_bed/JY01.bedgraph.gz	52.12KB
https://ftp.cngb.org/pub/CNSA/data3/CNP0001565/zeamap/05_Epigenetics/DNA_Methylation/01_Regions/AMP_mCHH_bed/JY01.bedgraph.gz.tbi	maize_ZEAMAP/epigenome/dna_methylation/01_regions/AMP_mCHH_bed/JY01.bedgraph.gz.tbi	47.91KB
https://ftp.cngb.org/pub/CNSA/data3/CNP0001565/zeamap/05_Epigenetics/DNA_Methylation/01_Regions/AMP_mCHH_bed/K22.bedgraph.gz	maize_ZEAMAP/epigenome/dna_methylation/01_regions/AMP_mCHH_bed/K22.bedgraph.gz	52.83KB
https://ftp.cngb.org/pub/CNSA/data3/CNP0001565/zeamap/05_Epigenetics/DNA_Methylation/01_Regions/AMP_mCHH_bed/K22.bedgraph.gz.tbi	maize_ZEAMAP/epigenome/dna_methylation/01_regions/AMP_mCHH_bed/K22.bedgraph.gz.tbi	47.94KB
https://ftp.cngb.org/pub/CNSA/data3/CNP0001565/zeamap/05_Epigenetics/DNA_Methylation/01_Regions/AMP_mCHH_bed/L3180.bedgraph.gz	maize_ZEAMAP/epigenome/dna_methylation/01_regions/AMP_mCHH_bed/L3180.bedgraph.gz	52.62KB
https://ftp.cngb.org/pub/CNSA/data3/CNP0001565/zeamap/05_Epigenetics/DNA_Methylation/01_Regions/AMP_mCHH_bed/L3180.bedgraph.gz.tbi	maize_ZEAMAP/epigenome/dna_methylation/01_regions/AMP_mCHH_bed/L3180.bedgraph.gz.tbi	47.89KB
https://ftp.cngb.org/pub/CNSA/data3/CNP0001565/zeamap/05_Epigenetics/DNA_Methylation/01_Regions/AMP_mCHH_bed/LG001.bedgraph.gz	maize_ZEAMAP/epigenome/dna_methylation/01_regions/AMP_mCHH_bed/LG001.bedgraph.gz	52.80KB
https://ftp.cngb.org/pub/CNSA/data3/CNP0001565/zeamap/05_Epigenetics/DNA_Methylation/01_Regions/AMP_mCHH_bed/LG001.bedgraph.gz.tbi	maize_ZEAMAP/epigenome/dna_methylation/01_regions/AMP_mCHH_bed/LG001.bedgraph.gz.tbi	47.91KB
https://ftp.cngb.org/pub/CNSA/data3/CNP0001565/zeamap/05_Epigenetics/DNA_Methylation/01_Regions/AMP_mCHH_bed/LIAO159.bedgraph.gz	maize_ZEAMAP/epigenome/dna_methylation/01_regions/AMP_mCHH_bed/LIAO159.bedgraph.gz	49.33KB
https://ftp.cngb.org/pub/CNSA/data3/CNP0001565/zeamap/05_Epigenetics/DNA_Methylation/01_Regions/AMP_mCHH_bed/LIAO159.bedgraph.gz.tbi	maize_ZEAMAP/epigenome/dna_methylation/01_regions/AMP_mCHH_bed/LIAO159.bedgraph.gz.tbi	47.85KB
https://ftp.cngb.org/pub/CNSA/data3/CNP0001565/zeamap/05_Epigenetics/DNA_Methylation/01_Regions/AMP_mCHH_bed/LIAO5263.bedgraph.gz	maize_ZEAMAP/epigenome/dna_methylation/01_regions/AMP_mCHH_bed/LIAO5263.bedgraph.gz	54.20KB
https://ftp.cngb.org/pub/CNSA/data3/CNP0001565/zeamap/05_Epigenetics/DNA_Methylation/01_Regions/AMP_mCHH_bed/LIAO5263.bedgraph.gz.tbi	maize_ZEAMAP/epigenome/dna_methylation/01_regions/AMP_mCHH_bed/LIAO5263.bedgraph.gz.tbi	47.90KB
https://ftp.cngb.org/pub/CNSA/data3/CNP0001565/zeamap/05_Epigenetics/DNA_Methylation/01_Regions/AMP_mCHH_bed/LV28.bedgraph.gz	maize_ZEAMAP/epigenome/dna_methylation/01_regions/AMP_mCHH_bed/LV28.bedgraph.gz	49.71KB
https://ftp.cngb.org/pub/CNSA/data3/CNP0001565/zeamap/05_Epigenetics/DNA_Methylation/01_Regions/AMP_mCHH_bed/LV28.bedgraph.gz.tbi	maize_ZEAMAP/epigenome/dna_methylation/01_regions/AMP_mCHH_bed/LV28.bedgraph.gz.tbi	47.82KB
https://ftp.cngb.org/pub/CNSA/data3/CNP0001565/zeamap/05_Epigenetics/DNA_Methylation/01_Regions/AMP_mCHH_bed/LX9801.bedgraph.gz	maize_ZEAMAP/epigenome/dna_methylation/01_regions/AMP_mCHH_bed/LX9801.bedgraph.gz	50.28KB
https://ftp.cngb.org/pub/CNSA/data3/CNP0001565/zeamap/05_Epigenetics/DNA_Methylation/01_Regions/AMP_mCHH_bed/LX9801.bedgraph.gz.tbi	maize_ZEAMAP/epigenome/dna_methylation/01_regions/AMP_mCHH_bed/LX9801.bedgraph.gz.tbi	47.87KB
https://ftp.cngb.org/pub/CNSA/data3/CNP0001565/zeamap/05_Epigenetics/DNA_Methylation/01_Regions/AMP_mCHH_bed/LXN.bedgraph.gz	maize_ZEAMAP/epigenome/dna_methylation/01_regions/AMP_mCHH_bed/LXN.bedgraph.gz	52.73KB
https://ftp.cngb.org/pub/CNSA/data3/CNP0001565/zeamap/05_Epigenetics/DNA_Methylation/01_Regions/AMP_mCHH_bed/LXN.bedgraph.gz.tbi	maize_ZEAMAP/epigenome/dna_methylation/01_regions/AMP_mCHH_bed/LXN.bedgraph.gz.tbi	47.90KB
https://ftp.cngb.org/pub/CNSA/data3/CNP0001565/zeamap/05_Epigenetics/DNA_Methylation/01_Regions/AMP_mCHH_bed/LY.bedgraph.gz	maize_ZEAMAP/epigenome/dna_methylation/01_regions/AMP_mCHH_bed/LY.bedgraph.gz	51.82KB
https://ftp.cngb.org/pub/CNSA/data3/CNP0001565/zeamap/05_Epigenetics/DNA_Methylation/01_Regions/AMP_mCHH_bed/LY.bedgraph.gz.tbi	maize_ZEAMAP/epigenome/dna_methylation/01_regions/AMP_mCHH_bed/LY.bedgraph.gz.tbi	47.86KB
https://ftp.cngb.org/pub/CNSA/data3/CNP0001565/zeamap/05_Epigenetics/DNA_Methylation/01_Regions/AMP_mCHH_bed/M97.bedgraph.gz	maize_ZEAMAP/epigenome/dna_methylation/01_regions/AMP_mCHH_bed/M97.bedgraph.gz	53.50KB
https://ftp.cngb.org/pub/CNSA/data3/CNP0001565/zeamap/05_Epigenetics/DNA_Methylation/01_Regions/AMP_mCHH_bed/M97.bedgraph.gz.tbi	maize_ZEAMAP/epigenome/dna_methylation/01_regions/AMP_mCHH_bed/M97.bedgraph.gz.tbi	47.92KB
https://ftp.cngb.org/pub/CNSA/data3/CNP0001565/zeamap/05_Epigenetics/DNA_Methylation/01_Regions/AMP_mCHH_bed/MO17.bedgraph.gz	maize_ZEAMAP/epigenome/dna_methylation/01_regions/AMP_mCHH_bed/MO17.bedgraph.gz	50.88KB
https://ftp.cngb.org/pub/CNSA/data3/CNP0001565/zeamap/05_Epigenetics/DNA_Methylation/01_Regions/AMP_mCHH_bed/MO17.bedgraph.gz.tbi	maize_ZEAMAP/epigenome/dna_methylation/01_regions/AMP_mCHH_bed/MO17.bedgraph.gz.tbi	47.88KB
https://ftp.cngb.org/pub/CNSA/data3/CNP0001565/zeamap/05_Epigenetics/DNA_Methylation/01_Regions/AMP_mCHH_bed/P138.bedgraph.gz	maize_ZEAMAP/epigenome/dna_methylation/01_regions/AMP_mCHH_bed/P138.bedgraph.gz	52.26KB
https://ftp.cngb.org/pub/CNSA/data3/CNP0001565/zeamap/05_Epigenetics/DNA_Methylation/01_Regions/AMP_mCHH_bed/P138.bedgraph.gz.tbi	maize_ZEAMAP/epigenome/dna_methylation/01_regions/AMP_mCHH_bed/P138.bedgraph.gz.tbi	47.89KB
https://ftp.cngb.org/pub/CNSA/data3/CNP0001565/zeamap/05_Epigenetics/DNA_Methylation/01_Regions/AMP_mCHH_bed/P178.bedgraph.gz	maize_ZEAMAP/epigenome/dna_methylation/01_regions/AMP_mCHH_bed/P178.bedgraph.gz	53.25KB
https://ftp.cngb.org/pub/CNSA/data3/CNP0001565/zeamap/05_Epigenetics/DNA_Methylation/01_Regions/AMP_mCHH_bed/P178.bedgraph.gz.tbi	maize_ZEAMAP/epigenome/dna_methylation/01_regions/AMP_mCHH_bed/P178.bedgraph.gz.tbi	47.92KB
https://ftp.cngb.org/pub/CNSA/data3/CNP0001565/zeamap/05_Epigenetics/DNA_Methylation/01_Regions/AMP_mCHH_bed/Q1261.bedgraph.gz	maize_ZEAMAP/epigenome/dna_methylation/01_regions/AMP_mCHH_bed/Q1261.bedgraph.gz	52.55KB
https://ftp.cngb.org/pub/CNSA/data3/CNP0001565/zeamap/05_Epigenetics/DNA_Methylation/01_Regions/AMP_mCHH_bed/Q1261.bedgraph.gz.tbi	maize_ZEAMAP/epigenome/dna_methylation/01_regions/AMP_mCHH_bed/Q1261.bedgraph.gz.tbi	47.91KB
https://ftp.cngb.org/pub/CNSA/data3/CNP0001565/zeamap/05_Epigenetics/DNA_Methylation/01_Regions/AMP_mCHH_bed/QI205.bedgraph.gz	maize_ZEAMAP/epigenome/dna_methylation/01_regions/AMP_mCHH_bed/QI205.bedgraph.gz	50.03KB
https://ftp.cngb.org/pub/CNSA/data3/CNP0001565/zeamap/05_Epigenetics/DNA_Methylation/01_Regions/AMP_mCHH_bed/QI205.bedgraph.gz.tbi	maize_ZEAMAP/epigenome/dna_methylation/01_regions/AMP_mCHH_bed/QI205.bedgraph.gz.tbi	47.88KB
https://ftp.cngb.org/pub/CNSA/data3/CNP0001565/zeamap/05_Epigenetics/DNA_Methylation/01_Regions/AMP_mCHH_bed/QI319.bedgraph.gz	maize_ZEAMAP/epigenome/dna_methylation/01_regions/AMP_mCHH_bed/QI319.bedgraph.gz	52.46KB
https://ftp.cngb.org/pub/CNSA/data3/CNP0001565/zeamap/05_Epigenetics/DNA_Methylation/01_Regions/AMP_mCHH_bed/QI319.bedgraph.gz.tbi	maize_ZEAMAP/epigenome/dna_methylation/01_regions/AMP_mCHH_bed/QI319.bedgraph.gz.tbi	47.91KB
https://ftp.cngb.org/pub/CNSA/data3/CNP0001565/zeamap/05_Epigenetics/DNA_Methylation/01_Regions/AMP_mCHH_bed/RY697.bedgraph.gz	maize_ZEAMAP/epigenome/dna_methylation/01_regions/AMP_mCHH_bed/RY697.bedgraph.gz	53.72KB
https://ftp.cngb.org/pub/CNSA/data3/CNP0001565/zeamap/05_Epigenetics/DNA_Methylation/01_Regions/AMP_mCHH_bed/RY697.bedgraph.gz.tbi	maize_ZEAMAP/epigenome/dna_methylation/01_regions/AMP_mCHH_bed/RY697.bedgraph.gz.tbi	47.95KB
https://ftp.cngb.org/pub/CNSA/data3/CNP0001565/zeamap/05_Epigenetics/DNA_Methylation/01_Regions/AMP_mCHH_bed/RY713.bedgraph.gz	maize_ZEAMAP/epigenome/dna_methylation/01_regions/AMP_mCHH_bed/RY713.bedgraph.gz	51.07KB
https://ftp.cngb.org/pub/CNSA/data3/CNP0001565/zeamap/05_Epigenetics/DNA_Methylation/01_Regions/AMP_mCHH_bed/RY713.bedgraph.gz.tbi	maize_ZEAMAP/epigenome/dna_methylation/01_regions/AMP_mCHH_bed/RY713.bedgraph.gz.tbi	47.88KB
https://ftp.cngb.org/pub/CNSA/data3/CNP0001565/zeamap/05_Epigenetics/DNA_Methylation/01_Regions/AMP_mCHH_bed/RY732.bedgraph.gz	maize_ZEAMAP/epigenome/dna_methylation/01_regions/AMP_mCHH_bed/RY732.bedgraph.gz	52.46KB
https://ftp.cngb.org/pub/CNSA/data3/CNP0001565/zeamap/05_Epigenetics/DNA_Methylation/01_Regions/AMP_mCHH_bed/RY732.bedgraph.gz.tbi	maize_ZEAMAP/epigenome/dna_methylation/01_regions/AMP_mCHH_bed/RY732.bedgraph.gz.tbi	47.89KB
https://ftp.cngb.org/pub/CNSA/data3/CNP0001565/zeamap/05_Epigenetics/DNA_Methylation/01_Regions/AMP_mCHH_bed/S37.bedgraph.gz	maize_ZEAMAP/epigenome/dna_methylation/01_regions/AMP_mCHH_bed/S37.bedgraph.gz	52.80KB
https://ftp.cngb.org/pub/CNSA/data3/CNP0001565/zeamap/05_Epigenetics/DNA_Methylation/01_Regions/AMP_mCHH_bed/S37.bedgraph.gz.tbi	maize_ZEAMAP/epigenome/dna_methylation/01_regions/AMP_mCHH_bed/S37.bedgraph.gz.tbi	47.90KB
https://ftp.cngb.org/pub/CNSA/data3/CNP0001565/zeamap/05_Epigenetics/DNA_Methylation/01_Regions/AMP_mCHH_bed/SHEN137.bedgraph.gz	maize_ZEAMAP/epigenome/dna_methylation/01_regions/AMP_mCHH_bed/SHEN137.bedgraph.gz	51.75KB
https://ftp.cngb.org/pub/CNSA/data3/CNP0001565/zeamap/05_Epigenetics/DNA_Methylation/01_Regions/AMP_mCHH_bed/SHEN137.bedgraph.gz.tbi	maize_ZEAMAP/epigenome/dna_methylation/01_regions/AMP_mCHH_bed/SHEN137.bedgraph.gz.tbi	47.89KB
https://ftp.cngb.org/pub/CNSA/data3/CNP0001565/zeamap/05_Epigenetics/DNA_Methylation/01_Regions/AMP_mCHH_bed/SI273.bedgraph.gz	maize_ZEAMAP/epigenome/dna_methylation/01_regions/AMP_mCHH_bed/SI273.bedgraph.gz	51.58KB
https://ftp.cngb.org/pub/CNSA/data3/CNP0001565/zeamap/05_Epigenetics/DNA_Methylation/01_Regions/AMP_mCHH_bed/SI273.bedgraph.gz.tbi	maize_ZEAMAP/epigenome/dna_methylation/01_regions/AMP_mCHH_bed/SI273.bedgraph.gz.tbi	47.91KB
https://ftp.cngb.org/pub/CNSA/data3/CNP0001565/zeamap/05_Epigenetics/DNA_Methylation/01_Regions/AMP_mCHH_bed/SW92E114.bedgraph.gz	maize_ZEAMAP/epigenome/dna_methylation/01_regions/AMP_mCHH_bed/SW92E114.bedgraph.gz	52.69KB
https://ftp.cngb.org/pub/CNSA/data3/CNP0001565/zeamap/05_Epigenetics/DNA_Methylation/01_Regions/AMP_mCHH_bed/SW92E114.bedgraph.gz.tbi	maize_ZEAMAP/epigenome/dna_methylation/01_regions/AMP_mCHH_bed/SW92E114.bedgraph.gz.tbi	47.93KB
https://ftp.cngb.org/pub/CNSA/data3/CNP0001565/zeamap/05_Epigenetics/DNA_Methylation/01_Regions/AMP_mCHH_bed/SY1032.bedgraph.gz	maize_ZEAMAP/epigenome/dna_methylation/01_regions/AMP_mCHH_bed/SY1032.bedgraph.gz	51.05KB
https://ftp.cngb.org/pub/CNSA/data3/CNP0001565/zeamap/05_Epigenetics/DNA_Methylation/01_Regions/AMP_mCHH_bed/SY1032.bedgraph.gz.tbi	maize_ZEAMAP/epigenome/dna_methylation/01_regions/AMP_mCHH_bed/SY1032.bedgraph.gz.tbi	47.87KB
https://ftp.cngb.org/pub/CNSA/data3/CNP0001565/zeamap/05_Epigenetics/DNA_Methylation/01_Regions/AMP_mCHH_bed/SY1035.bedgraph.gz	maize_ZEAMAP/epigenome/dna_methylation/01_regions/AMP_mCHH_bed/SY1035.bedgraph.gz	50.88KB
https://ftp.cngb.org/pub/CNSA/data3/CNP0001565/zeamap/05_Epigenetics/DNA_Methylation/01_Regions/AMP_mCHH_bed/SY1035.bedgraph.gz.tbi	maize_ZEAMAP/epigenome/dna_methylation/01_regions/AMP_mCHH_bed/SY1035.bedgraph.gz.tbi	47.84KB
https://ftp.cngb.org/pub/CNSA/data3/CNP0001565/zeamap/05_Epigenetics/DNA_Methylation/01_Regions/AMP_mCHH_bed/SY1052.bedgraph.gz	maize_ZEAMAP/epigenome/dna_methylation/01_regions/AMP_mCHH_bed/SY1052.bedgraph.gz	52.07KB
https://ftp.cngb.org/pub/CNSA/data3/CNP0001565/zeamap/05_Epigenetics/DNA_Methylation/01_Regions/AMP_mCHH_bed/SY1052.bedgraph.gz.tbi	maize_ZEAMAP/epigenome/dna_methylation/01_regions/AMP_mCHH_bed/SY1052.bedgraph.gz.tbi	47.87KB
https://ftp.cngb.org/pub/CNSA/data3/CNP0001565/zeamap/05_Epigenetics/DNA_Methylation/01_Regions/AMP_mCHH_bed/SY3073.bedgraph.gz	maize_ZEAMAP/epigenome/dna_methylation/01_regions/AMP_mCHH_bed/SY3073.bedgraph.gz	53.47KB
https://ftp.cngb.org/pub/CNSA/data3/CNP0001565/zeamap/05_Epigenetics/DNA_Methylation/01_Regions/AMP_mCHH_bed/SY3073.bedgraph.gz.tbi	maize_ZEAMAP/epigenome/dna_methylation/01_regions/AMP_mCHH_bed/SY3073.bedgraph.gz.tbi	47.95KB
https://ftp.cngb.org/pub/CNSA/data3/CNP0001565/zeamap/05_Epigenetics/DNA_Methylation/01_Regions/AMP_mCHH_bed/TIAN77.bedgraph.gz	maize_ZEAMAP/epigenome/dna_methylation/01_regions/AMP_mCHH_bed/TIAN77.bedgraph.gz	50.52KB
https://ftp.cngb.org/pub/CNSA/data3/CNP0001565/zeamap/05_Epigenetics/DNA_Methylation/01_Regions/AMP_mCHH_bed/TIAN77.bedgraph.gz.tbi	maize_ZEAMAP/epigenome/dna_methylation/01_regions/AMP_mCHH_bed/TIAN77.bedgraph.gz.tbi	47.88KB
https://ftp.cngb.org/pub/CNSA/data3/CNP0001565/zeamap/05_Epigenetics/DNA_Methylation/01_Regions/AMP_mCHH_bed/TIE7922.bedgraph.gz	maize_ZEAMAP/epigenome/dna_methylation/01_regions/AMP_mCHH_bed/TIE7922.bedgraph.gz	52.96KB
https://ftp.cngb.org/pub/CNSA/data3/CNP0001565/zeamap/05_Epigenetics/DNA_Methylation/01_Regions/AMP_mCHH_bed/TIE7922.bedgraph.gz.tbi	maize_ZEAMAP/epigenome/dna_methylation/01_regions/AMP_mCHH_bed/TIE7922.bedgraph.gz.tbi	47.93KB
https://ftp.cngb.org/pub/CNSA/data3/CNP0001565/zeamap/05_Epigenetics/DNA_Methylation/01_Regions/AMP_mCHH_bed/TT16.bedgraph.gz	maize_ZEAMAP/epigenome/dna_methylation/01_regions/AMP_mCHH_bed/TT16.bedgraph.gz	53.62KB
https://ftp.cngb.org/pub/CNSA/data3/CNP0001565/zeamap/05_Epigenetics/DNA_Methylation/01_Regions/AMP_mCHH_bed/TT16.bedgraph.gz.tbi	maize_ZEAMAP/epigenome/dna_methylation/01_regions/AMP_mCHH_bed/TT16.bedgraph.gz.tbi	47.95KB
https://ftp.cngb.org/pub/CNSA/data3/CNP0001565/zeamap/05_Epigenetics/DNA_Methylation/01_Regions/AMP_mCHH_bed/TX5.bedgraph.gz	maize_ZEAMAP/epigenome/dna_methylation/01_regions/AMP_mCHH_bed/TX5.bedgraph.gz	43.50KB
https://ftp.cngb.org/pub/CNSA/data3/CNP0001565/zeamap/05_Epigenetics/DNA_Methylation/01_Regions/AMP_mCHH_bed/TX5.bedgraph.gz.tbi	maize_ZEAMAP/epigenome/dna_methylation/01_regions/AMP_mCHH_bed/TX5.bedgraph.gz.tbi	47.70KB
https://ftp.cngb.org/pub/CNSA/data3/CNP0001565/zeamap/05_Epigenetics/DNA_Methylation/01_Regions/AMP_mCHH_bed/TY1.bedgraph.gz	maize_ZEAMAP/epigenome/dna_methylation/01_regions/AMP_mCHH_bed/TY1.bedgraph.gz	52.70KB
https://ftp.cngb.org/pub/CNSA/data3/CNP0001565/zeamap/05_Epigenetics/DNA_Methylation/01_Regions/AMP_mCHH_bed/TY1.bedgraph.gz.tbi	maize_ZEAMAP/epigenome/dna_methylation/01_regions/AMP_mCHH_bed/TY1.bedgraph.gz.tbi	47.92KB
https://ftp.cngb.org/pub/CNSA/data3/CNP0001565/zeamap/05_Epigenetics/DNA_Methylation/01_Regions/AMP_mCHH_bed/TY10.bedgraph.gz	maize_ZEAMAP/epigenome/dna_methylation/01_regions/AMP_mCHH_bed/TY10.bedgraph.gz	50.91KB
https://ftp.cngb.org/pub/CNSA/data3/CNP0001565/zeamap/05_Epigenetics/DNA_Methylation/01_Regions/AMP_mCHH_bed/TY10.bedgraph.gz.tbi	maize_ZEAMAP/epigenome/dna_methylation/01_regions/AMP_mCHH_bed/TY10.bedgraph.gz.tbi	47.87KB
https://ftp.cngb.org/pub/CNSA/data3/CNP0001565/zeamap/05_Epigenetics/DNA_Methylation/01_Regions/AMP_mCHH_bed/TY11.bedgraph.gz	maize_ZEAMAP/epigenome/dna_methylation/01_regions/AMP_mCHH_bed/TY11.bedgraph.gz	52.84KB
https://ftp.cngb.org/pub/CNSA/data3/CNP0001565/zeamap/05_Epigenetics/DNA_Methylation/01_Regions/AMP_mCHH_bed/TY11.bedgraph.gz.tbi	maize_ZEAMAP/epigenome/dna_methylation/01_regions/AMP_mCHH_bed/TY11.bedgraph.gz.tbi	47.90KB
https://ftp.cngb.org/pub/CNSA/data3/CNP0001565/zeamap/05_Epigenetics/DNA_Methylation/01_Regions/AMP_mCHH_bed/TY2.bedgraph.gz	maize_ZEAMAP/epigenome/dna_methylation/01_regions/AMP_mCHH_bed/TY2.bedgraph.gz	50.43KB
https://ftp.cngb.org/pub/CNSA/data3/CNP0001565/zeamap/05_Epigenetics/DNA_Methylation/01_Regions/AMP_mCHH_bed/TY2.bedgraph.gz.tbi	maize_ZEAMAP/epigenome/dna_methylation/01_regions/AMP_mCHH_bed/TY2.bedgraph.gz.tbi	47.86KB
https://ftp.cngb.org/pub/CNSA/data3/CNP0001565/zeamap/05_Epigenetics/DNA_Methylation/01_Regions/AMP_mCHH_bed/TY3.bedgraph.gz	maize_ZEAMAP/epigenome/dna_methylation/01_regions/AMP_mCHH_bed/TY3.bedgraph.gz	48.65KB
https://ftp.cngb.org/pub/CNSA/data3/CNP0001565/zeamap/05_Epigenetics/DNA_Methylation/01_Regions/AMP_mCHH_bed/TY3.bedgraph.gz.tbi	maize_ZEAMAP/epigenome/dna_methylation/01_regions/AMP_mCHH_bed/TY3.bedgraph.gz.tbi	47.85KB
https://ftp.cngb.org/pub/CNSA/data3/CNP0001565/zeamap/05_Epigenetics/DNA_Methylation/01_Regions/AMP_mCHH_bed/TY6.bedgraph.gz	maize_ZEAMAP/epigenome/dna_methylation/01_regions/AMP_mCHH_bed/TY6.bedgraph.gz	51.64KB
https://ftp.cngb.org/pub/CNSA/data3/CNP0001565/zeamap/05_Epigenetics/DNA_Methylation/01_Regions/AMP_mCHH_bed/TY6.bedgraph.gz.tbi	maize_ZEAMAP/epigenome/dna_methylation/01_regions/AMP_mCHH_bed/TY6.bedgraph.gz.tbi	47.90KB
https://ftp.cngb.org/pub/CNSA/data3/CNP0001565/zeamap/05_Epigenetics/DNA_Methylation/01_Regions/AMP_mCHH_bed/TY7.bedgraph.gz	maize_ZEAMAP/epigenome/dna_methylation/01_regions/AMP_mCHH_bed/TY7.bedgraph.gz	50.18KB
https://ftp.cngb.org/pub/CNSA/data3/CNP0001565/zeamap/05_Epigenetics/DNA_Methylation/01_Regions/AMP_mCHH_bed/TY7.bedgraph.gz.tbi	maize_ZEAMAP/epigenome/dna_methylation/01_regions/AMP_mCHH_bed/TY7.bedgraph.gz.tbi	47.87KB
https://ftp.cngb.org/pub/CNSA/data3/CNP0001565/zeamap/05_Epigenetics/DNA_Methylation/01_Regions/AMP_mCHH_bed/TY8.bedgraph.gz	maize_ZEAMAP/epigenome/dna_methylation/01_regions/AMP_mCHH_bed/TY8.bedgraph.gz	50.84KB
https://ftp.cngb.org/pub/CNSA/data3/CNP0001565/zeamap/05_Epigenetics/DNA_Methylation/01_Regions/AMP_mCHH_bed/TY8.bedgraph.gz.tbi	maize_ZEAMAP/epigenome/dna_methylation/01_regions/AMP_mCHH_bed/TY8.bedgraph.gz.tbi	47.88KB
https://ftp.cngb.org/pub/CNSA/data3/CNP0001565/zeamap/05_Epigenetics/DNA_Methylation/01_Regions/AMP_mCHH_bed/W138.bedgraph.gz	maize_ZEAMAP/epigenome/dna_methylation/01_regions/AMP_mCHH_bed/W138.bedgraph.gz	50.20KB
https://ftp.cngb.org/pub/CNSA/data3/CNP0001565/zeamap/05_Epigenetics/DNA_Methylation/01_Regions/AMP_mCHH_bed/W138.bedgraph.gz.tbi	maize_ZEAMAP/epigenome/dna_methylation/01_regions/AMP_mCHH_bed/W138.bedgraph.gz.tbi	47.86KB
https://ftp.cngb.org/pub/CNSA/data3/CNP0001565/zeamap/05_Epigenetics/DNA_Methylation/01_Regions/AMP_mCHH_bed/WMR.bedgraph.gz	maize_ZEAMAP/epigenome/dna_methylation/01_regions/AMP_mCHH_bed/WMR.bedgraph.gz	52.52KB
https://ftp.cngb.org/pub/CNSA/data3/CNP0001565/zeamap/05_Epigenetics/DNA_Methylation/01_Regions/AMP_mCHH_bed/WMR.bedgraph.gz.tbi	maize_ZEAMAP/epigenome/dna_methylation/01_regions/AMP_mCHH_bed/WMR.bedgraph.gz.tbi	47.87KB
https://ftp.cngb.org/pub/CNSA/data3/CNP0001565/zeamap/05_Epigenetics/DNA_Methylation/01_Regions/AMP_mCHH_bed/WU109.bedgraph.gz	maize_ZEAMAP/epigenome/dna_methylation/01_regions/AMP_mCHH_bed/WU109.bedgraph.gz	52.22KB
https://ftp.cngb.org/pub/CNSA/data3/CNP0001565/zeamap/05_Epigenetics/DNA_Methylation/01_Regions/AMP_mCHH_bed/WU109.bedgraph.gz.tbi	maize_ZEAMAP/epigenome/dna_methylation/01_regions/AMP_mCHH_bed/WU109.bedgraph.gz.tbi	47.88KB
https://ftp.cngb.org/pub/CNSA/data3/CNP0001565/zeamap/05_Epigenetics/DNA_Methylation/01_Regions/AMP_mCHH_bed/YE488.bedgraph.gz	maize_ZEAMAP/epigenome/dna_methylation/01_regions/AMP_mCHH_bed/YE488.bedgraph.gz	48.92KB
https://ftp.cngb.org/pub/CNSA/data3/CNP0001565/zeamap/05_Epigenetics/DNA_Methylation/01_Regions/AMP_mCHH_bed/YE488.bedgraph.gz.tbi	maize_ZEAMAP/epigenome/dna_methylation/01_regions/AMP_mCHH_bed/YE488.bedgraph.gz.tbi	47.84KB
https://ftp.cngb.org/pub/CNSA/data3/CNP0001565/zeamap/05_Epigenetics/DNA_Methylation/01_Regions/AMP_mCHH_bed/YU374.bedgraph.gz	maize_ZEAMAP/epigenome/dna_methylation/01_regions/AMP_mCHH_bed/YU374.bedgraph.gz	44.96KB
https://ftp.cngb.org/pub/CNSA/data3/CNP0001565/zeamap/05_Epigenetics/DNA_Methylation/01_Regions/AMP_mCHH_bed/YU374.bedgraph.gz.tbi	maize_ZEAMAP/epigenome/dna_methylation/01_regions/AMP_mCHH_bed/YU374.bedgraph.gz.tbi	47.77KB
https://ftp.cngb.org/pub/CNSA/data3/CNP0001565/zeamap/05_Epigenetics/DNA_Methylation/01_Regions/AMP_mCHH_bed/YU87-1.bedgraph.gz	maize_ZEAMAP/epigenome/dna_methylation/01_regions/AMP_mCHH_bed/YU87-1.bedgraph.gz	49.68KB
https://ftp.cngb.org/pub/CNSA/data3/CNP0001565/zeamap/05_Epigenetics/DNA_Methylation/01_Regions/AMP_mCHH_bed/YU87-1.bedgraph.gz.tbi	maize_ZEAMAP/epigenome/dna_methylation/01_regions/AMP_mCHH_bed/YU87-1.bedgraph.gz.tbi	47.82KB
https://ftp.cngb.org/pub/CNSA/data3/CNP0001565/zeamap/05_Epigenetics/DNA_Methylation/01_Regions/AMP_mCHH_bed/Z2018F.bedgraph.gz	maize_ZEAMAP/epigenome/dna_methylation/01_regions/AMP_mCHH_bed/Z2018F.bedgraph.gz	52.00KB
https://ftp.cngb.org/pub/CNSA/data3/CNP0001565/zeamap/05_Epigenetics/DNA_Methylation/01_Regions/AMP_mCHH_bed/Z2018F.bedgraph.gz.tbi	maize_ZEAMAP/epigenome/dna_methylation/01_regions/AMP_mCHH_bed/Z2018F.bedgraph.gz.tbi	47.91KB
https://ftp.cngb.org/pub/CNSA/data3/CNP0001565/zeamap/05_Epigenetics/DNA_Methylation/01_Regions/AMP_mCHH_bed/ZB648.bedgraph.gz	maize_ZEAMAP/epigenome/dna_methylation/01_regions/AMP_mCHH_bed/ZB648.bedgraph.gz	50.31KB
https://ftp.cngb.org/pub/CNSA/data3/CNP0001565/zeamap/05_Epigenetics/DNA_Methylation/01_Regions/AMP_mCHH_bed/ZB648.bedgraph.gz.tbi	maize_ZEAMAP/epigenome/dna_methylation/01_regions/AMP_mCHH_bed/ZB648.bedgraph.gz.tbi	47.83KB
https://ftp.cngb.org/pub/CNSA/data3/CNP0001565/zeamap/05_Epigenetics/DNA_Methylation/01_Regions/AMP_mCHH_bed/ZHENG22.bedgraph.gz	maize_ZEAMAP/epigenome/dna_methylation/01_regions/AMP_mCHH_bed/ZHENG22.bedgraph.gz	52.44KB
https://ftp.cngb.org/pub/CNSA/data3/CNP0001565/zeamap/05_Epigenetics/DNA_Methylation/01_Regions/AMP_mCHH_bed/ZHENG22.bedgraph.gz.tbi	maize_ZEAMAP/epigenome/dna_methylation/01_regions/AMP_mCHH_bed/ZHENG22.bedgraph.gz.tbi	47.89KB
https://ftp.cngb.org/pub/CNSA/data3/CNP0001565/zeamap/05_Epigenetics/DNA_Methylation/01_Regions/AMP_mCHH_bed/ZHENG29.bedgraph.gz	maize_ZEAMAP/epigenome/dna_methylation/01_regions/AMP_mCHH_bed/ZHENG29.bedgraph.gz	53.01KB
https://ftp.cngb.org/pub/CNSA/data3/CNP0001565/zeamap/05_Epigenetics/DNA_Methylation/01_Regions/AMP_mCHH_bed/ZHENG29.bedgraph.gz.tbi	maize_ZEAMAP/epigenome/dna_methylation/01_regions/AMP_mCHH_bed/ZHENG29.bedgraph.gz.tbi	47.95KB
https://ftp.cngb.org/pub/CNSA/data3/CNP0001565/zeamap/05_Epigenetics/DNA_Methylation/01_Regions/AMP_mCHH_bed/ZHENG30.bedgraph.gz	maize_ZEAMAP/epigenome/dna_methylation/01_regions/AMP_mCHH_bed/ZHENG30.bedgraph.gz	49.86KB
https://ftp.cngb.org/pub/CNSA/data3/CNP0001565/zeamap/05_Epigenetics/DNA_Methylation/01_Regions/AMP_mCHH_bed/ZHENG30.bedgraph.gz.tbi	maize_ZEAMAP/epigenome/dna_methylation/01_regions/AMP_mCHH_bed/ZHENG30.bedgraph.gz.tbi	47.84KB
https://ftp.cngb.org/pub/CNSA/data3/CNP0001565/zeamap/05_Epigenetics/DNA_Methylation/01_Regions/AMP_mCHH_bed/ZHENG35.bedgraph.gz	maize_ZEAMAP/epigenome/dna_methylation/01_regions/AMP_mCHH_bed/ZHENG35.bedgraph.gz	53.46KB
https://ftp.cngb.org/pub/CNSA/data3/CNP0001565/zeamap/05_Epigenetics/DNA_Methylation/01_Regions/AMP_mCHH_bed/ZHENG35.bedgraph.gz.tbi	maize_ZEAMAP/epigenome/dna_methylation/01_regions/AMP_mCHH_bed/ZHENG35.bedgraph.gz.tbi	47.96KB
https://ftp.cngb.org/pub/CNSA/data3/CNP0001565/zeamap/05_Epigenetics/DNA_Methylation/01_Regions/AMP_mCHH_bed/ZHENG58.bedgraph.gz	maize_ZEAMAP/epigenome/dna_methylation/01_regions/AMP_mCHH_bed/ZHENG58.bedgraph.gz	51.42KB
https://ftp.cngb.org/pub/CNSA/data3/CNP0001565/zeamap/05_Epigenetics/DNA_Methylation/01_Regions/AMP_mCHH_bed/ZHENG58.bedgraph.gz.tbi	maize_ZEAMAP/epigenome/dna_methylation/01_regions/AMP_mCHH_bed/ZHENG58.bedgraph.gz.tbi	47.88KB
https://ftp.cngb.org/pub/CNSA/data3/CNP0001565/zeamap/05_Epigenetics/DNA_Methylation/01_Regions/AMP_mCHH_bed/ZHENG653.bedgraph.gz	maize_ZEAMAP/epigenome/dna_methylation/01_regions/AMP_mCHH_bed/ZHENG653.bedgraph.gz	46.32KB
https://ftp.cngb.org/pub/CNSA/data3/CNP0001565/zeamap/05_Epigenetics/DNA_Methylation/01_Regions/AMP_mCHH_bed/ZHENG653.bedgraph.gz.tbi	maize_ZEAMAP/epigenome/dna_methylation/01_regions/AMP_mCHH_bed/ZHENG653.bedgraph.gz.tbi	47.78KB
https://ftp.cngb.org/pub/CNSA/data3/CNP0001565/zeamap/05_Epigenetics/DNA_Methylation/01_Regions/AMP_mCHH_bed/ZHI41.bedgraph.gz	maize_ZEAMAP/epigenome/dna_methylation/01_regions/AMP_mCHH_bed/ZHI41.bedgraph.gz	52.67KB
https://ftp.cngb.org/pub/CNSA/data3/CNP0001565/zeamap/05_Epigenetics/DNA_Methylation/01_Regions/AMP_mCHH_bed/ZHI41.bedgraph.gz.tbi	maize_ZEAMAP/epigenome/dna_methylation/01_regions/AMP_mCHH_bed/ZHI41.bedgraph.gz.tbi	47.90KB
https://ftp.cngb.org/pub/CNSA/data3/CNP0001565/zeamap/05_Epigenetics/DNA_Methylation/01_Regions/AMP_mCHH_bed/ZZ01.bedgraph.gz	maize_ZEAMAP/epigenome/dna_methylation/01_regions/AMP_mCHH_bed/ZZ01.bedgraph.gz	51.72KB
https://ftp.cngb.org/pub/CNSA/data3/CNP0001565/zeamap/05_Epigenetics/DNA_Methylation/01_Regions/AMP_mCHH_bed/ZZ01.bedgraph.gz.tbi	maize_ZEAMAP/epigenome/dna_methylation/01_regions/AMP_mCHH_bed/ZZ01.bedgraph.gz.tbi	47.89KB
https://ftp.cngb.org/pub/CNSA/data3/CNP0001565/zeamap/05_Epigenetics/DNA_Methylation/01_Regions/AMP_mCHH_bed/md5.txt	maize_ZEAMAP/epigenome/dna_methylation/01_regions/AMP_mCHH_bed/md5.txt	28.16KB
https://ftp.cngb.org/pub/CNSA/data3/CNP0001565/zeamap/05_Epigenetics/DNA_Methylation/02_Sites/AMP_Methyl_sites/04K5686_methylC.bed.gz	maize_ZEAMAP/epigenome/dna_methylation/02_sites/AMP_Methyl_sites/04K5686_methylC.bed.gz	441.02MB
https://ftp.cngb.org/pub/CNSA/data3/CNP0001565/zeamap/05_Epigenetics/DNA_Methylation/02_Sites/AMP_Methyl_sites/04K5686_methylC.bed.gz.tbi	maize_ZEAMAP/epigenome/dna_methylation/02_sites/AMP_Methyl_sites/04K5686_methylC.bed.gz.tbi	1.28MB
https://ftp.cngb.org/pub/CNSA/data3/CNP0001565/zeamap/05_Epigenetics/DNA_Methylation/02_Sites/AMP_Methyl_sites/05WN230_methylC.bed.gz	maize_ZEAMAP/epigenome/dna_methylation/02_sites/AMP_Methyl_sites/05WN230_methylC.bed.gz	375.53MB
https://ftp.cngb.org/pub/CNSA/data3/CNP0001565/zeamap/05_Epigenetics/DNA_Methylation/02_Sites/AMP_Methyl_sites/05WN230_methylC.bed.gz.tbi	maize_ZEAMAP/epigenome/dna_methylation/02_sites/AMP_Methyl_sites/05WN230_methylC.bed.gz.tbi	1.23MB
https://ftp.cngb.org/pub/CNSA/data3/CNP0001565/zeamap/05_Epigenetics/DNA_Methylation/02_Sites/AMP_Methyl_sites/07KS4_methylC.bed.gz	maize_ZEAMAP/epigenome/dna_methylation/02_sites/AMP_Methyl_sites/07KS4_methylC.bed.gz	377.60MB
https://ftp.cngb.org/pub/CNSA/data3/CNP0001565/zeamap/05_Epigenetics/DNA_Methylation/02_Sites/AMP_Methyl_sites/07KS4_methylC.bed.gz.tbi	maize_ZEAMAP/epigenome/dna_methylation/02_sites/AMP_Methyl_sites/07KS4_methylC.bed.gz.tbi	1.24MB
https://ftp.cngb.org/pub/CNSA/data3/CNP0001565/zeamap/05_Epigenetics/DNA_Methylation/02_Sites/AMP_Methyl_sites/1323_methylC.bed.gz	maize_ZEAMAP/epigenome/dna_methylation/02_sites/AMP_Methyl_sites/1323_methylC.bed.gz	385.19MB
https://ftp.cngb.org/pub/CNSA/data3/CNP0001565/zeamap/05_Epigenetics/DNA_Methylation/02_Sites/AMP_Methyl_sites/1323_methylC.bed.gz.tbi	maize_ZEAMAP/epigenome/dna_methylation/02_sites/AMP_Methyl_sites/1323_methylC.bed.gz.tbi	1.24MB
https://ftp.cngb.org/pub/CNSA/data3/CNP0001565/zeamap/05_Epigenetics/DNA_Methylation/02_Sites/AMP_Methyl_sites/150_methylC.bed.gz	maize_ZEAMAP/epigenome/dna_methylation/02_sites/AMP_Methyl_sites/150_methylC.bed.gz	461.81MB
https://ftp.cngb.org/pub/CNSA/data3/CNP0001565/zeamap/05_Epigenetics/DNA_Methylation/02_Sites/AMP_Methyl_sites/150_methylC.bed.gz.tbi	maize_ZEAMAP/epigenome/dna_methylation/02_sites/AMP_Methyl_sites/150_methylC.bed.gz.tbi	1.28MB
https://ftp.cngb.org/pub/CNSA/data3/CNP0001565/zeamap/05_Epigenetics/DNA_Methylation/02_Sites/AMP_Methyl_sites/177_methylC.bed.gz	maize_ZEAMAP/epigenome/dna_methylation/02_sites/AMP_Methyl_sites/177_methylC.bed.gz	255.30MB
https://ftp.cngb.org/pub/CNSA/data3/CNP0001565/zeamap/05_Epigenetics/DNA_Methylation/02_Sites/AMP_Methyl_sites/177_methylC.bed.gz.tbi	maize_ZEAMAP/epigenome/dna_methylation/02_sites/AMP_Methyl_sites/177_methylC.bed.gz.tbi	1.13MB
https://ftp.cngb.org/pub/CNSA/data3/CNP0001565/zeamap/05_Epigenetics/DNA_Methylation/02_Sites/AMP_Methyl_sites/238_methylC.bed.gz	maize_ZEAMAP/epigenome/dna_methylation/02_sites/AMP_Methyl_sites/238_methylC.bed.gz	282.21MB
https://ftp.cngb.org/pub/CNSA/data3/CNP0001565/zeamap/05_Epigenetics/DNA_Methylation/02_Sites/AMP_Methyl_sites/238_methylC.bed.gz.tbi	maize_ZEAMAP/epigenome/dna_methylation/02_sites/AMP_Methyl_sites/238_methylC.bed.gz.tbi	1.18MB
https://ftp.cngb.org/pub/CNSA/data3/CNP0001565/zeamap/05_Epigenetics/DNA_Methylation/02_Sites/AMP_Methyl_sites/268_methylC.bed.gz	maize_ZEAMAP/epigenome/dna_methylation/02_sites/AMP_Methyl_sites/268_methylC.bed.gz	286.54MB
https://ftp.cngb.org/pub/CNSA/data3/CNP0001565/zeamap/05_Epigenetics/DNA_Methylation/02_Sites/AMP_Methyl_sites/268_methylC.bed.gz.tbi	maize_ZEAMAP/epigenome/dna_methylation/02_sites/AMP_Methyl_sites/268_methylC.bed.gz.tbi	1.17MB
https://ftp.cngb.org/pub/CNSA/data3/CNP0001565/zeamap/05_Epigenetics/DNA_Methylation/02_Sites/AMP_Methyl_sites/384-2_methylC.bed.gz	maize_ZEAMAP/epigenome/dna_methylation/02_sites/AMP_Methyl_sites/384-2_methylC.bed.gz	156.79MB
https://ftp.cngb.org/pub/CNSA/data3/CNP0001565/zeamap/05_Epigenetics/DNA_Methylation/02_Sites/AMP_Methyl_sites/384-2_methylC.bed.gz.tbi	maize_ZEAMAP/epigenome/dna_methylation/02_sites/AMP_Methyl_sites/384-2_methylC.bed.gz.tbi	1002.41KB
https://ftp.cngb.org/pub/CNSA/data3/CNP0001565/zeamap/05_Epigenetics/DNA_Methylation/02_Sites/AMP_Methyl_sites/4019_methylC.bed.gz	maize_ZEAMAP/epigenome/dna_methylation/02_sites/AMP_Methyl_sites/4019_methylC.bed.gz	377.02MB
https://ftp.cngb.org/pub/CNSA/data3/CNP0001565/zeamap/05_Epigenetics/DNA_Methylation/02_Sites/AMP_Methyl_sites/4019_methylC.bed.gz.tbi	maize_ZEAMAP/epigenome/dna_methylation/02_sites/AMP_Methyl_sites/4019_methylC.bed.gz.tbi	1.23MB
https://ftp.cngb.org/pub/CNSA/data3/CNP0001565/zeamap/05_Epigenetics/DNA_Methylation/02_Sites/AMP_Methyl_sites/4F1_methylC.bed.gz	maize_ZEAMAP/epigenome/dna_methylation/02_sites/AMP_Methyl_sites/4F1_methylC.bed.gz	435.16MB
https://ftp.cngb.org/pub/CNSA/data3/CNP0001565/zeamap/05_Epigenetics/DNA_Methylation/02_Sites/AMP_Methyl_sites/4F1_methylC.bed.gz.tbi	maize_ZEAMAP/epigenome/dna_methylation/02_sites/AMP_Methyl_sites/4F1_methylC.bed.gz.tbi	1.27MB
https://ftp.cngb.org/pub/CNSA/data3/CNP0001565/zeamap/05_Epigenetics/DNA_Methylation/02_Sites/AMP_Methyl_sites/501_methylC.bed.gz	maize_ZEAMAP/epigenome/dna_methylation/02_sites/AMP_Methyl_sites/501_methylC.bed.gz	313.87MB
https://ftp.cngb.org/pub/CNSA/data3/CNP0001565/zeamap/05_Epigenetics/DNA_Methylation/02_Sites/AMP_Methyl_sites/501_methylC.bed.gz.tbi	maize_ZEAMAP/epigenome/dna_methylation/02_sites/AMP_Methyl_sites/501_methylC.bed.gz.tbi	1.19MB
https://ftp.cngb.org/pub/CNSA/data3/CNP0001565/zeamap/05_Epigenetics/DNA_Methylation/02_Sites/AMP_Methyl_sites/5213_methylC.bed.gz	maize_ZEAMAP/epigenome/dna_methylation/02_sites/AMP_Methyl_sites/5213_methylC.bed.gz	381.50MB
https://ftp.cngb.org/pub/CNSA/data3/CNP0001565/zeamap/05_Epigenetics/DNA_Methylation/02_Sites/AMP_Methyl_sites/5213_methylC.bed.gz.tbi	maize_ZEAMAP/epigenome/dna_methylation/02_sites/AMP_Methyl_sites/5213_methylC.bed.gz.tbi	1.22MB
https://ftp.cngb.org/pub/CNSA/data3/CNP0001565/zeamap/05_Epigenetics/DNA_Methylation/02_Sites/AMP_Methyl_sites/7327_methylC.bed.gz	maize_ZEAMAP/epigenome/dna_methylation/02_sites/AMP_Methyl_sites/7327_methylC.bed.gz	491.83MB
https://ftp.cngb.org/pub/CNSA/data3/CNP0001565/zeamap/05_Epigenetics/DNA_Methylation/02_Sites/AMP_Methyl_sites/7327_methylC.bed.gz.tbi	maize_ZEAMAP/epigenome/dna_methylation/02_sites/AMP_Methyl_sites/7327_methylC.bed.gz.tbi	1.31MB
https://ftp.cngb.org/pub/CNSA/data3/CNP0001565/zeamap/05_Epigenetics/DNA_Methylation/02_Sites/AMP_Methyl_sites/7381_methylC.bed.gz	maize_ZEAMAP/epigenome/dna_methylation/02_sites/AMP_Methyl_sites/7381_methylC.bed.gz	233.43MB
https://ftp.cngb.org/pub/CNSA/data3/CNP0001565/zeamap/05_Epigenetics/DNA_Methylation/02_Sites/AMP_Methyl_sites/7381_methylC.bed.gz.tbi	maize_ZEAMAP/epigenome/dna_methylation/02_sites/AMP_Methyl_sites/7381_methylC.bed.gz.tbi	1.10MB
https://ftp.cngb.org/pub/CNSA/data3/CNP0001565/zeamap/05_Epigenetics/DNA_Methylation/02_Sites/AMP_Methyl_sites/812_methylC.bed.gz	maize_ZEAMAP/epigenome/dna_methylation/02_sites/AMP_Methyl_sites/812_methylC.bed.gz	462.02MB
https://ftp.cngb.org/pub/CNSA/data3/CNP0001565/zeamap/05_Epigenetics/DNA_Methylation/02_Sites/AMP_Methyl_sites/812_methylC.bed.gz.tbi	maize_ZEAMAP/epigenome/dna_methylation/02_sites/AMP_Methyl_sites/812_methylC.bed.gz.tbi	1.28MB
https://ftp.cngb.org/pub/CNSA/data3/CNP0001565/zeamap/05_Epigenetics/DNA_Methylation/02_Sites/AMP_Methyl_sites/832_methylC.bed.gz	maize_ZEAMAP/epigenome/dna_methylation/02_sites/AMP_Methyl_sites/832_methylC.bed.gz	469.12MB
https://ftp.cngb.org/pub/CNSA/data3/CNP0001565/zeamap/05_Epigenetics/DNA_Methylation/02_Sites/AMP_Methyl_sites/832_methylC.bed.gz.tbi	maize_ZEAMAP/epigenome/dna_methylation/02_sites/AMP_Methyl_sites/832_methylC.bed.gz.tbi	1.28MB
https://ftp.cngb.org/pub/CNSA/data3/CNP0001565/zeamap/05_Epigenetics/DNA_Methylation/02_Sites/AMP_Methyl_sites/835A_methylC.bed.gz	maize_ZEAMAP/epigenome/dna_methylation/02_sites/AMP_Methyl_sites/835A_methylC.bed.gz	291.61MB
https://ftp.cngb.org/pub/CNSA/data3/CNP0001565/zeamap/05_Epigenetics/DNA_Methylation/02_Sites/AMP_Methyl_sites/835A_methylC.bed.gz.tbi	maize_ZEAMAP/epigenome/dna_methylation/02_sites/AMP_Methyl_sites/835A_methylC.bed.gz.tbi	1.16MB
https://ftp.cngb.org/pub/CNSA/data3/CNP0001565/zeamap/05_Epigenetics/DNA_Methylation/02_Sites/AMP_Methyl_sites/8902_methylC.bed.gz	maize_ZEAMAP/epigenome/dna_methylation/02_sites/AMP_Methyl_sites/8902_methylC.bed.gz	355.73MB
https://ftp.cngb.org/pub/CNSA/data3/CNP0001565/zeamap/05_Epigenetics/DNA_Methylation/02_Sites/AMP_Methyl_sites/8902_methylC.bed.gz.tbi	maize_ZEAMAP/epigenome/dna_methylation/02_sites/AMP_Methyl_sites/8902_methylC.bed.gz.tbi	1.22MB
https://ftp.cngb.org/pub/CNSA/data3/CNP0001565/zeamap/05_Epigenetics/DNA_Methylation/02_Sites/AMP_Methyl_sites/975-12_methylC.bed.gz	maize_ZEAMAP/epigenome/dna_methylation/02_sites/AMP_Methyl_sites/975-12_methylC.bed.gz	545.97MB
https://ftp.cngb.org/pub/CNSA/data3/CNP0001565/zeamap/05_Epigenetics/DNA_Methylation/02_Sites/AMP_Methyl_sites/975-12_methylC.bed.gz.tbi	maize_ZEAMAP/epigenome/dna_methylation/02_sites/AMP_Methyl_sites/975-12_methylC.bed.gz.tbi	1.33MB
https://ftp.cngb.org/pub/CNSA/data3/CNP0001565/zeamap/05_Epigenetics/DNA_Methylation/02_Sites/AMP_Methyl_sites/A619_methylC.bed.gz	maize_ZEAMAP/epigenome/dna_methylation/02_sites/AMP_Methyl_sites/A619_methylC.bed.gz	347.88MB
https://ftp.cngb.org/pub/CNSA/data3/CNP0001565/zeamap/05_Epigenetics/DNA_Methylation/02_Sites/AMP_Methyl_sites/A619_methylC.bed.gz.tbi	maize_ZEAMAP/epigenome/dna_methylation/02_sites/AMP_Methyl_sites/A619_methylC.bed.gz.tbi	1.22MB
https://ftp.cngb.org/pub/CNSA/data3/CNP0001565/zeamap/05_Epigenetics/DNA_Methylation/02_Sites/AMP_Methyl_sites/B110_methylC.bed.gz	maize_ZEAMAP/epigenome/dna_methylation/02_sites/AMP_Methyl_sites/B110_methylC.bed.gz	491.20MB
https://ftp.cngb.org/pub/CNSA/data3/CNP0001565/zeamap/05_Epigenetics/DNA_Methylation/02_Sites/AMP_Methyl_sites/B110_methylC.bed.gz.tbi	maize_ZEAMAP/epigenome/dna_methylation/02_sites/AMP_Methyl_sites/B110_methylC.bed.gz.tbi	1.30MB
https://ftp.cngb.org/pub/CNSA/data3/CNP0001565/zeamap/05_Epigenetics/DNA_Methylation/02_Sites/AMP_Methyl_sites/B111_methylC.bed.gz	maize_ZEAMAP/epigenome/dna_methylation/02_sites/AMP_Methyl_sites/B111_methylC.bed.gz	545.11MB
https://ftp.cngb.org/pub/CNSA/data3/CNP0001565/zeamap/05_Epigenetics/DNA_Methylation/02_Sites/AMP_Methyl_sites/B111_methylC.bed.gz.tbi	maize_ZEAMAP/epigenome/dna_methylation/02_sites/AMP_Methyl_sites/B111_methylC.bed.gz.tbi	1.33MB
https://ftp.cngb.org/pub/CNSA/data3/CNP0001565/zeamap/05_Epigenetics/DNA_Methylation/02_Sites/AMP_Methyl_sites/B11_methylC.bed.gz	maize_ZEAMAP/epigenome/dna_methylation/02_sites/AMP_Methyl_sites/B11_methylC.bed.gz	404.19MB
https://ftp.cngb.org/pub/CNSA/data3/CNP0001565/zeamap/05_Epigenetics/DNA_Methylation/02_Sites/AMP_Methyl_sites/B11_methylC.bed.gz.tbi	maize_ZEAMAP/epigenome/dna_methylation/02_sites/AMP_Methyl_sites/B11_methylC.bed.gz.tbi	1.26MB
https://ftp.cngb.org/pub/CNSA/data3/CNP0001565/zeamap/05_Epigenetics/DNA_Methylation/02_Sites/AMP_Methyl_sites/B73_methylC.bed.gz	maize_ZEAMAP/epigenome/dna_methylation/02_sites/AMP_Methyl_sites/B73_methylC.bed.gz	484.42MB
https://ftp.cngb.org/pub/CNSA/data3/CNP0001565/zeamap/05_Epigenetics/DNA_Methylation/02_Sites/AMP_Methyl_sites/B73_methylC.bed.gz.tbi	maize_ZEAMAP/epigenome/dna_methylation/02_sites/AMP_Methyl_sites/B73_methylC.bed.gz.tbi	1.32MB
https://ftp.cngb.org/pub/CNSA/data3/CNP0001565/zeamap/05_Epigenetics/DNA_Methylation/02_Sites/AMP_Methyl_sites/BEM_methylC.bed.gz	maize_ZEAMAP/epigenome/dna_methylation/02_sites/AMP_Methyl_sites/BEM_methylC.bed.gz	255.81MB
https://ftp.cngb.org/pub/CNSA/data3/CNP0001565/zeamap/05_Epigenetics/DNA_Methylation/02_Sites/AMP_Methyl_sites/BEM_methylC.bed.gz.tbi	maize_ZEAMAP/epigenome/dna_methylation/02_sites/AMP_Methyl_sites/BEM_methylC.bed.gz.tbi	1.15MB
https://ftp.cngb.org/pub/CNSA/data3/CNP0001565/zeamap/05_Epigenetics/DNA_Methylation/02_Sites/AMP_Methyl_sites/BS16_methylC.bed.gz	maize_ZEAMAP/epigenome/dna_methylation/02_sites/AMP_Methyl_sites/BS16_methylC.bed.gz	398.65MB
https://ftp.cngb.org/pub/CNSA/data3/CNP0001565/zeamap/05_Epigenetics/DNA_Methylation/02_Sites/AMP_Methyl_sites/BS16_methylC.bed.gz.tbi	maize_ZEAMAP/epigenome/dna_methylation/02_sites/AMP_Methyl_sites/BS16_methylC.bed.gz.tbi	1.26MB
https://ftp.cngb.org/pub/CNSA/data3/CNP0001565/zeamap/05_Epigenetics/DNA_Methylation/02_Sites/AMP_Methyl_sites/BY4839_methylC.bed.gz	maize_ZEAMAP/epigenome/dna_methylation/02_sites/AMP_Methyl_sites/BY4839_methylC.bed.gz	216.20MB
https://ftp.cngb.org/pub/CNSA/data3/CNP0001565/zeamap/05_Epigenetics/DNA_Methylation/02_Sites/AMP_Methyl_sites/BY4839_methylC.bed.gz.tbi	maize_ZEAMAP/epigenome/dna_methylation/02_sites/AMP_Methyl_sites/BY4839_methylC.bed.gz.tbi	1.07MB
https://ftp.cngb.org/pub/CNSA/data3/CNP0001565/zeamap/05_Epigenetics/DNA_Methylation/02_Sites/AMP_Methyl_sites/BY4944_methylC.bed.gz	maize_ZEAMAP/epigenome/dna_methylation/02_sites/AMP_Methyl_sites/BY4944_methylC.bed.gz	305.14MB
https://ftp.cngb.org/pub/CNSA/data3/CNP0001565/zeamap/05_Epigenetics/DNA_Methylation/02_Sites/AMP_Methyl_sites/BY4944_methylC.bed.gz.tbi	maize_ZEAMAP/epigenome/dna_methylation/02_sites/AMP_Methyl_sites/BY4944_methylC.bed.gz.tbi	1.19MB
https://ftp.cngb.org/pub/CNSA/data3/CNP0001565/zeamap/05_Epigenetics/DNA_Methylation/02_Sites/AMP_Methyl_sites/BY4960_methylC.bed.gz	maize_ZEAMAP/epigenome/dna_methylation/02_sites/AMP_Methyl_sites/BY4960_methylC.bed.gz	260.30MB
https://ftp.cngb.org/pub/CNSA/data3/CNP0001565/zeamap/05_Epigenetics/DNA_Methylation/02_Sites/AMP_Methyl_sites/BY4960_methylC.bed.gz.tbi	maize_ZEAMAP/epigenome/dna_methylation/02_sites/AMP_Methyl_sites/BY4960_methylC.bed.gz.tbi	1.14MB
https://ftp.cngb.org/pub/CNSA/data3/CNP0001565/zeamap/05_Epigenetics/DNA_Methylation/02_Sites/AMP_Methyl_sites/BY809_methylC.bed.gz	maize_ZEAMAP/epigenome/dna_methylation/02_sites/AMP_Methyl_sites/BY809_methylC.bed.gz	320.97MB
https://ftp.cngb.org/pub/CNSA/data3/CNP0001565/zeamap/05_Epigenetics/DNA_Methylation/02_Sites/AMP_Methyl_sites/BY809_methylC.bed.gz.tbi	maize_ZEAMAP/epigenome/dna_methylation/02_sites/AMP_Methyl_sites/BY809_methylC.bed.gz.tbi	1.20MB
https://ftp.cngb.org/pub/CNSA/data3/CNP0001565/zeamap/05_Epigenetics/DNA_Methylation/02_Sites/AMP_Methyl_sites/BY813_methylC.bed.gz	maize_ZEAMAP/epigenome/dna_methylation/02_sites/AMP_Methyl_sites/BY813_methylC.bed.gz	336.58MB
https://ftp.cngb.org/pub/CNSA/data3/CNP0001565/zeamap/05_Epigenetics/DNA_Methylation/02_Sites/AMP_Methyl_sites/BY813_methylC.bed.gz.tbi	maize_ZEAMAP/epigenome/dna_methylation/02_sites/AMP_Methyl_sites/BY813_methylC.bed.gz.tbi	1.21MB
https://ftp.cngb.org/pub/CNSA/data3/CNP0001565/zeamap/05_Epigenetics/DNA_Methylation/02_Sites/AMP_Methyl_sites/BY815_methylC.bed.gz	maize_ZEAMAP/epigenome/dna_methylation/02_sites/AMP_Methyl_sites/BY815_methylC.bed.gz	393.79MB
https://ftp.cngb.org/pub/CNSA/data3/CNP0001565/zeamap/05_Epigenetics/DNA_Methylation/02_Sites/AMP_Methyl_sites/BY815_methylC.bed.gz.tbi	maize_ZEAMAP/epigenome/dna_methylation/02_sites/AMP_Methyl_sites/BY815_methylC.bed.gz.tbi	1.25MB
https://ftp.cngb.org/pub/CNSA/data3/CNP0001565/zeamap/05_Epigenetics/DNA_Methylation/02_Sites/AMP_Methyl_sites/BY855_methylC.bed.gz	maize_ZEAMAP/epigenome/dna_methylation/02_sites/AMP_Methyl_sites/BY855_methylC.bed.gz	376.86MB
https://ftp.cngb.org/pub/CNSA/data3/CNP0001565/zeamap/05_Epigenetics/DNA_Methylation/02_Sites/AMP_Methyl_sites/BY855_methylC.bed.gz.tbi	maize_ZEAMAP/epigenome/dna_methylation/02_sites/AMP_Methyl_sites/BY855_methylC.bed.gz.tbi	1.24MB
https://ftp.cngb.org/pub/CNSA/data3/CNP0001565/zeamap/05_Epigenetics/DNA_Methylation/02_Sites/AMP_Methyl_sites/CF3_methylC.bed.gz	maize_ZEAMAP/epigenome/dna_methylation/02_sites/AMP_Methyl_sites/CF3_methylC.bed.gz	486.69MB
https://ftp.cngb.org/pub/CNSA/data3/CNP0001565/zeamap/05_Epigenetics/DNA_Methylation/02_Sites/AMP_Methyl_sites/CF3_methylC.bed.gz.tbi	maize_ZEAMAP/epigenome/dna_methylation/02_sites/AMP_Methyl_sites/CF3_methylC.bed.gz.tbi	1.29MB
https://ftp.cngb.org/pub/CNSA/data3/CNP0001565/zeamap/05_Epigenetics/DNA_Methylation/02_Sites/AMP_Methyl_sites/CHENG698_methylC.bed.gz	maize_ZEAMAP/epigenome/dna_methylation/02_sites/AMP_Methyl_sites/CHENG698_methylC.bed.gz	405.17MB
https://ftp.cngb.org/pub/CNSA/data3/CNP0001565/zeamap/05_Epigenetics/DNA_Methylation/02_Sites/AMP_Methyl_sites/CHENG698_methylC.bed.gz.tbi	maize_ZEAMAP/epigenome/dna_methylation/02_sites/AMP_Methyl_sites/CHENG698_methylC.bed.gz.tbi	1.25MB
https://ftp.cngb.org/pub/CNSA/data3/CNP0001565/zeamap/05_Epigenetics/DNA_Methylation/02_Sites/AMP_Methyl_sites/CIMBL105_methylC.bed.gz	maize_ZEAMAP/epigenome/dna_methylation/02_sites/AMP_Methyl_sites/CIMBL105_methylC.bed.gz	439.01MB
https://ftp.cngb.org/pub/CNSA/data3/CNP0001565/zeamap/05_Epigenetics/DNA_Methylation/02_Sites/AMP_Methyl_sites/CIMBL105_methylC.bed.gz.tbi	maize_ZEAMAP/epigenome/dna_methylation/02_sites/AMP_Methyl_sites/CIMBL105_methylC.bed.gz.tbi	1.29MB
https://ftp.cngb.org/pub/CNSA/data3/CNP0001565/zeamap/05_Epigenetics/DNA_Methylation/02_Sites/AMP_Methyl_sites/CIMBL107_methylC.bed.gz	maize_ZEAMAP/epigenome/dna_methylation/02_sites/AMP_Methyl_sites/CIMBL107_methylC.bed.gz	355.96MB
https://ftp.cngb.org/pub/CNSA/data3/CNP0001565/zeamap/05_Epigenetics/DNA_Methylation/02_Sites/AMP_Methyl_sites/CIMBL107_methylC.bed.gz.tbi	maize_ZEAMAP/epigenome/dna_methylation/02_sites/AMP_Methyl_sites/CIMBL107_methylC.bed.gz.tbi	1.24MB
https://ftp.cngb.org/pub/CNSA/data3/CNP0001565/zeamap/05_Epigenetics/DNA_Methylation/02_Sites/AMP_Methyl_sites/CIMBL108_methylC.bed.gz	maize_ZEAMAP/epigenome/dna_methylation/02_sites/AMP_Methyl_sites/CIMBL108_methylC.bed.gz	432.85MB
https://ftp.cngb.org/pub/CNSA/data3/CNP0001565/zeamap/05_Epigenetics/DNA_Methylation/02_Sites/AMP_Methyl_sites/CIMBL108_methylC.bed.gz.tbi	maize_ZEAMAP/epigenome/dna_methylation/02_sites/AMP_Methyl_sites/CIMBL108_methylC.bed.gz.tbi	1.28MB
https://ftp.cngb.org/pub/CNSA/data3/CNP0001565/zeamap/05_Epigenetics/DNA_Methylation/02_Sites/AMP_Methyl_sites/CIMBL109_methylC.bed.gz	maize_ZEAMAP/epigenome/dna_methylation/02_sites/AMP_Methyl_sites/CIMBL109_methylC.bed.gz	424.52MB
https://ftp.cngb.org/pub/CNSA/data3/CNP0001565/zeamap/05_Epigenetics/DNA_Methylation/02_Sites/AMP_Methyl_sites/CIMBL109_methylC.bed.gz.tbi	maize_ZEAMAP/epigenome/dna_methylation/02_sites/AMP_Methyl_sites/CIMBL109_methylC.bed.gz.tbi	1.28MB
https://ftp.cngb.org/pub/CNSA/data3/CNP0001565/zeamap/05_Epigenetics/DNA_Methylation/02_Sites/AMP_Methyl_sites/CIMBL10_methylC.bed.gz	maize_ZEAMAP/epigenome/dna_methylation/02_sites/AMP_Methyl_sites/CIMBL10_methylC.bed.gz	433.59MB
https://ftp.cngb.org/pub/CNSA/data3/CNP0001565/zeamap/05_Epigenetics/DNA_Methylation/02_Sites/AMP_Methyl_sites/CIMBL10_methylC.bed.gz.tbi	maize_ZEAMAP/epigenome/dna_methylation/02_sites/AMP_Methyl_sites/CIMBL10_methylC.bed.gz.tbi	1.27MB
https://ftp.cngb.org/pub/CNSA/data3/CNP0001565/zeamap/05_Epigenetics/DNA_Methylation/02_Sites/AMP_Methyl_sites/CIMBL110_methylC.bed.gz	maize_ZEAMAP/epigenome/dna_methylation/02_sites/AMP_Methyl_sites/CIMBL110_methylC.bed.gz	193.87MB
https://ftp.cngb.org/pub/CNSA/data3/CNP0001565/zeamap/05_Epigenetics/DNA_Methylation/02_Sites/AMP_Methyl_sites/CIMBL110_methylC.bed.gz.tbi	maize_ZEAMAP/epigenome/dna_methylation/02_sites/AMP_Methyl_sites/CIMBL110_methylC.bed.gz.tbi	1.08MB
https://ftp.cngb.org/pub/CNSA/data3/CNP0001565/zeamap/05_Epigenetics/DNA_Methylation/02_Sites/AMP_Methyl_sites/CIMBL112_methylC.bed.gz	maize_ZEAMAP/epigenome/dna_methylation/02_sites/AMP_Methyl_sites/CIMBL112_methylC.bed.gz	244.13MB
https://ftp.cngb.org/pub/CNSA/data3/CNP0001565/zeamap/05_Epigenetics/DNA_Methylation/02_Sites/AMP_Methyl_sites/CIMBL112_methylC.bed.gz.tbi	maize_ZEAMAP/epigenome/dna_methylation/02_sites/AMP_Methyl_sites/CIMBL112_methylC.bed.gz.tbi	1.13MB
https://ftp.cngb.org/pub/CNSA/data3/CNP0001565/zeamap/05_Epigenetics/DNA_Methylation/02_Sites/AMP_Methyl_sites/CIMBL114_methylC.bed.gz	maize_ZEAMAP/epigenome/dna_methylation/02_sites/AMP_Methyl_sites/CIMBL114_methylC.bed.gz	485.45MB
https://ftp.cngb.org/pub/CNSA/data3/CNP0001565/zeamap/05_Epigenetics/DNA_Methylation/02_Sites/AMP_Methyl_sites/CIMBL114_methylC.bed.gz.tbi	maize_ZEAMAP/epigenome/dna_methylation/02_sites/AMP_Methyl_sites/CIMBL114_methylC.bed.gz.tbi	1.31MB
https://ftp.cngb.org/pub/CNSA/data3/CNP0001565/zeamap/05_Epigenetics/DNA_Methylation/02_Sites/AMP_Methyl_sites/CIMBL116_methylC.bed.gz	maize_ZEAMAP/epigenome/dna_methylation/02_sites/AMP_Methyl_sites/CIMBL116_methylC.bed.gz	406.90MB
https://ftp.cngb.org/pub/CNSA/data3/CNP0001565/zeamap/05_Epigenetics/DNA_Methylation/02_Sites/AMP_Methyl_sites/CIMBL116_methylC.bed.gz.tbi	maize_ZEAMAP/epigenome/dna_methylation/02_sites/AMP_Methyl_sites/CIMBL116_methylC.bed.gz.tbi	1.27MB
https://ftp.cngb.org/pub/CNSA/data3/CNP0001565/zeamap/05_Epigenetics/DNA_Methylation/02_Sites/AMP_Methyl_sites/CIMBL11_methylC.bed.gz	maize_ZEAMAP/epigenome/dna_methylation/02_sites/AMP_Methyl_sites/CIMBL11_methylC.bed.gz	371.89MB
https://ftp.cngb.org/pub/CNSA/data3/CNP0001565/zeamap/05_Epigenetics/DNA_Methylation/02_Sites/AMP_Methyl_sites/CIMBL11_methylC.bed.gz.tbi	maize_ZEAMAP/epigenome/dna_methylation/02_sites/AMP_Methyl_sites/CIMBL11_methylC.bed.gz.tbi	1.24MB
https://ftp.cngb.org/pub/CNSA/data3/CNP0001565/zeamap/05_Epigenetics/DNA_Methylation/02_Sites/AMP_Methyl_sites/CIMBL125_methylC.bed.gz	maize_ZEAMAP/epigenome/dna_methylation/02_sites/AMP_Methyl_sites/CIMBL125_methylC.bed.gz	431.64MB
https://ftp.cngb.org/pub/CNSA/data3/CNP0001565/zeamap/05_Epigenetics/DNA_Methylation/02_Sites/AMP_Methyl_sites/CIMBL125_methylC.bed.gz.tbi	maize_ZEAMAP/epigenome/dna_methylation/02_sites/AMP_Methyl_sites/CIMBL125_methylC.bed.gz.tbi	1.28MB
https://ftp.cngb.org/pub/CNSA/data3/CNP0001565/zeamap/05_Epigenetics/DNA_Methylation/02_Sites/AMP_Methyl_sites/CIMBL126_methylC.bed.gz	maize_ZEAMAP/epigenome/dna_methylation/02_sites/AMP_Methyl_sites/CIMBL126_methylC.bed.gz	408.03MB
https://ftp.cngb.org/pub/CNSA/data3/CNP0001565/zeamap/05_Epigenetics/DNA_Methylation/02_Sites/AMP_Methyl_sites/CIMBL126_methylC.bed.gz.tbi	maize_ZEAMAP/epigenome/dna_methylation/02_sites/AMP_Methyl_sites/CIMBL126_methylC.bed.gz.tbi	1.27MB
https://ftp.cngb.org/pub/CNSA/data3/CNP0001565/zeamap/05_Epigenetics/DNA_Methylation/02_Sites/AMP_Methyl_sites/CIMBL127_methylC.bed.gz	maize_ZEAMAP/epigenome/dna_methylation/02_sites/AMP_Methyl_sites/CIMBL127_methylC.bed.gz	376.65MB
https://ftp.cngb.org/pub/CNSA/data3/CNP0001565/zeamap/05_Epigenetics/DNA_Methylation/02_Sites/AMP_Methyl_sites/CIMBL127_methylC.bed.gz.tbi	maize_ZEAMAP/epigenome/dna_methylation/02_sites/AMP_Methyl_sites/CIMBL127_methylC.bed.gz.tbi	1.23MB
https://ftp.cngb.org/pub/CNSA/data3/CNP0001565/zeamap/05_Epigenetics/DNA_Methylation/02_Sites/AMP_Methyl_sites/CIMBL129_methylC.bed.gz	maize_ZEAMAP/epigenome/dna_methylation/02_sites/AMP_Methyl_sites/CIMBL129_methylC.bed.gz	382.98MB
https://ftp.cngb.org/pub/CNSA/data3/CNP0001565/zeamap/05_Epigenetics/DNA_Methylation/02_Sites/AMP_Methyl_sites/CIMBL129_methylC.bed.gz.tbi	maize_ZEAMAP/epigenome/dna_methylation/02_sites/AMP_Methyl_sites/CIMBL129_methylC.bed.gz.tbi	1.25MB
https://ftp.cngb.org/pub/CNSA/data3/CNP0001565/zeamap/05_Epigenetics/DNA_Methylation/02_Sites/AMP_Methyl_sites/CIMBL12_methylC.bed.gz	maize_ZEAMAP/epigenome/dna_methylation/02_sites/AMP_Methyl_sites/CIMBL12_methylC.bed.gz	456.61MB
https://ftp.cngb.org/pub/CNSA/data3/CNP0001565/zeamap/05_Epigenetics/DNA_Methylation/02_Sites/AMP_Methyl_sites/CIMBL12_methylC.bed.gz.tbi	maize_ZEAMAP/epigenome/dna_methylation/02_sites/AMP_Methyl_sites/CIMBL12_methylC.bed.gz.tbi	1.29MB
https://ftp.cngb.org/pub/CNSA/data3/CNP0001565/zeamap/05_Epigenetics/DNA_Methylation/02_Sites/AMP_Methyl_sites/CIMBL130_methylC.bed.gz	maize_ZEAMAP/epigenome/dna_methylation/02_sites/AMP_Methyl_sites/CIMBL130_methylC.bed.gz	432.16MB
https://ftp.cngb.org/pub/CNSA/data3/CNP0001565/zeamap/05_Epigenetics/DNA_Methylation/02_Sites/AMP_Methyl_sites/CIMBL130_methylC.bed.gz.tbi	maize_ZEAMAP/epigenome/dna_methylation/02_sites/AMP_Methyl_sites/CIMBL130_methylC.bed.gz.tbi	1.28MB
https://ftp.cngb.org/pub/CNSA/data3/CNP0001565/zeamap/05_Epigenetics/DNA_Methylation/02_Sites/AMP_Methyl_sites/CIMBL131_methylC.bed.gz	maize_ZEAMAP/epigenome/dna_methylation/02_sites/AMP_Methyl_sites/CIMBL131_methylC.bed.gz	351.64MB
https://ftp.cngb.org/pub/CNSA/data3/CNP0001565/zeamap/05_Epigenetics/DNA_Methylation/02_Sites/AMP_Methyl_sites/CIMBL131_methylC.bed.gz.tbi	maize_ZEAMAP/epigenome/dna_methylation/02_sites/AMP_Methyl_sites/CIMBL131_methylC.bed.gz.tbi	1.24MB
https://ftp.cngb.org/pub/CNSA/data3/CNP0001565/zeamap/05_Epigenetics/DNA_Methylation/02_Sites/AMP_Methyl_sites/CIMBL133_methylC.bed.gz	maize_ZEAMAP/epigenome/dna_methylation/02_sites/AMP_Methyl_sites/CIMBL133_methylC.bed.gz	435.35MB
https://ftp.cngb.org/pub/CNSA/data3/CNP0001565/zeamap/05_Epigenetics/DNA_Methylation/02_Sites/AMP_Methyl_sites/CIMBL133_methylC.bed.gz.tbi	maize_ZEAMAP/epigenome/dna_methylation/02_sites/AMP_Methyl_sites/CIMBL133_methylC.bed.gz.tbi	1.28MB
https://ftp.cngb.org/pub/CNSA/data3/CNP0001565/zeamap/05_Epigenetics/DNA_Methylation/02_Sites/AMP_Methyl_sites/CIMBL137_methylC.bed.gz	maize_ZEAMAP/epigenome/dna_methylation/02_sites/AMP_Methyl_sites/CIMBL137_methylC.bed.gz	155.67MB
https://ftp.cngb.org/pub/CNSA/data3/CNP0001565/zeamap/05_Epigenetics/DNA_Methylation/02_Sites/AMP_Methyl_sites/CIMBL137_methylC.bed.gz.tbi	maize_ZEAMAP/epigenome/dna_methylation/02_sites/AMP_Methyl_sites/CIMBL137_methylC.bed.gz.tbi	1.05MB
https://ftp.cngb.org/pub/CNSA/data3/CNP0001565/zeamap/05_Epigenetics/DNA_Methylation/02_Sites/AMP_Methyl_sites/CIMBL138_methylC.bed.gz	maize_ZEAMAP/epigenome/dna_methylation/02_sites/AMP_Methyl_sites/CIMBL138_methylC.bed.gz	190.54MB
https://ftp.cngb.org/pub/CNSA/data3/CNP0001565/zeamap/05_Epigenetics/DNA_Methylation/02_Sites/AMP_Methyl_sites/CIMBL138_methylC.bed.gz.tbi	maize_ZEAMAP/epigenome/dna_methylation/02_sites/AMP_Methyl_sites/CIMBL138_methylC.bed.gz.tbi	1.06MB
https://ftp.cngb.org/pub/CNSA/data3/CNP0001565/zeamap/05_Epigenetics/DNA_Methylation/02_Sites/AMP_Methyl_sites/CIMBL13_methylC.bed.gz	maize_ZEAMAP/epigenome/dna_methylation/02_sites/AMP_Methyl_sites/CIMBL13_methylC.bed.gz	400.47MB
https://ftp.cngb.org/pub/CNSA/data3/CNP0001565/zeamap/05_Epigenetics/DNA_Methylation/02_Sites/AMP_Methyl_sites/CIMBL13_methylC.bed.gz.tbi	maize_ZEAMAP/epigenome/dna_methylation/02_sites/AMP_Methyl_sites/CIMBL13_methylC.bed.gz.tbi	1.25MB
https://ftp.cngb.org/pub/CNSA/data3/CNP0001565/zeamap/05_Epigenetics/DNA_Methylation/02_Sites/AMP_Methyl_sites/CIMBL140_methylC.bed.gz	maize_ZEAMAP/epigenome/dna_methylation/02_sites/AMP_Methyl_sites/CIMBL140_methylC.bed.gz	223.85MB
https://ftp.cngb.org/pub/CNSA/data3/CNP0001565/zeamap/05_Epigenetics/DNA_Methylation/02_Sites/AMP_Methyl_sites/CIMBL140_methylC.bed.gz.tbi	maize_ZEAMAP/epigenome/dna_methylation/02_sites/AMP_Methyl_sites/CIMBL140_methylC.bed.gz.tbi	1.11MB
https://ftp.cngb.org/pub/CNSA/data3/CNP0001565/zeamap/05_Epigenetics/DNA_Methylation/02_Sites/AMP_Methyl_sites/CIMBL141_methylC.bed.gz	maize_ZEAMAP/epigenome/dna_methylation/02_sites/AMP_Methyl_sites/CIMBL141_methylC.bed.gz	514.82MB
https://ftp.cngb.org/pub/CNSA/data3/CNP0001565/zeamap/05_Epigenetics/DNA_Methylation/02_Sites/AMP_Methyl_sites/CIMBL141_methylC.bed.gz.tbi	maize_ZEAMAP/epigenome/dna_methylation/02_sites/AMP_Methyl_sites/CIMBL141_methylC.bed.gz.tbi	1.32MB
https://ftp.cngb.org/pub/CNSA/data3/CNP0001565/zeamap/05_Epigenetics/DNA_Methylation/02_Sites/AMP_Methyl_sites/CIMBL145_methylC.bed.gz	maize_ZEAMAP/epigenome/dna_methylation/02_sites/AMP_Methyl_sites/CIMBL145_methylC.bed.gz	363.61MB
https://ftp.cngb.org/pub/CNSA/data3/CNP0001565/zeamap/05_Epigenetics/DNA_Methylation/02_Sites/AMP_Methyl_sites/CIMBL145_methylC.bed.gz.tbi	maize_ZEAMAP/epigenome/dna_methylation/02_sites/AMP_Methyl_sites/CIMBL145_methylC.bed.gz.tbi	1.21MB
https://ftp.cngb.org/pub/CNSA/data3/CNP0001565/zeamap/05_Epigenetics/DNA_Methylation/02_Sites/AMP_Methyl_sites/CIMBL148_methylC.bed.gz	maize_ZEAMAP/epigenome/dna_methylation/02_sites/AMP_Methyl_sites/CIMBL148_methylC.bed.gz	210.07MB
https://ftp.cngb.org/pub/CNSA/data3/CNP0001565/zeamap/05_Epigenetics/DNA_Methylation/02_Sites/AMP_Methyl_sites/CIMBL148_methylC.bed.gz.tbi	maize_ZEAMAP/epigenome/dna_methylation/02_sites/AMP_Methyl_sites/CIMBL148_methylC.bed.gz.tbi	1.10MB
https://ftp.cngb.org/pub/CNSA/data3/CNP0001565/zeamap/05_Epigenetics/DNA_Methylation/02_Sites/AMP_Methyl_sites/CIMBL14_methylC.bed.gz	maize_ZEAMAP/epigenome/dna_methylation/02_sites/AMP_Methyl_sites/CIMBL14_methylC.bed.gz	357.74MB
https://ftp.cngb.org/pub/CNSA/data3/CNP0001565/zeamap/05_Epigenetics/DNA_Methylation/02_Sites/AMP_Methyl_sites/CIMBL14_methylC.bed.gz.tbi	maize_ZEAMAP/epigenome/dna_methylation/02_sites/AMP_Methyl_sites/CIMBL14_methylC.bed.gz.tbi	1.23MB
https://ftp.cngb.org/pub/CNSA/data3/CNP0001565/zeamap/05_Epigenetics/DNA_Methylation/02_Sites/AMP_Methyl_sites/CIMBL150_methylC.bed.gz	maize_ZEAMAP/epigenome/dna_methylation/02_sites/AMP_Methyl_sites/CIMBL150_methylC.bed.gz	470.41MB
https://ftp.cngb.org/pub/CNSA/data3/CNP0001565/zeamap/05_Epigenetics/DNA_Methylation/02_Sites/AMP_Methyl_sites/CIMBL150_methylC.bed.gz.tbi	maize_ZEAMAP/epigenome/dna_methylation/02_sites/AMP_Methyl_sites/CIMBL150_methylC.bed.gz.tbi	1.30MB
https://ftp.cngb.org/pub/CNSA/data3/CNP0001565/zeamap/05_Epigenetics/DNA_Methylation/02_Sites/AMP_Methyl_sites/CIMBL151_methylC.bed.gz	maize_ZEAMAP/epigenome/dna_methylation/02_sites/AMP_Methyl_sites/CIMBL151_methylC.bed.gz	441.19MB
https://ftp.cngb.org/pub/CNSA/data3/CNP0001565/zeamap/05_Epigenetics/DNA_Methylation/02_Sites/AMP_Methyl_sites/CIMBL151_methylC.bed.gz.tbi	maize_ZEAMAP/epigenome/dna_methylation/02_sites/AMP_Methyl_sites/CIMBL151_methylC.bed.gz.tbi	1.28MB
https://ftp.cngb.org/pub/CNSA/data3/CNP0001565/zeamap/05_Epigenetics/DNA_Methylation/02_Sites/AMP_Methyl_sites/CIMBL152_methylC.bed.gz	maize_ZEAMAP/epigenome/dna_methylation/02_sites/AMP_Methyl_sites/CIMBL152_methylC.bed.gz	314.00MB
https://ftp.cngb.org/pub/CNSA/data3/CNP0001565/zeamap/05_Epigenetics/DNA_Methylation/02_Sites/AMP_Methyl_sites/CIMBL152_methylC.bed.gz.tbi	maize_ZEAMAP/epigenome/dna_methylation/02_sites/AMP_Methyl_sites/CIMBL152_methylC.bed.gz.tbi	1.19MB
https://ftp.cngb.org/pub/CNSA/data3/CNP0001565/zeamap/05_Epigenetics/DNA_Methylation/02_Sites/AMP_Methyl_sites/CIMBL154_methylC.bed.gz	maize_ZEAMAP/epigenome/dna_methylation/02_sites/AMP_Methyl_sites/CIMBL154_methylC.bed.gz	225.80MB
https://ftp.cngb.org/pub/CNSA/data3/CNP0001565/zeamap/05_Epigenetics/DNA_Methylation/02_Sites/AMP_Methyl_sites/CIMBL154_methylC.bed.gz.tbi	maize_ZEAMAP/epigenome/dna_methylation/02_sites/AMP_Methyl_sites/CIMBL154_methylC.bed.gz.tbi	1.12MB
https://ftp.cngb.org/pub/CNSA/data3/CNP0001565/zeamap/05_Epigenetics/DNA_Methylation/02_Sites/AMP_Methyl_sites/CIMBL155_methylC.bed.gz	maize_ZEAMAP/epigenome/dna_methylation/02_sites/AMP_Methyl_sites/CIMBL155_methylC.bed.gz	246.48MB
https://ftp.cngb.org/pub/CNSA/data3/CNP0001565/zeamap/05_Epigenetics/DNA_Methylation/02_Sites/AMP_Methyl_sites/CIMBL155_methylC.bed.gz.tbi	maize_ZEAMAP/epigenome/dna_methylation/02_sites/AMP_Methyl_sites/CIMBL155_methylC.bed.gz.tbi	1.14MB
https://ftp.cngb.org/pub/CNSA/data3/CNP0001565/zeamap/05_Epigenetics/DNA_Methylation/02_Sites/AMP_Methyl_sites/CIMBL17_methylC.bed.gz	maize_ZEAMAP/epigenome/dna_methylation/02_sites/AMP_Methyl_sites/CIMBL17_methylC.bed.gz	478.90MB
https://ftp.cngb.org/pub/CNSA/data3/CNP0001565/zeamap/05_Epigenetics/DNA_Methylation/02_Sites/AMP_Methyl_sites/CIMBL17_methylC.bed.gz.tbi	maize_ZEAMAP/epigenome/dna_methylation/02_sites/AMP_Methyl_sites/CIMBL17_methylC.bed.gz.tbi	1.30MB
https://ftp.cngb.org/pub/CNSA/data3/CNP0001565/zeamap/05_Epigenetics/DNA_Methylation/02_Sites/AMP_Methyl_sites/CIMBL18_methylC.bed.gz	maize_ZEAMAP/epigenome/dna_methylation/02_sites/AMP_Methyl_sites/CIMBL18_methylC.bed.gz	415.14MB
https://ftp.cngb.org/pub/CNSA/data3/CNP0001565/zeamap/05_Epigenetics/DNA_Methylation/02_Sites/AMP_Methyl_sites/CIMBL18_methylC.bed.gz.tbi	maize_ZEAMAP/epigenome/dna_methylation/02_sites/AMP_Methyl_sites/CIMBL18_methylC.bed.gz.tbi	1.27MB
https://ftp.cngb.org/pub/CNSA/data3/CNP0001565/zeamap/05_Epigenetics/DNA_Methylation/02_Sites/AMP_Methyl_sites/CIMBL20_methylC.bed.gz	maize_ZEAMAP/epigenome/dna_methylation/02_sites/AMP_Methyl_sites/CIMBL20_methylC.bed.gz	126.43MB
https://ftp.cngb.org/pub/CNSA/data3/CNP0001565/zeamap/05_Epigenetics/DNA_Methylation/02_Sites/AMP_Methyl_sites/CIMBL20_methylC.bed.gz.tbi	maize_ZEAMAP/epigenome/dna_methylation/02_sites/AMP_Methyl_sites/CIMBL20_methylC.bed.gz.tbi	977.05KB
https://ftp.cngb.org/pub/CNSA/data3/CNP0001565/zeamap/05_Epigenetics/DNA_Methylation/02_Sites/AMP_Methyl_sites/CIMBL22_methylC.bed.gz	maize_ZEAMAP/epigenome/dna_methylation/02_sites/AMP_Methyl_sites/CIMBL22_methylC.bed.gz	417.86MB
https://ftp.cngb.org/pub/CNSA/data3/CNP0001565/zeamap/05_Epigenetics/DNA_Methylation/02_Sites/AMP_Methyl_sites/CIMBL22_methylC.bed.gz.tbi	maize_ZEAMAP/epigenome/dna_methylation/02_sites/AMP_Methyl_sites/CIMBL22_methylC.bed.gz.tbi	1.26MB
https://ftp.cngb.org/pub/CNSA/data3/CNP0001565/zeamap/05_Epigenetics/DNA_Methylation/02_Sites/AMP_Methyl_sites/CIMBL23_methylC.bed.gz	maize_ZEAMAP/epigenome/dna_methylation/02_sites/AMP_Methyl_sites/CIMBL23_methylC.bed.gz	293.25MB
https://ftp.cngb.org/pub/CNSA/data3/CNP0001565/zeamap/05_Epigenetics/DNA_Methylation/02_Sites/AMP_Methyl_sites/CIMBL23_methylC.bed.gz.tbi	maize_ZEAMAP/epigenome/dna_methylation/02_sites/AMP_Methyl_sites/CIMBL23_methylC.bed.gz.tbi	1.18MB
https://ftp.cngb.org/pub/CNSA/data3/CNP0001565/zeamap/05_Epigenetics/DNA_Methylation/02_Sites/AMP_Methyl_sites/CIMBL25_methylC.bed.gz	maize_ZEAMAP/epigenome/dna_methylation/02_sites/AMP_Methyl_sites/CIMBL25_methylC.bed.gz	547.26MB
https://ftp.cngb.org/pub/CNSA/data3/CNP0001565/zeamap/05_Epigenetics/DNA_Methylation/02_Sites/AMP_Methyl_sites/CIMBL25_methylC.bed.gz.tbi	maize_ZEAMAP/epigenome/dna_methylation/02_sites/AMP_Methyl_sites/CIMBL25_methylC.bed.gz.tbi	1.34MB
https://ftp.cngb.org/pub/CNSA/data3/CNP0001565/zeamap/05_Epigenetics/DNA_Methylation/02_Sites/AMP_Methyl_sites/CIMBL28_methylC.bed.gz	maize_ZEAMAP/epigenome/dna_methylation/02_sites/AMP_Methyl_sites/CIMBL28_methylC.bed.gz	500.30MB
https://ftp.cngb.org/pub/CNSA/data3/CNP0001565/zeamap/05_Epigenetics/DNA_Methylation/02_Sites/AMP_Methyl_sites/CIMBL28_methylC.bed.gz.tbi	maize_ZEAMAP/epigenome/dna_methylation/02_sites/AMP_Methyl_sites/CIMBL28_methylC.bed.gz.tbi	1.32MB
https://ftp.cngb.org/pub/CNSA/data3/CNP0001565/zeamap/05_Epigenetics/DNA_Methylation/02_Sites/AMP_Methyl_sites/CIMBL29_methylC.bed.gz	maize_ZEAMAP/epigenome/dna_methylation/02_sites/AMP_Methyl_sites/CIMBL29_methylC.bed.gz	434.76MB
https://ftp.cngb.org/pub/CNSA/data3/CNP0001565/zeamap/05_Epigenetics/DNA_Methylation/02_Sites/AMP_Methyl_sites/CIMBL29_methylC.bed.gz.tbi	maize_ZEAMAP/epigenome/dna_methylation/02_sites/AMP_Methyl_sites/CIMBL29_methylC.bed.gz.tbi	1.28MB
https://ftp.cngb.org/pub/CNSA/data3/CNP0001565/zeamap/05_Epigenetics/DNA_Methylation/02_Sites/AMP_Methyl_sites/CIMBL2_methylC.bed.gz	maize_ZEAMAP/epigenome/dna_methylation/02_sites/AMP_Methyl_sites/CIMBL2_methylC.bed.gz	476.33MB
https://ftp.cngb.org/pub/CNSA/data3/CNP0001565/zeamap/05_Epigenetics/DNA_Methylation/02_Sites/AMP_Methyl_sites/CIMBL2_methylC.bed.gz.tbi	maize_ZEAMAP/epigenome/dna_methylation/02_sites/AMP_Methyl_sites/CIMBL2_methylC.bed.gz.tbi	1.31MB
https://ftp.cngb.org/pub/CNSA/data3/CNP0001565/zeamap/05_Epigenetics/DNA_Methylation/02_Sites/AMP_Methyl_sites/CIMBL33_methylC.bed.gz	maize_ZEAMAP/epigenome/dna_methylation/02_sites/AMP_Methyl_sites/CIMBL33_methylC.bed.gz	240.54MB
https://ftp.cngb.org/pub/CNSA/data3/CNP0001565/zeamap/05_Epigenetics/DNA_Methylation/02_Sites/AMP_Methyl_sites/CIMBL33_methylC.bed.gz.tbi	maize_ZEAMAP/epigenome/dna_methylation/02_sites/AMP_Methyl_sites/CIMBL33_methylC.bed.gz.tbi	1.13MB
https://ftp.cngb.org/pub/CNSA/data3/CNP0001565/zeamap/05_Epigenetics/DNA_Methylation/02_Sites/AMP_Methyl_sites/CIMBL37_methylC.bed.gz	maize_ZEAMAP/epigenome/dna_methylation/02_sites/AMP_Methyl_sites/CIMBL37_methylC.bed.gz	384.06MB
https://ftp.cngb.org/pub/CNSA/data3/CNP0001565/zeamap/05_Epigenetics/DNA_Methylation/02_Sites/AMP_Methyl_sites/CIMBL37_methylC.bed.gz.tbi	maize_ZEAMAP/epigenome/dna_methylation/02_sites/AMP_Methyl_sites/CIMBL37_methylC.bed.gz.tbi	1.25MB
https://ftp.cngb.org/pub/CNSA/data3/CNP0001565/zeamap/05_Epigenetics/DNA_Methylation/02_Sites/AMP_Methyl_sites/CIMBL39_methylC.bed.gz	maize_ZEAMAP/epigenome/dna_methylation/02_sites/AMP_Methyl_sites/CIMBL39_methylC.bed.gz	184.81MB
https://ftp.cngb.org/pub/CNSA/data3/CNP0001565/zeamap/05_Epigenetics/DNA_Methylation/02_Sites/AMP_Methyl_sites/CIMBL39_methylC.bed.gz.tbi	maize_ZEAMAP/epigenome/dna_methylation/02_sites/AMP_Methyl_sites/CIMBL39_methylC.bed.gz.tbi	1.06MB
https://ftp.cngb.org/pub/CNSA/data3/CNP0001565/zeamap/05_Epigenetics/DNA_Methylation/02_Sites/AMP_Methyl_sites/CIMBL3_methylC.bed.gz	maize_ZEAMAP/epigenome/dna_methylation/02_sites/AMP_Methyl_sites/CIMBL3_methylC.bed.gz	388.07MB
https://ftp.cngb.org/pub/CNSA/data3/CNP0001565/zeamap/05_Epigenetics/DNA_Methylation/02_Sites/AMP_Methyl_sites/CIMBL3_methylC.bed.gz.tbi	maize_ZEAMAP/epigenome/dna_methylation/02_sites/AMP_Methyl_sites/CIMBL3_methylC.bed.gz.tbi	1.26MB
https://ftp.cngb.org/pub/CNSA/data3/CNP0001565/zeamap/05_Epigenetics/DNA_Methylation/02_Sites/AMP_Methyl_sites/CIMBL40_methylC.bed.gz	maize_ZEAMAP/epigenome/dna_methylation/02_sites/AMP_Methyl_sites/CIMBL40_methylC.bed.gz	495.91MB
https://ftp.cngb.org/pub/CNSA/data3/CNP0001565/zeamap/05_Epigenetics/DNA_Methylation/02_Sites/AMP_Methyl_sites/CIMBL40_methylC.bed.gz.tbi	maize_ZEAMAP/epigenome/dna_methylation/02_sites/AMP_Methyl_sites/CIMBL40_methylC.bed.gz.tbi	1.31MB
https://ftp.cngb.org/pub/CNSA/data3/CNP0001565/zeamap/05_Epigenetics/DNA_Methylation/02_Sites/AMP_Methyl_sites/CIMBL41_methylC.bed.gz	maize_ZEAMAP/epigenome/dna_methylation/02_sites/AMP_Methyl_sites/CIMBL41_methylC.bed.gz	292.48MB
https://ftp.cngb.org/pub/CNSA/data3/CNP0001565/zeamap/05_Epigenetics/DNA_Methylation/02_Sites/AMP_Methyl_sites/CIMBL41_methylC.bed.gz.tbi	maize_ZEAMAP/epigenome/dna_methylation/02_sites/AMP_Methyl_sites/CIMBL41_methylC.bed.gz.tbi	1.18MB
https://ftp.cngb.org/pub/CNSA/data3/CNP0001565/zeamap/05_Epigenetics/DNA_Methylation/02_Sites/AMP_Methyl_sites/CIMBL42_methylC.bed.gz	maize_ZEAMAP/epigenome/dna_methylation/02_sites/AMP_Methyl_sites/CIMBL42_methylC.bed.gz	510.96MB
https://ftp.cngb.org/pub/CNSA/data3/CNP0001565/zeamap/05_Epigenetics/DNA_Methylation/02_Sites/AMP_Methyl_sites/CIMBL42_methylC.bed.gz.tbi	maize_ZEAMAP/epigenome/dna_methylation/02_sites/AMP_Methyl_sites/CIMBL42_methylC.bed.gz.tbi	1.32MB
https://ftp.cngb.org/pub/CNSA/data3/CNP0001565/zeamap/05_Epigenetics/DNA_Methylation/02_Sites/AMP_Methyl_sites/CIMBL43_methylC.bed.gz	maize_ZEAMAP/epigenome/dna_methylation/02_sites/AMP_Methyl_sites/CIMBL43_methylC.bed.gz	482.45MB
https://ftp.cngb.org/pub/CNSA/data3/CNP0001565/zeamap/05_Epigenetics/DNA_Methylation/02_Sites/AMP_Methyl_sites/CIMBL43_methylC.bed.gz.tbi	maize_ZEAMAP/epigenome/dna_methylation/02_sites/AMP_Methyl_sites/CIMBL43_methylC.bed.gz.tbi	1.31MB
https://ftp.cngb.org/pub/CNSA/data3/CNP0001565/zeamap/05_Epigenetics/DNA_Methylation/02_Sites/AMP_Methyl_sites/CIMBL44_methylC.bed.gz	maize_ZEAMAP/epigenome/dna_methylation/02_sites/AMP_Methyl_sites/CIMBL44_methylC.bed.gz	451.79MB
https://ftp.cngb.org/pub/CNSA/data3/CNP0001565/zeamap/05_Epigenetics/DNA_Methylation/02_Sites/AMP_Methyl_sites/CIMBL44_methylC.bed.gz.tbi	maize_ZEAMAP/epigenome/dna_methylation/02_sites/AMP_Methyl_sites/CIMBL44_methylC.bed.gz.tbi	1.29MB
https://ftp.cngb.org/pub/CNSA/data3/CNP0001565/zeamap/05_Epigenetics/DNA_Methylation/02_Sites/AMP_Methyl_sites/CIMBL48_methylC.bed.gz	maize_ZEAMAP/epigenome/dna_methylation/02_sites/AMP_Methyl_sites/CIMBL48_methylC.bed.gz	244.22MB
https://ftp.cngb.org/pub/CNSA/data3/CNP0001565/zeamap/05_Epigenetics/DNA_Methylation/02_Sites/AMP_Methyl_sites/CIMBL48_methylC.bed.gz.tbi	maize_ZEAMAP/epigenome/dna_methylation/02_sites/AMP_Methyl_sites/CIMBL48_methylC.bed.gz.tbi	1.13MB
https://ftp.cngb.org/pub/CNSA/data3/CNP0001565/zeamap/05_Epigenetics/DNA_Methylation/02_Sites/AMP_Methyl_sites/CIMBL49_methylC.bed.gz	maize_ZEAMAP/epigenome/dna_methylation/02_sites/AMP_Methyl_sites/CIMBL49_methylC.bed.gz	528.50MB
https://ftp.cngb.org/pub/CNSA/data3/CNP0001565/zeamap/05_Epigenetics/DNA_Methylation/02_Sites/AMP_Methyl_sites/CIMBL49_methylC.bed.gz.tbi	maize_ZEAMAP/epigenome/dna_methylation/02_sites/AMP_Methyl_sites/CIMBL49_methylC.bed.gz.tbi	1.33MB
https://ftp.cngb.org/pub/CNSA/data3/CNP0001565/zeamap/05_Epigenetics/DNA_Methylation/02_Sites/AMP_Methyl_sites/CIMBL4_methylC.bed.gz	maize_ZEAMAP/epigenome/dna_methylation/02_sites/AMP_Methyl_sites/CIMBL4_methylC.bed.gz	368.67MB
https://ftp.cngb.org/pub/CNSA/data3/CNP0001565/zeamap/05_Epigenetics/DNA_Methylation/02_Sites/AMP_Methyl_sites/CIMBL4_methylC.bed.gz.tbi	maize_ZEAMAP/epigenome/dna_methylation/02_sites/AMP_Methyl_sites/CIMBL4_methylC.bed.gz.tbi	1.25MB
https://ftp.cngb.org/pub/CNSA/data3/CNP0001565/zeamap/05_Epigenetics/DNA_Methylation/02_Sites/AMP_Methyl_sites/CIMBL51_methylC.bed.gz	maize_ZEAMAP/epigenome/dna_methylation/02_sites/AMP_Methyl_sites/CIMBL51_methylC.bed.gz	378.57MB
https://ftp.cngb.org/pub/CNSA/data3/CNP0001565/zeamap/05_Epigenetics/DNA_Methylation/02_Sites/AMP_Methyl_sites/CIMBL51_methylC.bed.gz.tbi	maize_ZEAMAP/epigenome/dna_methylation/02_sites/AMP_Methyl_sites/CIMBL51_methylC.bed.gz.tbi	1.25MB
https://ftp.cngb.org/pub/CNSA/data3/CNP0001565/zeamap/05_Epigenetics/DNA_Methylation/02_Sites/AMP_Methyl_sites/CIMBL53_methylC.bed.gz	maize_ZEAMAP/epigenome/dna_methylation/02_sites/AMP_Methyl_sites/CIMBL53_methylC.bed.gz	431.65MB
https://ftp.cngb.org/pub/CNSA/data3/CNP0001565/zeamap/05_Epigenetics/DNA_Methylation/02_Sites/AMP_Methyl_sites/CIMBL53_methylC.bed.gz.tbi	maize_ZEAMAP/epigenome/dna_methylation/02_sites/AMP_Methyl_sites/CIMBL53_methylC.bed.gz.tbi	1.27MB
https://ftp.cngb.org/pub/CNSA/data3/CNP0001565/zeamap/05_Epigenetics/DNA_Methylation/02_Sites/AMP_Methyl_sites/CIMBL56_methylC.bed.gz	maize_ZEAMAP/epigenome/dna_methylation/02_sites/AMP_Methyl_sites/CIMBL56_methylC.bed.gz	395.70MB
https://ftp.cngb.org/pub/CNSA/data3/CNP0001565/zeamap/05_Epigenetics/DNA_Methylation/02_Sites/AMP_Methyl_sites/CIMBL56_methylC.bed.gz.tbi	maize_ZEAMAP/epigenome/dna_methylation/02_sites/AMP_Methyl_sites/CIMBL56_methylC.bed.gz.tbi	1.26MB
https://ftp.cngb.org/pub/CNSA/data3/CNP0001565/zeamap/05_Epigenetics/DNA_Methylation/02_Sites/AMP_Methyl_sites/CIMBL60_methylC.bed.gz	maize_ZEAMAP/epigenome/dna_methylation/02_sites/AMP_Methyl_sites/CIMBL60_methylC.bed.gz	242.56MB
https://ftp.cngb.org/pub/CNSA/data3/CNP0001565/zeamap/05_Epigenetics/DNA_Methylation/02_Sites/AMP_Methyl_sites/CIMBL60_methylC.bed.gz.tbi	maize_ZEAMAP/epigenome/dna_methylation/02_sites/AMP_Methyl_sites/CIMBL60_methylC.bed.gz.tbi	1.12MB
https://ftp.cngb.org/pub/CNSA/data3/CNP0001565/zeamap/05_Epigenetics/DNA_Methylation/02_Sites/AMP_Methyl_sites/CIMBL63_methylC.bed.gz	maize_ZEAMAP/epigenome/dna_methylation/02_sites/AMP_Methyl_sites/CIMBL63_methylC.bed.gz	428.26MB
https://ftp.cngb.org/pub/CNSA/data3/CNP0001565/zeamap/05_Epigenetics/DNA_Methylation/02_Sites/AMP_Methyl_sites/CIMBL63_methylC.bed.gz.tbi	maize_ZEAMAP/epigenome/dna_methylation/02_sites/AMP_Methyl_sites/CIMBL63_methylC.bed.gz.tbi	1.28MB
https://ftp.cngb.org/pub/CNSA/data3/CNP0001565/zeamap/05_Epigenetics/DNA_Methylation/02_Sites/AMP_Methyl_sites/CIMBL66_methylC.bed.gz	maize_ZEAMAP/epigenome/dna_methylation/02_sites/AMP_Methyl_sites/CIMBL66_methylC.bed.gz	452.06MB
https://ftp.cngb.org/pub/CNSA/data3/CNP0001565/zeamap/05_Epigenetics/DNA_Methylation/02_Sites/AMP_Methyl_sites/CIMBL66_methylC.bed.gz.tbi	maize_ZEAMAP/epigenome/dna_methylation/02_sites/AMP_Methyl_sites/CIMBL66_methylC.bed.gz.tbi	1.29MB
https://ftp.cngb.org/pub/CNSA/data3/CNP0001565/zeamap/05_Epigenetics/DNA_Methylation/02_Sites/AMP_Methyl_sites/CIMBL68_methylC.bed.gz	maize_ZEAMAP/epigenome/dna_methylation/02_sites/AMP_Methyl_sites/CIMBL68_methylC.bed.gz	398.81MB
https://ftp.cngb.org/pub/CNSA/data3/CNP0001565/zeamap/05_Epigenetics/DNA_Methylation/02_Sites/AMP_Methyl_sites/CIMBL68_methylC.bed.gz.tbi	maize_ZEAMAP/epigenome/dna_methylation/02_sites/AMP_Methyl_sites/CIMBL68_methylC.bed.gz.tbi	1.26MB
https://ftp.cngb.org/pub/CNSA/data3/CNP0001565/zeamap/05_Epigenetics/DNA_Methylation/02_Sites/AMP_Methyl_sites/CIMBL69_methylC.bed.gz	maize_ZEAMAP/epigenome/dna_methylation/02_sites/AMP_Methyl_sites/CIMBL69_methylC.bed.gz	402.27MB
https://ftp.cngb.org/pub/CNSA/data3/CNP0001565/zeamap/05_Epigenetics/DNA_Methylation/02_Sites/AMP_Methyl_sites/CIMBL69_methylC.bed.gz.tbi	maize_ZEAMAP/epigenome/dna_methylation/02_sites/AMP_Methyl_sites/CIMBL69_methylC.bed.gz.tbi	1.26MB
https://ftp.cngb.org/pub/CNSA/data3/CNP0001565/zeamap/05_Epigenetics/DNA_Methylation/02_Sites/AMP_Methyl_sites/CIMBL70_methylC.bed.gz	maize_ZEAMAP/epigenome/dna_methylation/02_sites/AMP_Methyl_sites/CIMBL70_methylC.bed.gz	324.68MB
https://ftp.cngb.org/pub/CNSA/data3/CNP0001565/zeamap/05_Epigenetics/DNA_Methylation/02_Sites/AMP_Methyl_sites/CIMBL70_methylC.bed.gz.tbi	maize_ZEAMAP/epigenome/dna_methylation/02_sites/AMP_Methyl_sites/CIMBL70_methylC.bed.gz.tbi	1.22MB
https://ftp.cngb.org/pub/CNSA/data3/CNP0001565/zeamap/05_Epigenetics/DNA_Methylation/02_Sites/AMP_Methyl_sites/CIMBL71_methylC.bed.gz	maize_ZEAMAP/epigenome/dna_methylation/02_sites/AMP_Methyl_sites/CIMBL71_methylC.bed.gz	312.96MB
https://ftp.cngb.org/pub/CNSA/data3/CNP0001565/zeamap/05_Epigenetics/DNA_Methylation/02_Sites/AMP_Methyl_sites/CIMBL71_methylC.bed.gz.tbi	maize_ZEAMAP/epigenome/dna_methylation/02_sites/AMP_Methyl_sites/CIMBL71_methylC.bed.gz.tbi	1.19MB
https://ftp.cngb.org/pub/CNSA/data3/CNP0001565/zeamap/05_Epigenetics/DNA_Methylation/02_Sites/AMP_Methyl_sites/CIMBL72_methylC.bed.gz	maize_ZEAMAP/epigenome/dna_methylation/02_sites/AMP_Methyl_sites/CIMBL72_methylC.bed.gz	270.62MB
https://ftp.cngb.org/pub/CNSA/data3/CNP0001565/zeamap/05_Epigenetics/DNA_Methylation/02_Sites/AMP_Methyl_sites/CIMBL72_methylC.bed.gz.tbi	maize_ZEAMAP/epigenome/dna_methylation/02_sites/AMP_Methyl_sites/CIMBL72_methylC.bed.gz.tbi	1.15MB
https://ftp.cngb.org/pub/CNSA/data3/CNP0001565/zeamap/05_Epigenetics/DNA_Methylation/02_Sites/AMP_Methyl_sites/CIMBL74_methylC.bed.gz	maize_ZEAMAP/epigenome/dna_methylation/02_sites/AMP_Methyl_sites/CIMBL74_methylC.bed.gz	424.35MB
https://ftp.cngb.org/pub/CNSA/data3/CNP0001565/zeamap/05_Epigenetics/DNA_Methylation/02_Sites/AMP_Methyl_sites/CIMBL74_methylC.bed.gz.tbi	maize_ZEAMAP/epigenome/dna_methylation/02_sites/AMP_Methyl_sites/CIMBL74_methylC.bed.gz.tbi	1.27MB
https://ftp.cngb.org/pub/CNSA/data3/CNP0001565/zeamap/05_Epigenetics/DNA_Methylation/02_Sites/AMP_Methyl_sites/CIMBL75_methylC.bed.gz	maize_ZEAMAP/epigenome/dna_methylation/02_sites/AMP_Methyl_sites/CIMBL75_methylC.bed.gz	514.97MB
https://ftp.cngb.org/pub/CNSA/data3/CNP0001565/zeamap/05_Epigenetics/DNA_Methylation/02_Sites/AMP_Methyl_sites/CIMBL75_methylC.bed.gz.tbi	maize_ZEAMAP/epigenome/dna_methylation/02_sites/AMP_Methyl_sites/CIMBL75_methylC.bed.gz.tbi	1.32MB
https://ftp.cngb.org/pub/CNSA/data3/CNP0001565/zeamap/05_Epigenetics/DNA_Methylation/02_Sites/AMP_Methyl_sites/CIMBL76_methylC.bed.gz	maize_ZEAMAP/epigenome/dna_methylation/02_sites/AMP_Methyl_sites/CIMBL76_methylC.bed.gz	251.73MB
https://ftp.cngb.org/pub/CNSA/data3/CNP0001565/zeamap/05_Epigenetics/DNA_Methylation/02_Sites/AMP_Methyl_sites/CIMBL76_methylC.bed.gz.tbi	maize_ZEAMAP/epigenome/dna_methylation/02_sites/AMP_Methyl_sites/CIMBL76_methylC.bed.gz.tbi	1.16MB
https://ftp.cngb.org/pub/CNSA/data3/CNP0001565/zeamap/05_Epigenetics/DNA_Methylation/02_Sites/AMP_Methyl_sites/CIMBL77_methylC.bed.gz	maize_ZEAMAP/epigenome/dna_methylation/02_sites/AMP_Methyl_sites/CIMBL77_methylC.bed.gz	449.79MB
https://ftp.cngb.org/pub/CNSA/data3/CNP0001565/zeamap/05_Epigenetics/DNA_Methylation/02_Sites/AMP_Methyl_sites/CIMBL77_methylC.bed.gz.tbi	maize_ZEAMAP/epigenome/dna_methylation/02_sites/AMP_Methyl_sites/CIMBL77_methylC.bed.gz.tbi	1.29MB
https://ftp.cngb.org/pub/CNSA/data3/CNP0001565/zeamap/05_Epigenetics/DNA_Methylation/02_Sites/AMP_Methyl_sites/CIMBL7_methylC.bed.gz	maize_ZEAMAP/epigenome/dna_methylation/02_sites/AMP_Methyl_sites/CIMBL7_methylC.bed.gz	510.22MB
https://ftp.cngb.org/pub/CNSA/data3/CNP0001565/zeamap/05_Epigenetics/DNA_Methylation/02_Sites/AMP_Methyl_sites/CIMBL7_methylC.bed.gz.tbi	maize_ZEAMAP/epigenome/dna_methylation/02_sites/AMP_Methyl_sites/CIMBL7_methylC.bed.gz.tbi	1.32MB
https://ftp.cngb.org/pub/CNSA/data3/CNP0001565/zeamap/05_Epigenetics/DNA_Methylation/02_Sites/AMP_Methyl_sites/CIMBL82_methylC.bed.gz	maize_ZEAMAP/epigenome/dna_methylation/02_sites/AMP_Methyl_sites/CIMBL82_methylC.bed.gz	258.30MB
https://ftp.cngb.org/pub/CNSA/data3/CNP0001565/zeamap/05_Epigenetics/DNA_Methylation/02_Sites/AMP_Methyl_sites/CIMBL82_methylC.bed.gz.tbi	maize_ZEAMAP/epigenome/dna_methylation/02_sites/AMP_Methyl_sites/CIMBL82_methylC.bed.gz.tbi	1.16MB
https://ftp.cngb.org/pub/CNSA/data3/CNP0001565/zeamap/05_Epigenetics/DNA_Methylation/02_Sites/AMP_Methyl_sites/CIMBL83_methylC.bed.gz	maize_ZEAMAP/epigenome/dna_methylation/02_sites/AMP_Methyl_sites/CIMBL83_methylC.bed.gz	567.19MB
https://ftp.cngb.org/pub/CNSA/data3/CNP0001565/zeamap/05_Epigenetics/DNA_Methylation/02_Sites/AMP_Methyl_sites/CIMBL83_methylC.bed.gz.tbi	maize_ZEAMAP/epigenome/dna_methylation/02_sites/AMP_Methyl_sites/CIMBL83_methylC.bed.gz.tbi	1.35MB
https://ftp.cngb.org/pub/CNSA/data3/CNP0001565/zeamap/05_Epigenetics/DNA_Methylation/02_Sites/AMP_Methyl_sites/CIMBL86_methylC.bed.gz	maize_ZEAMAP/epigenome/dna_methylation/02_sites/AMP_Methyl_sites/CIMBL86_methylC.bed.gz	427.76MB
https://ftp.cngb.org/pub/CNSA/data3/CNP0001565/zeamap/05_Epigenetics/DNA_Methylation/02_Sites/AMP_Methyl_sites/CIMBL86_methylC.bed.gz.tbi	maize_ZEAMAP/epigenome/dna_methylation/02_sites/AMP_Methyl_sites/CIMBL86_methylC.bed.gz.tbi	1.28MB
https://ftp.cngb.org/pub/CNSA/data3/CNP0001565/zeamap/05_Epigenetics/DNA_Methylation/02_Sites/AMP_Methyl_sites/CIMBL88_methylC.bed.gz	maize_ZEAMAP/epigenome/dna_methylation/02_sites/AMP_Methyl_sites/CIMBL88_methylC.bed.gz	465.82MB
https://ftp.cngb.org/pub/CNSA/data3/CNP0001565/zeamap/05_Epigenetics/DNA_Methylation/02_Sites/AMP_Methyl_sites/CIMBL88_methylC.bed.gz.tbi	maize_ZEAMAP/epigenome/dna_methylation/02_sites/AMP_Methyl_sites/CIMBL88_methylC.bed.gz.tbi	1.29MB
https://ftp.cngb.org/pub/CNSA/data3/CNP0001565/zeamap/05_Epigenetics/DNA_Methylation/02_Sites/AMP_Methyl_sites/CIMBL8_methylC.bed.gz	maize_ZEAMAP/epigenome/dna_methylation/02_sites/AMP_Methyl_sites/CIMBL8_methylC.bed.gz	467.92MB
https://ftp.cngb.org/pub/CNSA/data3/CNP0001565/zeamap/05_Epigenetics/DNA_Methylation/02_Sites/AMP_Methyl_sites/CIMBL8_methylC.bed.gz.tbi	maize_ZEAMAP/epigenome/dna_methylation/02_sites/AMP_Methyl_sites/CIMBL8_methylC.bed.gz.tbi	1.30MB
https://ftp.cngb.org/pub/CNSA/data3/CNP0001565/zeamap/05_Epigenetics/DNA_Methylation/02_Sites/AMP_Methyl_sites/CIMBL91_methylC.bed.gz	maize_ZEAMAP/epigenome/dna_methylation/02_sites/AMP_Methyl_sites/CIMBL91_methylC.bed.gz	250.45MB
https://ftp.cngb.org/pub/CNSA/data3/CNP0001565/zeamap/05_Epigenetics/DNA_Methylation/02_Sites/AMP_Methyl_sites/CIMBL91_methylC.bed.gz.tbi	maize_ZEAMAP/epigenome/dna_methylation/02_sites/AMP_Methyl_sites/CIMBL91_methylC.bed.gz.tbi	1.16MB
https://ftp.cngb.org/pub/CNSA/data3/CNP0001565/zeamap/05_Epigenetics/DNA_Methylation/02_Sites/AMP_Methyl_sites/CIMBL92_methylC.bed.gz	maize_ZEAMAP/epigenome/dna_methylation/02_sites/AMP_Methyl_sites/CIMBL92_methylC.bed.gz	428.95MB
https://ftp.cngb.org/pub/CNSA/data3/CNP0001565/zeamap/05_Epigenetics/DNA_Methylation/02_Sites/AMP_Methyl_sites/CIMBL92_methylC.bed.gz.tbi	maize_ZEAMAP/epigenome/dna_methylation/02_sites/AMP_Methyl_sites/CIMBL92_methylC.bed.gz.tbi	1.28MB
https://ftp.cngb.org/pub/CNSA/data3/CNP0001565/zeamap/05_Epigenetics/DNA_Methylation/02_Sites/AMP_Methyl_sites/CIMBL94_methylC.bed.gz	maize_ZEAMAP/epigenome/dna_methylation/02_sites/AMP_Methyl_sites/CIMBL94_methylC.bed.gz	508.07MB
https://ftp.cngb.org/pub/CNSA/data3/CNP0001565/zeamap/05_Epigenetics/DNA_Methylation/02_Sites/AMP_Methyl_sites/CIMBL94_methylC.bed.gz.tbi	maize_ZEAMAP/epigenome/dna_methylation/02_sites/AMP_Methyl_sites/CIMBL94_methylC.bed.gz.tbi	1.32MB
https://ftp.cngb.org/pub/CNSA/data3/CNP0001565/zeamap/05_Epigenetics/DNA_Methylation/02_Sites/AMP_Methyl_sites/CIMBL95_methylC.bed.gz	maize_ZEAMAP/epigenome/dna_methylation/02_sites/AMP_Methyl_sites/CIMBL95_methylC.bed.gz	546.84MB
https://ftp.cngb.org/pub/CNSA/data3/CNP0001565/zeamap/05_Epigenetics/DNA_Methylation/02_Sites/AMP_Methyl_sites/CIMBL95_methylC.bed.gz.tbi	maize_ZEAMAP/epigenome/dna_methylation/02_sites/AMP_Methyl_sites/CIMBL95_methylC.bed.gz.tbi	1.34MB
https://ftp.cngb.org/pub/CNSA/data3/CNP0001565/zeamap/05_Epigenetics/DNA_Methylation/02_Sites/AMP_Methyl_sites/CIMBL96_methylC.bed.gz	maize_ZEAMAP/epigenome/dna_methylation/02_sites/AMP_Methyl_sites/CIMBL96_methylC.bed.gz	445.89MB
https://ftp.cngb.org/pub/CNSA/data3/CNP0001565/zeamap/05_Epigenetics/DNA_Methylation/02_Sites/AMP_Methyl_sites/CIMBL96_methylC.bed.gz.tbi	maize_ZEAMAP/epigenome/dna_methylation/02_sites/AMP_Methyl_sites/CIMBL96_methylC.bed.gz.tbi	1.28MB
https://ftp.cngb.org/pub/CNSA/data3/CNP0001565/zeamap/05_Epigenetics/DNA_Methylation/02_Sites/AMP_Methyl_sites/CIMBL99_methylC.bed.gz	maize_ZEAMAP/epigenome/dna_methylation/02_sites/AMP_Methyl_sites/CIMBL99_methylC.bed.gz	460.19MB
https://ftp.cngb.org/pub/CNSA/data3/CNP0001565/zeamap/05_Epigenetics/DNA_Methylation/02_Sites/AMP_Methyl_sites/CIMBL99_methylC.bed.gz.tbi	maize_ZEAMAP/epigenome/dna_methylation/02_sites/AMP_Methyl_sites/CIMBL99_methylC.bed.gz.tbi	1.29MB
https://ftp.cngb.org/pub/CNSA/data3/CNP0001565/zeamap/05_Epigenetics/DNA_Methylation/02_Sites/AMP_Methyl_sites/CIMBL9_methylC.bed.gz	maize_ZEAMAP/epigenome/dna_methylation/02_sites/AMP_Methyl_sites/CIMBL9_methylC.bed.gz	531.49MB
https://ftp.cngb.org/pub/CNSA/data3/CNP0001565/zeamap/05_Epigenetics/DNA_Methylation/02_Sites/AMP_Methyl_sites/CIMBL9_methylC.bed.gz.tbi	maize_ZEAMAP/epigenome/dna_methylation/02_sites/AMP_Methyl_sites/CIMBL9_methylC.bed.gz.tbi	1.32MB
https://ftp.cngb.org/pub/CNSA/data3/CNP0001565/zeamap/05_Epigenetics/DNA_Methylation/02_Sites/AMP_Methyl_sites/CML114_methylC.bed.gz	maize_ZEAMAP/epigenome/dna_methylation/02_sites/AMP_Methyl_sites/CML114_methylC.bed.gz	452.17MB
https://ftp.cngb.org/pub/CNSA/data3/CNP0001565/zeamap/05_Epigenetics/DNA_Methylation/02_Sites/AMP_Methyl_sites/CML114_methylC.bed.gz.tbi	maize_ZEAMAP/epigenome/dna_methylation/02_sites/AMP_Methyl_sites/CML114_methylC.bed.gz.tbi	1.29MB
https://ftp.cngb.org/pub/CNSA/data3/CNP0001565/zeamap/05_Epigenetics/DNA_Methylation/02_Sites/AMP_Methyl_sites/CML121_methylC.bed.gz	maize_ZEAMAP/epigenome/dna_methylation/02_sites/AMP_Methyl_sites/CML121_methylC.bed.gz	268.65MB
https://ftp.cngb.org/pub/CNSA/data3/CNP0001565/zeamap/05_Epigenetics/DNA_Methylation/02_Sites/AMP_Methyl_sites/CML121_methylC.bed.gz.tbi	maize_ZEAMAP/epigenome/dna_methylation/02_sites/AMP_Methyl_sites/CML121_methylC.bed.gz.tbi	1.15MB
https://ftp.cngb.org/pub/CNSA/data3/CNP0001565/zeamap/05_Epigenetics/DNA_Methylation/02_Sites/AMP_Methyl_sites/CML122_methylC.bed.gz	maize_ZEAMAP/epigenome/dna_methylation/02_sites/AMP_Methyl_sites/CML122_methylC.bed.gz	492.62MB
https://ftp.cngb.org/pub/CNSA/data3/CNP0001565/zeamap/05_Epigenetics/DNA_Methylation/02_Sites/AMP_Methyl_sites/CML122_methylC.bed.gz.tbi	maize_ZEAMAP/epigenome/dna_methylation/02_sites/AMP_Methyl_sites/CML122_methylC.bed.gz.tbi	1.32MB
https://ftp.cngb.org/pub/CNSA/data3/CNP0001565/zeamap/05_Epigenetics/DNA_Methylation/02_Sites/AMP_Methyl_sites/CML130_methylC.bed.gz	maize_ZEAMAP/epigenome/dna_methylation/02_sites/AMP_Methyl_sites/CML130_methylC.bed.gz	219.16MB
https://ftp.cngb.org/pub/CNSA/data3/CNP0001565/zeamap/05_Epigenetics/DNA_Methylation/02_Sites/AMP_Methyl_sites/CML130_methylC.bed.gz.tbi	maize_ZEAMAP/epigenome/dna_methylation/02_sites/AMP_Methyl_sites/CML130_methylC.bed.gz.tbi	1.10MB
https://ftp.cngb.org/pub/CNSA/data3/CNP0001565/zeamap/05_Epigenetics/DNA_Methylation/02_Sites/AMP_Methyl_sites/CML134_methylC.bed.gz	maize_ZEAMAP/epigenome/dna_methylation/02_sites/AMP_Methyl_sites/CML134_methylC.bed.gz	360.33MB
https://ftp.cngb.org/pub/CNSA/data3/CNP0001565/zeamap/05_Epigenetics/DNA_Methylation/02_Sites/AMP_Methyl_sites/CML134_methylC.bed.gz.tbi	maize_ZEAMAP/epigenome/dna_methylation/02_sites/AMP_Methyl_sites/CML134_methylC.bed.gz.tbi	1.22MB
https://ftp.cngb.org/pub/CNSA/data3/CNP0001565/zeamap/05_Epigenetics/DNA_Methylation/02_Sites/AMP_Methyl_sites/CML139_methylC.bed.gz	maize_ZEAMAP/epigenome/dna_methylation/02_sites/AMP_Methyl_sites/CML139_methylC.bed.gz	490.99MB
https://ftp.cngb.org/pub/CNSA/data3/CNP0001565/zeamap/05_Epigenetics/DNA_Methylation/02_Sites/AMP_Methyl_sites/CML139_methylC.bed.gz.tbi	maize_ZEAMAP/epigenome/dna_methylation/02_sites/AMP_Methyl_sites/CML139_methylC.bed.gz.tbi	1.31MB
https://ftp.cngb.org/pub/CNSA/data3/CNP0001565/zeamap/05_Epigenetics/DNA_Methylation/02_Sites/AMP_Methyl_sites/CML162_methylC.bed.gz	maize_ZEAMAP/epigenome/dna_methylation/02_sites/AMP_Methyl_sites/CML162_methylC.bed.gz	305.12MB
https://ftp.cngb.org/pub/CNSA/data3/CNP0001565/zeamap/05_Epigenetics/DNA_Methylation/02_Sites/AMP_Methyl_sites/CML162_methylC.bed.gz.tbi	maize_ZEAMAP/epigenome/dna_methylation/02_sites/AMP_Methyl_sites/CML162_methylC.bed.gz.tbi	1.18MB
https://ftp.cngb.org/pub/CNSA/data3/CNP0001565/zeamap/05_Epigenetics/DNA_Methylation/02_Sites/AMP_Methyl_sites/CML163_methylC.bed.gz	maize_ZEAMAP/epigenome/dna_methylation/02_sites/AMP_Methyl_sites/CML163_methylC.bed.gz	498.58MB
https://ftp.cngb.org/pub/CNSA/data3/CNP0001565/zeamap/05_Epigenetics/DNA_Methylation/02_Sites/AMP_Methyl_sites/CML163_methylC.bed.gz.tbi	maize_ZEAMAP/epigenome/dna_methylation/02_sites/AMP_Methyl_sites/CML163_methylC.bed.gz.tbi	1.31MB
https://ftp.cngb.org/pub/CNSA/data3/CNP0001565/zeamap/05_Epigenetics/DNA_Methylation/02_Sites/AMP_Methyl_sites/CML166_methylC.bed.gz	maize_ZEAMAP/epigenome/dna_methylation/02_sites/AMP_Methyl_sites/CML166_methylC.bed.gz	210.65MB
https://ftp.cngb.org/pub/CNSA/data3/CNP0001565/zeamap/05_Epigenetics/DNA_Methylation/02_Sites/AMP_Methyl_sites/CML166_methylC.bed.gz.tbi	maize_ZEAMAP/epigenome/dna_methylation/02_sites/AMP_Methyl_sites/CML166_methylC.bed.gz.tbi	1.10MB
https://ftp.cngb.org/pub/CNSA/data3/CNP0001565/zeamap/05_Epigenetics/DNA_Methylation/02_Sites/AMP_Methyl_sites/CML168_methylC.bed.gz	maize_ZEAMAP/epigenome/dna_methylation/02_sites/AMP_Methyl_sites/CML168_methylC.bed.gz	235.59MB
https://ftp.cngb.org/pub/CNSA/data3/CNP0001565/zeamap/05_Epigenetics/DNA_Methylation/02_Sites/AMP_Methyl_sites/CML168_methylC.bed.gz.tbi	maize_ZEAMAP/epigenome/dna_methylation/02_sites/AMP_Methyl_sites/CML168_methylC.bed.gz.tbi	1.13MB
https://ftp.cngb.org/pub/CNSA/data3/CNP0001565/zeamap/05_Epigenetics/DNA_Methylation/02_Sites/AMP_Methyl_sites/CML170_methylC.bed.gz	maize_ZEAMAP/epigenome/dna_methylation/02_sites/AMP_Methyl_sites/CML170_methylC.bed.gz	385.90MB
https://ftp.cngb.org/pub/CNSA/data3/CNP0001565/zeamap/05_Epigenetics/DNA_Methylation/02_Sites/AMP_Methyl_sites/CML170_methylC.bed.gz.tbi	maize_ZEAMAP/epigenome/dna_methylation/02_sites/AMP_Methyl_sites/CML170_methylC.bed.gz.tbi	1.24MB
https://ftp.cngb.org/pub/CNSA/data3/CNP0001565/zeamap/05_Epigenetics/DNA_Methylation/02_Sites/AMP_Methyl_sites/CML171_methylC.bed.gz	maize_ZEAMAP/epigenome/dna_methylation/02_sites/AMP_Methyl_sites/CML171_methylC.bed.gz	479.31MB
https://ftp.cngb.org/pub/CNSA/data3/CNP0001565/zeamap/05_Epigenetics/DNA_Methylation/02_Sites/AMP_Methyl_sites/CML171_methylC.bed.gz.tbi	maize_ZEAMAP/epigenome/dna_methylation/02_sites/AMP_Methyl_sites/CML171_methylC.bed.gz.tbi	1.31MB
https://ftp.cngb.org/pub/CNSA/data3/CNP0001565/zeamap/05_Epigenetics/DNA_Methylation/02_Sites/AMP_Methyl_sites/CML172_methylC.bed.gz	maize_ZEAMAP/epigenome/dna_methylation/02_sites/AMP_Methyl_sites/CML172_methylC.bed.gz	451.42MB
https://ftp.cngb.org/pub/CNSA/data3/CNP0001565/zeamap/05_Epigenetics/DNA_Methylation/02_Sites/AMP_Methyl_sites/CML172_methylC.bed.gz.tbi	maize_ZEAMAP/epigenome/dna_methylation/02_sites/AMP_Methyl_sites/CML172_methylC.bed.gz.tbi	1.29MB
https://ftp.cngb.org/pub/CNSA/data3/CNP0001565/zeamap/05_Epigenetics/DNA_Methylation/02_Sites/AMP_Methyl_sites/CML189_methylC.bed.gz	maize_ZEAMAP/epigenome/dna_methylation/02_sites/AMP_Methyl_sites/CML189_methylC.bed.gz	408.82MB
https://ftp.cngb.org/pub/CNSA/data3/CNP0001565/zeamap/05_Epigenetics/DNA_Methylation/02_Sites/AMP_Methyl_sites/CML189_methylC.bed.gz.tbi	maize_ZEAMAP/epigenome/dna_methylation/02_sites/AMP_Methyl_sites/CML189_methylC.bed.gz.tbi	1.27MB
https://ftp.cngb.org/pub/CNSA/data3/CNP0001565/zeamap/05_Epigenetics/DNA_Methylation/02_Sites/AMP_Methyl_sites/CML192_methylC.bed.gz	maize_ZEAMAP/epigenome/dna_methylation/02_sites/AMP_Methyl_sites/CML192_methylC.bed.gz	467.45MB
https://ftp.cngb.org/pub/CNSA/data3/CNP0001565/zeamap/05_Epigenetics/DNA_Methylation/02_Sites/AMP_Methyl_sites/CML192_methylC.bed.gz.tbi	maize_ZEAMAP/epigenome/dna_methylation/02_sites/AMP_Methyl_sites/CML192_methylC.bed.gz.tbi	1.30MB
https://ftp.cngb.org/pub/CNSA/data3/CNP0001565/zeamap/05_Epigenetics/DNA_Methylation/02_Sites/AMP_Methyl_sites/CML223_methylC.bed.gz	maize_ZEAMAP/epigenome/dna_methylation/02_sites/AMP_Methyl_sites/CML223_methylC.bed.gz	312.22MB
https://ftp.cngb.org/pub/CNSA/data3/CNP0001565/zeamap/05_Epigenetics/DNA_Methylation/02_Sites/AMP_Methyl_sites/CML223_methylC.bed.gz.tbi	maize_ZEAMAP/epigenome/dna_methylation/02_sites/AMP_Methyl_sites/CML223_methylC.bed.gz.tbi	1.19MB
https://ftp.cngb.org/pub/CNSA/data3/CNP0001565/zeamap/05_Epigenetics/DNA_Methylation/02_Sites/AMP_Methyl_sites/CML226_methylC.bed.gz	maize_ZEAMAP/epigenome/dna_methylation/02_sites/AMP_Methyl_sites/CML226_methylC.bed.gz	264.03MB
https://ftp.cngb.org/pub/CNSA/data3/CNP0001565/zeamap/05_Epigenetics/DNA_Methylation/02_Sites/AMP_Methyl_sites/CML226_methylC.bed.gz.tbi	maize_ZEAMAP/epigenome/dna_methylation/02_sites/AMP_Methyl_sites/CML226_methylC.bed.gz.tbi	1.17MB
https://ftp.cngb.org/pub/CNSA/data3/CNP0001565/zeamap/05_Epigenetics/DNA_Methylation/02_Sites/AMP_Methyl_sites/CML26_methylC.bed.gz	maize_ZEAMAP/epigenome/dna_methylation/02_sites/AMP_Methyl_sites/CML26_methylC.bed.gz	391.64MB
https://ftp.cngb.org/pub/CNSA/data3/CNP0001565/zeamap/05_Epigenetics/DNA_Methylation/02_Sites/AMP_Methyl_sites/CML26_methylC.bed.gz.tbi	maize_ZEAMAP/epigenome/dna_methylation/02_sites/AMP_Methyl_sites/CML26_methylC.bed.gz.tbi	1.26MB
https://ftp.cngb.org/pub/CNSA/data3/CNP0001565/zeamap/05_Epigenetics/DNA_Methylation/02_Sites/AMP_Methyl_sites/CML27_methylC.bed.gz	maize_ZEAMAP/epigenome/dna_methylation/02_sites/AMP_Methyl_sites/CML27_methylC.bed.gz	328.66MB
https://ftp.cngb.org/pub/CNSA/data3/CNP0001565/zeamap/05_Epigenetics/DNA_Methylation/02_Sites/AMP_Methyl_sites/CML27_methylC.bed.gz.tbi	maize_ZEAMAP/epigenome/dna_methylation/02_sites/AMP_Methyl_sites/CML27_methylC.bed.gz.tbi	1.22MB
https://ftp.cngb.org/pub/CNSA/data3/CNP0001565/zeamap/05_Epigenetics/DNA_Methylation/02_Sites/AMP_Methyl_sites/CML285_methylC.bed.gz	maize_ZEAMAP/epigenome/dna_methylation/02_sites/AMP_Methyl_sites/CML285_methylC.bed.gz	374.48MB
https://ftp.cngb.org/pub/CNSA/data3/CNP0001565/zeamap/05_Epigenetics/DNA_Methylation/02_Sites/AMP_Methyl_sites/CML285_methylC.bed.gz.tbi	maize_ZEAMAP/epigenome/dna_methylation/02_sites/AMP_Methyl_sites/CML285_methylC.bed.gz.tbi	1.25MB
https://ftp.cngb.org/pub/CNSA/data3/CNP0001565/zeamap/05_Epigenetics/DNA_Methylation/02_Sites/AMP_Methyl_sites/CML286_methylC.bed.gz	maize_ZEAMAP/epigenome/dna_methylation/02_sites/AMP_Methyl_sites/CML286_methylC.bed.gz	458.44MB
https://ftp.cngb.org/pub/CNSA/data3/CNP0001565/zeamap/05_Epigenetics/DNA_Methylation/02_Sites/AMP_Methyl_sites/CML286_methylC.bed.gz.tbi	maize_ZEAMAP/epigenome/dna_methylation/02_sites/AMP_Methyl_sites/CML286_methylC.bed.gz.tbi	1.30MB
https://ftp.cngb.org/pub/CNSA/data3/CNP0001565/zeamap/05_Epigenetics/DNA_Methylation/02_Sites/AMP_Methyl_sites/CML287_methylC.bed.gz	maize_ZEAMAP/epigenome/dna_methylation/02_sites/AMP_Methyl_sites/CML287_methylC.bed.gz	350.76MB
https://ftp.cngb.org/pub/CNSA/data3/CNP0001565/zeamap/05_Epigenetics/DNA_Methylation/02_Sites/AMP_Methyl_sites/CML287_methylC.bed.gz.tbi	maize_ZEAMAP/epigenome/dna_methylation/02_sites/AMP_Methyl_sites/CML287_methylC.bed.gz.tbi	1.23MB
https://ftp.cngb.org/pub/CNSA/data3/CNP0001565/zeamap/05_Epigenetics/DNA_Methylation/02_Sites/AMP_Methyl_sites/CML28_methylC.bed.gz	maize_ZEAMAP/epigenome/dna_methylation/02_sites/AMP_Methyl_sites/CML28_methylC.bed.gz	264.93MB
https://ftp.cngb.org/pub/CNSA/data3/CNP0001565/zeamap/05_Epigenetics/DNA_Methylation/02_Sites/AMP_Methyl_sites/CML28_methylC.bed.gz.tbi	maize_ZEAMAP/epigenome/dna_methylation/02_sites/AMP_Methyl_sites/CML28_methylC.bed.gz.tbi	1.15MB
https://ftp.cngb.org/pub/CNSA/data3/CNP0001565/zeamap/05_Epigenetics/DNA_Methylation/02_Sites/AMP_Methyl_sites/CML29_methylC.bed.gz	maize_ZEAMAP/epigenome/dna_methylation/02_sites/AMP_Methyl_sites/CML29_methylC.bed.gz	226.63MB
https://ftp.cngb.org/pub/CNSA/data3/CNP0001565/zeamap/05_Epigenetics/DNA_Methylation/02_Sites/AMP_Methyl_sites/CML29_methylC.bed.gz.tbi	maize_ZEAMAP/epigenome/dna_methylation/02_sites/AMP_Methyl_sites/CML29_methylC.bed.gz.tbi	1.11MB
https://ftp.cngb.org/pub/CNSA/data3/CNP0001565/zeamap/05_Epigenetics/DNA_Methylation/02_Sites/AMP_Methyl_sites/CML307_methylC.bed.gz	maize_ZEAMAP/epigenome/dna_methylation/02_sites/AMP_Methyl_sites/CML307_methylC.bed.gz	252.40MB
https://ftp.cngb.org/pub/CNSA/data3/CNP0001565/zeamap/05_Epigenetics/DNA_Methylation/02_Sites/AMP_Methyl_sites/CML307_methylC.bed.gz.tbi	maize_ZEAMAP/epigenome/dna_methylation/02_sites/AMP_Methyl_sites/CML307_methylC.bed.gz.tbi	1.14MB
https://ftp.cngb.org/pub/CNSA/data3/CNP0001565/zeamap/05_Epigenetics/DNA_Methylation/02_Sites/AMP_Methyl_sites/CML323_methylC.bed.gz	maize_ZEAMAP/epigenome/dna_methylation/02_sites/AMP_Methyl_sites/CML323_methylC.bed.gz	524.81MB
https://ftp.cngb.org/pub/CNSA/data3/CNP0001565/zeamap/05_Epigenetics/DNA_Methylation/02_Sites/AMP_Methyl_sites/CML323_methylC.bed.gz.tbi	maize_ZEAMAP/epigenome/dna_methylation/02_sites/AMP_Methyl_sites/CML323_methylC.bed.gz.tbi	1.32MB
https://ftp.cngb.org/pub/CNSA/data3/CNP0001565/zeamap/05_Epigenetics/DNA_Methylation/02_Sites/AMP_Methyl_sites/CML324_methylC.bed.gz	maize_ZEAMAP/epigenome/dna_methylation/02_sites/AMP_Methyl_sites/CML324_methylC.bed.gz	439.07MB
https://ftp.cngb.org/pub/CNSA/data3/CNP0001565/zeamap/05_Epigenetics/DNA_Methylation/02_Sites/AMP_Methyl_sites/CML324_methylC.bed.gz.tbi	maize_ZEAMAP/epigenome/dna_methylation/02_sites/AMP_Methyl_sites/CML324_methylC.bed.gz.tbi	1.29MB
https://ftp.cngb.org/pub/CNSA/data3/CNP0001565/zeamap/05_Epigenetics/DNA_Methylation/02_Sites/AMP_Methyl_sites/CML325_methylC.bed.gz	maize_ZEAMAP/epigenome/dna_methylation/02_sites/AMP_Methyl_sites/CML325_methylC.bed.gz	474.74MB
https://ftp.cngb.org/pub/CNSA/data3/CNP0001565/zeamap/05_Epigenetics/DNA_Methylation/02_Sites/AMP_Methyl_sites/CML325_methylC.bed.gz.tbi	maize_ZEAMAP/epigenome/dna_methylation/02_sites/AMP_Methyl_sites/CML325_methylC.bed.gz.tbi	1.30MB
https://ftp.cngb.org/pub/CNSA/data3/CNP0001565/zeamap/05_Epigenetics/DNA_Methylation/02_Sites/AMP_Methyl_sites/CML327_methylC.bed.gz	maize_ZEAMAP/epigenome/dna_methylation/02_sites/AMP_Methyl_sites/CML327_methylC.bed.gz	557.08MB
https://ftp.cngb.org/pub/CNSA/data3/CNP0001565/zeamap/05_Epigenetics/DNA_Methylation/02_Sites/AMP_Methyl_sites/CML327_methylC.bed.gz.tbi	maize_ZEAMAP/epigenome/dna_methylation/02_sites/AMP_Methyl_sites/CML327_methylC.bed.gz.tbi	1.34MB
https://ftp.cngb.org/pub/CNSA/data3/CNP0001565/zeamap/05_Epigenetics/DNA_Methylation/02_Sites/AMP_Methyl_sites/CML32_methylC.bed.gz	maize_ZEAMAP/epigenome/dna_methylation/02_sites/AMP_Methyl_sites/CML32_methylC.bed.gz	472.56MB
https://ftp.cngb.org/pub/CNSA/data3/CNP0001565/zeamap/05_Epigenetics/DNA_Methylation/02_Sites/AMP_Methyl_sites/CML32_methylC.bed.gz.tbi	maize_ZEAMAP/epigenome/dna_methylation/02_sites/AMP_Methyl_sites/CML32_methylC.bed.gz.tbi	1.30MB
https://ftp.cngb.org/pub/CNSA/data3/CNP0001565/zeamap/05_Epigenetics/DNA_Methylation/02_Sites/AMP_Methyl_sites/CML360_methylC.bed.gz	maize_ZEAMAP/epigenome/dna_methylation/02_sites/AMP_Methyl_sites/CML360_methylC.bed.gz	383.17MB
https://ftp.cngb.org/pub/CNSA/data3/CNP0001565/zeamap/05_Epigenetics/DNA_Methylation/02_Sites/AMP_Methyl_sites/CML360_methylC.bed.gz.tbi	maize_ZEAMAP/epigenome/dna_methylation/02_sites/AMP_Methyl_sites/CML360_methylC.bed.gz.tbi	1.25MB
https://ftp.cngb.org/pub/CNSA/data3/CNP0001565/zeamap/05_Epigenetics/DNA_Methylation/02_Sites/AMP_Methyl_sites/CML361_methylC.bed.gz	maize_ZEAMAP/epigenome/dna_methylation/02_sites/AMP_Methyl_sites/CML361_methylC.bed.gz	321.33MB
https://ftp.cngb.org/pub/CNSA/data3/CNP0001565/zeamap/05_Epigenetics/DNA_Methylation/02_Sites/AMP_Methyl_sites/CML361_methylC.bed.gz.tbi	maize_ZEAMAP/epigenome/dna_methylation/02_sites/AMP_Methyl_sites/CML361_methylC.bed.gz.tbi	1.21MB
https://ftp.cngb.org/pub/CNSA/data3/CNP0001565/zeamap/05_Epigenetics/DNA_Methylation/02_Sites/AMP_Methyl_sites/CML40_methylC.bed.gz	maize_ZEAMAP/epigenome/dna_methylation/02_sites/AMP_Methyl_sites/CML40_methylC.bed.gz	375.65MB
https://ftp.cngb.org/pub/CNSA/data3/CNP0001565/zeamap/05_Epigenetics/DNA_Methylation/02_Sites/AMP_Methyl_sites/CML40_methylC.bed.gz.tbi	maize_ZEAMAP/epigenome/dna_methylation/02_sites/AMP_Methyl_sites/CML40_methylC.bed.gz.tbi	1.25MB
https://ftp.cngb.org/pub/CNSA/data3/CNP0001565/zeamap/05_Epigenetics/DNA_Methylation/02_Sites/AMP_Methyl_sites/CML411_methylC.bed.gz	maize_ZEAMAP/epigenome/dna_methylation/02_sites/AMP_Methyl_sites/CML411_methylC.bed.gz	479.46MB
https://ftp.cngb.org/pub/CNSA/data3/CNP0001565/zeamap/05_Epigenetics/DNA_Methylation/02_Sites/AMP_Methyl_sites/CML411_methylC.bed.gz.tbi	maize_ZEAMAP/epigenome/dna_methylation/02_sites/AMP_Methyl_sites/CML411_methylC.bed.gz.tbi	1.30MB
https://ftp.cngb.org/pub/CNSA/data3/CNP0001565/zeamap/05_Epigenetics/DNA_Methylation/02_Sites/AMP_Methyl_sites/CML423_methylC.bed.gz	maize_ZEAMAP/epigenome/dna_methylation/02_sites/AMP_Methyl_sites/CML423_methylC.bed.gz	543.05MB
https://ftp.cngb.org/pub/CNSA/data3/CNP0001565/zeamap/05_Epigenetics/DNA_Methylation/02_Sites/AMP_Methyl_sites/CML423_methylC.bed.gz.tbi	maize_ZEAMAP/epigenome/dna_methylation/02_sites/AMP_Methyl_sites/CML423_methylC.bed.gz.tbi	1.34MB
https://ftp.cngb.org/pub/CNSA/data3/CNP0001565/zeamap/05_Epigenetics/DNA_Methylation/02_Sites/AMP_Methyl_sites/CML426_methylC.bed.gz	maize_ZEAMAP/epigenome/dna_methylation/02_sites/AMP_Methyl_sites/CML426_methylC.bed.gz	415.33MB
https://ftp.cngb.org/pub/CNSA/data3/CNP0001565/zeamap/05_Epigenetics/DNA_Methylation/02_Sites/AMP_Methyl_sites/CML426_methylC.bed.gz.tbi	maize_ZEAMAP/epigenome/dna_methylation/02_sites/AMP_Methyl_sites/CML426_methylC.bed.gz.tbi	1.27MB
https://ftp.cngb.org/pub/CNSA/data3/CNP0001565/zeamap/05_Epigenetics/DNA_Methylation/02_Sites/AMP_Methyl_sites/CML428_methylC.bed.gz	maize_ZEAMAP/epigenome/dna_methylation/02_sites/AMP_Methyl_sites/CML428_methylC.bed.gz	288.05MB
https://ftp.cngb.org/pub/CNSA/data3/CNP0001565/zeamap/05_Epigenetics/DNA_Methylation/02_Sites/AMP_Methyl_sites/CML428_methylC.bed.gz.tbi	maize_ZEAMAP/epigenome/dna_methylation/02_sites/AMP_Methyl_sites/CML428_methylC.bed.gz.tbi	1.20MB
https://ftp.cngb.org/pub/CNSA/data3/CNP0001565/zeamap/05_Epigenetics/DNA_Methylation/02_Sites/AMP_Methyl_sites/CML430_methylC.bed.gz	maize_ZEAMAP/epigenome/dna_methylation/02_sites/AMP_Methyl_sites/CML430_methylC.bed.gz	466.02MB
https://ftp.cngb.org/pub/CNSA/data3/CNP0001565/zeamap/05_Epigenetics/DNA_Methylation/02_Sites/AMP_Methyl_sites/CML430_methylC.bed.gz.tbi	maize_ZEAMAP/epigenome/dna_methylation/02_sites/AMP_Methyl_sites/CML430_methylC.bed.gz.tbi	1.30MB
https://ftp.cngb.org/pub/CNSA/data3/CNP0001565/zeamap/05_Epigenetics/DNA_Methylation/02_Sites/AMP_Methyl_sites/CML431_methylC.bed.gz	maize_ZEAMAP/epigenome/dna_methylation/02_sites/AMP_Methyl_sites/CML431_methylC.bed.gz	237.96MB
https://ftp.cngb.org/pub/CNSA/data3/CNP0001565/zeamap/05_Epigenetics/DNA_Methylation/02_Sites/AMP_Methyl_sites/CML431_methylC.bed.gz.tbi	maize_ZEAMAP/epigenome/dna_methylation/02_sites/AMP_Methyl_sites/CML431_methylC.bed.gz.tbi	1.13MB
https://ftp.cngb.org/pub/CNSA/data3/CNP0001565/zeamap/05_Epigenetics/DNA_Methylation/02_Sites/AMP_Methyl_sites/CML432_methylC.bed.gz	maize_ZEAMAP/epigenome/dna_methylation/02_sites/AMP_Methyl_sites/CML432_methylC.bed.gz	263.91MB
https://ftp.cngb.org/pub/CNSA/data3/CNP0001565/zeamap/05_Epigenetics/DNA_Methylation/02_Sites/AMP_Methyl_sites/CML432_methylC.bed.gz.tbi	maize_ZEAMAP/epigenome/dna_methylation/02_sites/AMP_Methyl_sites/CML432_methylC.bed.gz.tbi	1.17MB
https://ftp.cngb.org/pub/CNSA/data3/CNP0001565/zeamap/05_Epigenetics/DNA_Methylation/02_Sites/AMP_Methyl_sites/CML451_methylC.bed.gz	maize_ZEAMAP/epigenome/dna_methylation/02_sites/AMP_Methyl_sites/CML451_methylC.bed.gz	498.22MB
https://ftp.cngb.org/pub/CNSA/data3/CNP0001565/zeamap/05_Epigenetics/DNA_Methylation/02_Sites/AMP_Methyl_sites/CML451_methylC.bed.gz.tbi	maize_ZEAMAP/epigenome/dna_methylation/02_sites/AMP_Methyl_sites/CML451_methylC.bed.gz.tbi	1.32MB
https://ftp.cngb.org/pub/CNSA/data3/CNP0001565/zeamap/05_Epigenetics/DNA_Methylation/02_Sites/AMP_Methyl_sites/CML470_methylC.bed.gz	maize_ZEAMAP/epigenome/dna_methylation/02_sites/AMP_Methyl_sites/CML470_methylC.bed.gz	504.51MB
https://ftp.cngb.org/pub/CNSA/data3/CNP0001565/zeamap/05_Epigenetics/DNA_Methylation/02_Sites/AMP_Methyl_sites/CML470_methylC.bed.gz.tbi	maize_ZEAMAP/epigenome/dna_methylation/02_sites/AMP_Methyl_sites/CML470_methylC.bed.gz.tbi	1.32MB
https://ftp.cngb.org/pub/CNSA/data3/CNP0001565/zeamap/05_Epigenetics/DNA_Methylation/02_Sites/AMP_Methyl_sites/CML471_methylC.bed.gz	maize_ZEAMAP/epigenome/dna_methylation/02_sites/AMP_Methyl_sites/CML471_methylC.bed.gz	289.83MB
https://ftp.cngb.org/pub/CNSA/data3/CNP0001565/zeamap/05_Epigenetics/DNA_Methylation/02_Sites/AMP_Methyl_sites/CML471_methylC.bed.gz.tbi	maize_ZEAMAP/epigenome/dna_methylation/02_sites/AMP_Methyl_sites/CML471_methylC.bed.gz.tbi	1.18MB
https://ftp.cngb.org/pub/CNSA/data3/CNP0001565/zeamap/05_Epigenetics/DNA_Methylation/02_Sites/AMP_Methyl_sites/CML493_methylC.bed.gz	maize_ZEAMAP/epigenome/dna_methylation/02_sites/AMP_Methyl_sites/CML493_methylC.bed.gz	408.34MB
https://ftp.cngb.org/pub/CNSA/data3/CNP0001565/zeamap/05_Epigenetics/DNA_Methylation/02_Sites/AMP_Methyl_sites/CML493_methylC.bed.gz.tbi	maize_ZEAMAP/epigenome/dna_methylation/02_sites/AMP_Methyl_sites/CML493_methylC.bed.gz.tbi	1.26MB
https://ftp.cngb.org/pub/CNSA/data3/CNP0001565/zeamap/05_Epigenetics/DNA_Methylation/02_Sites/AMP_Methyl_sites/CML69_methylC.bed.gz	maize_ZEAMAP/epigenome/dna_methylation/02_sites/AMP_Methyl_sites/CML69_methylC.bed.gz	428.93MB
https://ftp.cngb.org/pub/CNSA/data3/CNP0001565/zeamap/05_Epigenetics/DNA_Methylation/02_Sites/AMP_Methyl_sites/CML69_methylC.bed.gz.tbi	maize_ZEAMAP/epigenome/dna_methylation/02_sites/AMP_Methyl_sites/CML69_methylC.bed.gz.tbi	1.28MB
https://ftp.cngb.org/pub/CNSA/data3/CNP0001565/zeamap/05_Epigenetics/DNA_Methylation/02_Sites/AMP_Methyl_sites/DAN3130_methylC.bed.gz	maize_ZEAMAP/epigenome/dna_methylation/02_sites/AMP_Methyl_sites/DAN3130_methylC.bed.gz	484.94MB
https://ftp.cngb.org/pub/CNSA/data3/CNP0001565/zeamap/05_Epigenetics/DNA_Methylation/02_Sites/AMP_Methyl_sites/DAN3130_methylC.bed.gz.tbi	maize_ZEAMAP/epigenome/dna_methylation/02_sites/AMP_Methyl_sites/DAN3130_methylC.bed.gz.tbi	1.30MB
https://ftp.cngb.org/pub/CNSA/data3/CNP0001565/zeamap/05_Epigenetics/DNA_Methylation/02_Sites/AMP_Methyl_sites/DAN340_methylC.bed.gz	maize_ZEAMAP/epigenome/dna_methylation/02_sites/AMP_Methyl_sites/DAN340_methylC.bed.gz	399.35MB
https://ftp.cngb.org/pub/CNSA/data3/CNP0001565/zeamap/05_Epigenetics/DNA_Methylation/02_Sites/AMP_Methyl_sites/DAN340_methylC.bed.gz.tbi	maize_ZEAMAP/epigenome/dna_methylation/02_sites/AMP_Methyl_sites/DAN340_methylC.bed.gz.tbi	1.26MB
https://ftp.cngb.org/pub/CNSA/data3/CNP0001565/zeamap/05_Epigenetics/DNA_Methylation/02_Sites/AMP_Methyl_sites/DAN360_methylC.bed.gz	maize_ZEAMAP/epigenome/dna_methylation/02_sites/AMP_Methyl_sites/DAN360_methylC.bed.gz	459.55MB
https://ftp.cngb.org/pub/CNSA/data3/CNP0001565/zeamap/05_Epigenetics/DNA_Methylation/02_Sites/AMP_Methyl_sites/DAN360_methylC.bed.gz.tbi	maize_ZEAMAP/epigenome/dna_methylation/02_sites/AMP_Methyl_sites/DAN360_methylC.bed.gz.tbi	1.28MB
https://ftp.cngb.org/pub/CNSA/data3/CNP0001565/zeamap/05_Epigenetics/DNA_Methylation/02_Sites/AMP_Methyl_sites/DAN598_methylC.bed.gz	maize_ZEAMAP/epigenome/dna_methylation/02_sites/AMP_Methyl_sites/DAN598_methylC.bed.gz	274.50MB
https://ftp.cngb.org/pub/CNSA/data3/CNP0001565/zeamap/05_Epigenetics/DNA_Methylation/02_Sites/AMP_Methyl_sites/DAN598_methylC.bed.gz.tbi	maize_ZEAMAP/epigenome/dna_methylation/02_sites/AMP_Methyl_sites/DAN598_methylC.bed.gz.tbi	1.16MB
https://ftp.cngb.org/pub/CNSA/data3/CNP0001565/zeamap/05_Epigenetics/DNA_Methylation/02_Sites/AMP_Methyl_sites/DAN599_methylC.bed.gz	maize_ZEAMAP/epigenome/dna_methylation/02_sites/AMP_Methyl_sites/DAN599_methylC.bed.gz	525.30MB
https://ftp.cngb.org/pub/CNSA/data3/CNP0001565/zeamap/05_Epigenetics/DNA_Methylation/02_Sites/AMP_Methyl_sites/DAN599_methylC.bed.gz.tbi	maize_ZEAMAP/epigenome/dna_methylation/02_sites/AMP_Methyl_sites/DAN599_methylC.bed.gz.tbi	1.33MB
https://ftp.cngb.org/pub/CNSA/data3/CNP0001565/zeamap/05_Epigenetics/DNA_Methylation/02_Sites/AMP_Methyl_sites/DE.EX_methylC.bed.gz	maize_ZEAMAP/epigenome/dna_methylation/02_sites/AMP_Methyl_sites/DE.EX_methylC.bed.gz	405.11MB
https://ftp.cngb.org/pub/CNSA/data3/CNP0001565/zeamap/05_Epigenetics/DNA_Methylation/02_Sites/AMP_Methyl_sites/DE.EX_methylC.bed.gz.tbi	maize_ZEAMAP/epigenome/dna_methylation/02_sites/AMP_Methyl_sites/DE.EX_methylC.bed.gz.tbi	1.25MB
https://ftp.cngb.org/pub/CNSA/data3/CNP0001565/zeamap/05_Epigenetics/DNA_Methylation/02_Sites/AMP_Methyl_sites/GEMS10_methylC.bed.gz	maize_ZEAMAP/epigenome/dna_methylation/02_sites/AMP_Methyl_sites/GEMS10_methylC.bed.gz	520.15MB
https://ftp.cngb.org/pub/CNSA/data3/CNP0001565/zeamap/05_Epigenetics/DNA_Methylation/02_Sites/AMP_Methyl_sites/GEMS10_methylC.bed.gz.tbi	maize_ZEAMAP/epigenome/dna_methylation/02_sites/AMP_Methyl_sites/GEMS10_methylC.bed.gz.tbi	1.31MB
https://ftp.cngb.org/pub/CNSA/data3/CNP0001565/zeamap/05_Epigenetics/DNA_Methylation/02_Sites/AMP_Methyl_sites/GEMS11_methylC.bed.gz	maize_ZEAMAP/epigenome/dna_methylation/02_sites/AMP_Methyl_sites/GEMS11_methylC.bed.gz	417.97MB
https://ftp.cngb.org/pub/CNSA/data3/CNP0001565/zeamap/05_Epigenetics/DNA_Methylation/02_Sites/AMP_Methyl_sites/GEMS11_methylC.bed.gz.tbi	maize_ZEAMAP/epigenome/dna_methylation/02_sites/AMP_Methyl_sites/GEMS11_methylC.bed.gz.tbi	1.25MB
https://ftp.cngb.org/pub/CNSA/data3/CNP0001565/zeamap/05_Epigenetics/DNA_Methylation/02_Sites/AMP_Methyl_sites/GEMS13_methylC.bed.gz	maize_ZEAMAP/epigenome/dna_methylation/02_sites/AMP_Methyl_sites/GEMS13_methylC.bed.gz	426.14MB
https://ftp.cngb.org/pub/CNSA/data3/CNP0001565/zeamap/05_Epigenetics/DNA_Methylation/02_Sites/AMP_Methyl_sites/GEMS13_methylC.bed.gz.tbi	maize_ZEAMAP/epigenome/dna_methylation/02_sites/AMP_Methyl_sites/GEMS13_methylC.bed.gz.tbi	1.26MB
https://ftp.cngb.org/pub/CNSA/data3/CNP0001565/zeamap/05_Epigenetics/DNA_Methylation/02_Sites/AMP_Methyl_sites/GEMS14_methylC.bed.gz	maize_ZEAMAP/epigenome/dna_methylation/02_sites/AMP_Methyl_sites/GEMS14_methylC.bed.gz	375.31MB
https://ftp.cngb.org/pub/CNSA/data3/CNP0001565/zeamap/05_Epigenetics/DNA_Methylation/02_Sites/AMP_Methyl_sites/GEMS14_methylC.bed.gz.tbi	maize_ZEAMAP/epigenome/dna_methylation/02_sites/AMP_Methyl_sites/GEMS14_methylC.bed.gz.tbi	1.23MB
https://ftp.cngb.org/pub/CNSA/data3/CNP0001565/zeamap/05_Epigenetics/DNA_Methylation/02_Sites/AMP_Methyl_sites/GEMS18_methylC.bed.gz	maize_ZEAMAP/epigenome/dna_methylation/02_sites/AMP_Methyl_sites/GEMS18_methylC.bed.gz	432.71MB
https://ftp.cngb.org/pub/CNSA/data3/CNP0001565/zeamap/05_Epigenetics/DNA_Methylation/02_Sites/AMP_Methyl_sites/GEMS18_methylC.bed.gz.tbi	maize_ZEAMAP/epigenome/dna_methylation/02_sites/AMP_Methyl_sites/GEMS18_methylC.bed.gz.tbi	1.26MB
https://ftp.cngb.org/pub/CNSA/data3/CNP0001565/zeamap/05_Epigenetics/DNA_Methylation/02_Sites/AMP_Methyl_sites/GEMS19_methylC.bed.gz	maize_ZEAMAP/epigenome/dna_methylation/02_sites/AMP_Methyl_sites/GEMS19_methylC.bed.gz	314.35MB
https://ftp.cngb.org/pub/CNSA/data3/CNP0001565/zeamap/05_Epigenetics/DNA_Methylation/02_Sites/AMP_Methyl_sites/GEMS19_methylC.bed.gz.tbi	maize_ZEAMAP/epigenome/dna_methylation/02_sites/AMP_Methyl_sites/GEMS19_methylC.bed.gz.tbi	1.18MB
https://ftp.cngb.org/pub/CNSA/data3/CNP0001565/zeamap/05_Epigenetics/DNA_Methylation/02_Sites/AMP_Methyl_sites/GEMS21_methylC.bed.gz	maize_ZEAMAP/epigenome/dna_methylation/02_sites/AMP_Methyl_sites/GEMS21_methylC.bed.gz	378.61MB
https://ftp.cngb.org/pub/CNSA/data3/CNP0001565/zeamap/05_Epigenetics/DNA_Methylation/02_Sites/AMP_Methyl_sites/GEMS21_methylC.bed.gz.tbi	maize_ZEAMAP/epigenome/dna_methylation/02_sites/AMP_Methyl_sites/GEMS21_methylC.bed.gz.tbi	1.23MB
https://ftp.cngb.org/pub/CNSA/data3/CNP0001565/zeamap/05_Epigenetics/DNA_Methylation/02_Sites/AMP_Methyl_sites/GEMS24_methylC.bed.gz	maize_ZEAMAP/epigenome/dna_methylation/02_sites/AMP_Methyl_sites/GEMS24_methylC.bed.gz	432.14MB
https://ftp.cngb.org/pub/CNSA/data3/CNP0001565/zeamap/05_Epigenetics/DNA_Methylation/02_Sites/AMP_Methyl_sites/GEMS24_methylC.bed.gz.tbi	maize_ZEAMAP/epigenome/dna_methylation/02_sites/AMP_Methyl_sites/GEMS24_methylC.bed.gz.tbi	1.27MB
https://ftp.cngb.org/pub/CNSA/data3/CNP0001565/zeamap/05_Epigenetics/DNA_Methylation/02_Sites/AMP_Methyl_sites/GEMS28_methylC.bed.gz	maize_ZEAMAP/epigenome/dna_methylation/02_sites/AMP_Methyl_sites/GEMS28_methylC.bed.gz	386.56MB
https://ftp.cngb.org/pub/CNSA/data3/CNP0001565/zeamap/05_Epigenetics/DNA_Methylation/02_Sites/AMP_Methyl_sites/GEMS28_methylC.bed.gz.tbi	maize_ZEAMAP/epigenome/dna_methylation/02_sites/AMP_Methyl_sites/GEMS28_methylC.bed.gz.tbi	1.24MB
https://ftp.cngb.org/pub/CNSA/data3/CNP0001565/zeamap/05_Epigenetics/DNA_Methylation/02_Sites/AMP_Methyl_sites/GEMS29_methylC.bed.gz	maize_ZEAMAP/epigenome/dna_methylation/02_sites/AMP_Methyl_sites/GEMS29_methylC.bed.gz	376.23MB
https://ftp.cngb.org/pub/CNSA/data3/CNP0001565/zeamap/05_Epigenetics/DNA_Methylation/02_Sites/AMP_Methyl_sites/GEMS29_methylC.bed.gz.tbi	maize_ZEAMAP/epigenome/dna_methylation/02_sites/AMP_Methyl_sites/GEMS29_methylC.bed.gz.tbi	1.24MB
https://ftp.cngb.org/pub/CNSA/data3/CNP0001565/zeamap/05_Epigenetics/DNA_Methylation/02_Sites/AMP_Methyl_sites/GEMS31_methylC.bed.gz	maize_ZEAMAP/epigenome/dna_methylation/02_sites/AMP_Methyl_sites/GEMS31_methylC.bed.gz	351.84MB
https://ftp.cngb.org/pub/CNSA/data3/CNP0001565/zeamap/05_Epigenetics/DNA_Methylation/02_Sites/AMP_Methyl_sites/GEMS31_methylC.bed.gz.tbi	maize_ZEAMAP/epigenome/dna_methylation/02_sites/AMP_Methyl_sites/GEMS31_methylC.bed.gz.tbi	1.22MB
https://ftp.cngb.org/pub/CNSA/data3/CNP0001565/zeamap/05_Epigenetics/DNA_Methylation/02_Sites/AMP_Methyl_sites/GEMS32_methylC.bed.gz	maize_ZEAMAP/epigenome/dna_methylation/02_sites/AMP_Methyl_sites/GEMS32_methylC.bed.gz	328.89MB
https://ftp.cngb.org/pub/CNSA/data3/CNP0001565/zeamap/05_Epigenetics/DNA_Methylation/02_Sites/AMP_Methyl_sites/GEMS32_methylC.bed.gz.tbi	maize_ZEAMAP/epigenome/dna_methylation/02_sites/AMP_Methyl_sites/GEMS32_methylC.bed.gz.tbi	1.20MB
https://ftp.cngb.org/pub/CNSA/data3/CNP0001565/zeamap/05_Epigenetics/DNA_Methylation/02_Sites/AMP_Methyl_sites/GEMS33_methylC.bed.gz	maize_ZEAMAP/epigenome/dna_methylation/02_sites/AMP_Methyl_sites/GEMS33_methylC.bed.gz	345.12MB
https://ftp.cngb.org/pub/CNSA/data3/CNP0001565/zeamap/05_Epigenetics/DNA_Methylation/02_Sites/AMP_Methyl_sites/GEMS33_methylC.bed.gz.tbi	maize_ZEAMAP/epigenome/dna_methylation/02_sites/AMP_Methyl_sites/GEMS33_methylC.bed.gz.tbi	1.21MB
https://ftp.cngb.org/pub/CNSA/data3/CNP0001565/zeamap/05_Epigenetics/DNA_Methylation/02_Sites/AMP_Methyl_sites/GEMS37_methylC.bed.gz	maize_ZEAMAP/epigenome/dna_methylation/02_sites/AMP_Methyl_sites/GEMS37_methylC.bed.gz	410.22MB
https://ftp.cngb.org/pub/CNSA/data3/CNP0001565/zeamap/05_Epigenetics/DNA_Methylation/02_Sites/AMP_Methyl_sites/GEMS37_methylC.bed.gz.tbi	maize_ZEAMAP/epigenome/dna_methylation/02_sites/AMP_Methyl_sites/GEMS37_methylC.bed.gz.tbi	1.26MB
https://ftp.cngb.org/pub/CNSA/data3/CNP0001565/zeamap/05_Epigenetics/DNA_Methylation/02_Sites/AMP_Methyl_sites/GEMS3_methylC.bed.gz	maize_ZEAMAP/epigenome/dna_methylation/02_sites/AMP_Methyl_sites/GEMS3_methylC.bed.gz	325.13MB
https://ftp.cngb.org/pub/CNSA/data3/CNP0001565/zeamap/05_Epigenetics/DNA_Methylation/02_Sites/AMP_Methyl_sites/GEMS3_methylC.bed.gz.tbi	maize_ZEAMAP/epigenome/dna_methylation/02_sites/AMP_Methyl_sites/GEMS3_methylC.bed.gz.tbi	1.20MB
https://ftp.cngb.org/pub/CNSA/data3/CNP0001565/zeamap/05_Epigenetics/DNA_Methylation/02_Sites/AMP_Methyl_sites/GEMS47_methylC.bed.gz	maize_ZEAMAP/epigenome/dna_methylation/02_sites/AMP_Methyl_sites/GEMS47_methylC.bed.gz	382.86MB
https://ftp.cngb.org/pub/CNSA/data3/CNP0001565/zeamap/05_Epigenetics/DNA_Methylation/02_Sites/AMP_Methyl_sites/GEMS47_methylC.bed.gz.tbi	maize_ZEAMAP/epigenome/dna_methylation/02_sites/AMP_Methyl_sites/GEMS47_methylC.bed.gz.tbi	1.25MB
https://ftp.cngb.org/pub/CNSA/data3/CNP0001565/zeamap/05_Epigenetics/DNA_Methylation/02_Sites/AMP_Methyl_sites/GEMS49_methylC.bed.gz	maize_ZEAMAP/epigenome/dna_methylation/02_sites/AMP_Methyl_sites/GEMS49_methylC.bed.gz	395.41MB
https://ftp.cngb.org/pub/CNSA/data3/CNP0001565/zeamap/05_Epigenetics/DNA_Methylation/02_Sites/AMP_Methyl_sites/GEMS49_methylC.bed.gz.tbi	maize_ZEAMAP/epigenome/dna_methylation/02_sites/AMP_Methyl_sites/GEMS49_methylC.bed.gz.tbi	1.23MB
https://ftp.cngb.org/pub/CNSA/data3/CNP0001565/zeamap/05_Epigenetics/DNA_Methylation/02_Sites/AMP_Methyl_sites/GEMS53_methylC.bed.gz	maize_ZEAMAP/epigenome/dna_methylation/02_sites/AMP_Methyl_sites/GEMS53_methylC.bed.gz	485.31MB
https://ftp.cngb.org/pub/CNSA/data3/CNP0001565/zeamap/05_Epigenetics/DNA_Methylation/02_Sites/AMP_Methyl_sites/GEMS53_methylC.bed.gz.tbi	maize_ZEAMAP/epigenome/dna_methylation/02_sites/AMP_Methyl_sites/GEMS53_methylC.bed.gz.tbi	1.30MB
https://ftp.cngb.org/pub/CNSA/data3/CNP0001565/zeamap/05_Epigenetics/DNA_Methylation/02_Sites/AMP_Methyl_sites/GEMS56_methylC.bed.gz	maize_ZEAMAP/epigenome/dna_methylation/02_sites/AMP_Methyl_sites/GEMS56_methylC.bed.gz	268.07MB
https://ftp.cngb.org/pub/CNSA/data3/CNP0001565/zeamap/05_Epigenetics/DNA_Methylation/02_Sites/AMP_Methyl_sites/GEMS56_methylC.bed.gz.tbi	maize_ZEAMAP/epigenome/dna_methylation/02_sites/AMP_Methyl_sites/GEMS56_methylC.bed.gz.tbi	1.17MB
https://ftp.cngb.org/pub/CNSA/data3/CNP0001565/zeamap/05_Epigenetics/DNA_Methylation/02_Sites/AMP_Methyl_sites/GEMS5_methylC.bed.gz	maize_ZEAMAP/epigenome/dna_methylation/02_sites/AMP_Methyl_sites/GEMS5_methylC.bed.gz	255.06MB
https://ftp.cngb.org/pub/CNSA/data3/CNP0001565/zeamap/05_Epigenetics/DNA_Methylation/02_Sites/AMP_Methyl_sites/GEMS5_methylC.bed.gz.tbi	maize_ZEAMAP/epigenome/dna_methylation/02_sites/AMP_Methyl_sites/GEMS5_methylC.bed.gz.tbi	1.13MB
https://ftp.cngb.org/pub/CNSA/data3/CNP0001565/zeamap/05_Epigenetics/DNA_Methylation/02_Sites/AMP_Methyl_sites/GEMS60_methylC.bed.gz	maize_ZEAMAP/epigenome/dna_methylation/02_sites/AMP_Methyl_sites/GEMS60_methylC.bed.gz	324.43MB
https://ftp.cngb.org/pub/CNSA/data3/CNP0001565/zeamap/05_Epigenetics/DNA_Methylation/02_Sites/AMP_Methyl_sites/GEMS60_methylC.bed.gz.tbi	maize_ZEAMAP/epigenome/dna_methylation/02_sites/AMP_Methyl_sites/GEMS60_methylC.bed.gz.tbi	1.19MB
https://ftp.cngb.org/pub/CNSA/data3/CNP0001565/zeamap/05_Epigenetics/DNA_Methylation/02_Sites/AMP_Methyl_sites/GEMS62_methylC.bed.gz	maize_ZEAMAP/epigenome/dna_methylation/02_sites/AMP_Methyl_sites/GEMS62_methylC.bed.gz	462.27MB
https://ftp.cngb.org/pub/CNSA/data3/CNP0001565/zeamap/05_Epigenetics/DNA_Methylation/02_Sites/AMP_Methyl_sites/GEMS62_methylC.bed.gz.tbi	maize_ZEAMAP/epigenome/dna_methylation/02_sites/AMP_Methyl_sites/GEMS62_methylC.bed.gz.tbi	1.28MB
https://ftp.cngb.org/pub/CNSA/data3/CNP0001565/zeamap/05_Epigenetics/DNA_Methylation/02_Sites/AMP_Methyl_sites/GEMS63_methylC.bed.gz	maize_ZEAMAP/epigenome/dna_methylation/02_sites/AMP_Methyl_sites/GEMS63_methylC.bed.gz	520.51MB
https://ftp.cngb.org/pub/CNSA/data3/CNP0001565/zeamap/05_Epigenetics/DNA_Methylation/02_Sites/AMP_Methyl_sites/GEMS63_methylC.bed.gz.tbi	maize_ZEAMAP/epigenome/dna_methylation/02_sites/AMP_Methyl_sites/GEMS63_methylC.bed.gz.tbi	1.31MB
https://ftp.cngb.org/pub/CNSA/data3/CNP0001565/zeamap/05_Epigenetics/DNA_Methylation/02_Sites/AMP_Methyl_sites/GEMS64_methylC.bed.gz	maize_ZEAMAP/epigenome/dna_methylation/02_sites/AMP_Methyl_sites/GEMS64_methylC.bed.gz	540.43MB
https://ftp.cngb.org/pub/CNSA/data3/CNP0001565/zeamap/05_Epigenetics/DNA_Methylation/02_Sites/AMP_Methyl_sites/GEMS64_methylC.bed.gz.tbi	maize_ZEAMAP/epigenome/dna_methylation/02_sites/AMP_Methyl_sites/GEMS64_methylC.bed.gz.tbi	1.33MB
https://ftp.cngb.org/pub/CNSA/data3/CNP0001565/zeamap/05_Epigenetics/DNA_Methylation/02_Sites/AMP_Methyl_sites/GEMS65_methylC.bed.gz	maize_ZEAMAP/epigenome/dna_methylation/02_sites/AMP_Methyl_sites/GEMS65_methylC.bed.gz	438.55MB
https://ftp.cngb.org/pub/CNSA/data3/CNP0001565/zeamap/05_Epigenetics/DNA_Methylation/02_Sites/AMP_Methyl_sites/GEMS65_methylC.bed.gz.tbi	maize_ZEAMAP/epigenome/dna_methylation/02_sites/AMP_Methyl_sites/GEMS65_methylC.bed.gz.tbi	1.26MB
https://ftp.cngb.org/pub/CNSA/data3/CNP0001565/zeamap/05_Epigenetics/DNA_Methylation/02_Sites/AMP_Methyl_sites/GEMS9_methylC.bed.gz	maize_ZEAMAP/epigenome/dna_methylation/02_sites/AMP_Methyl_sites/GEMS9_methylC.bed.gz	263.31MB
https://ftp.cngb.org/pub/CNSA/data3/CNP0001565/zeamap/05_Epigenetics/DNA_Methylation/02_Sites/AMP_Methyl_sites/GEMS9_methylC.bed.gz.tbi	maize_ZEAMAP/epigenome/dna_methylation/02_sites/AMP_Methyl_sites/GEMS9_methylC.bed.gz.tbi	1.15MB
https://ftp.cngb.org/pub/CNSA/data3/CNP0001565/zeamap/05_Epigenetics/DNA_Methylation/02_Sites/AMP_Methyl_sites/GY220_methylC.bed.gz	maize_ZEAMAP/epigenome/dna_methylation/02_sites/AMP_Methyl_sites/GY220_methylC.bed.gz	374.16MB
https://ftp.cngb.org/pub/CNSA/data3/CNP0001565/zeamap/05_Epigenetics/DNA_Methylation/02_Sites/AMP_Methyl_sites/GY220_methylC.bed.gz.tbi	maize_ZEAMAP/epigenome/dna_methylation/02_sites/AMP_Methyl_sites/GY220_methylC.bed.gz.tbi	1.25MB
https://ftp.cngb.org/pub/CNSA/data3/CNP0001565/zeamap/05_Epigenetics/DNA_Methylation/02_Sites/AMP_Methyl_sites/GY237_methylC.bed.gz	maize_ZEAMAP/epigenome/dna_methylation/02_sites/AMP_Methyl_sites/GY237_methylC.bed.gz	255.57MB
https://ftp.cngb.org/pub/CNSA/data3/CNP0001565/zeamap/05_Epigenetics/DNA_Methylation/02_Sites/AMP_Methyl_sites/GY237_methylC.bed.gz.tbi	maize_ZEAMAP/epigenome/dna_methylation/02_sites/AMP_Methyl_sites/GY237_methylC.bed.gz.tbi	1.14MB
https://ftp.cngb.org/pub/CNSA/data3/CNP0001565/zeamap/05_Epigenetics/DNA_Methylation/02_Sites/AMP_Methyl_sites/GY386_methylC.bed.gz	maize_ZEAMAP/epigenome/dna_methylation/02_sites/AMP_Methyl_sites/GY386_methylC.bed.gz	429.42MB
https://ftp.cngb.org/pub/CNSA/data3/CNP0001565/zeamap/05_Epigenetics/DNA_Methylation/02_Sites/AMP_Methyl_sites/GY386_methylC.bed.gz.tbi	maize_ZEAMAP/epigenome/dna_methylation/02_sites/AMP_Methyl_sites/GY386_methylC.bed.gz.tbi	1.27MB
https://ftp.cngb.org/pub/CNSA/data3/CNP0001565/zeamap/05_Epigenetics/DNA_Methylation/02_Sites/AMP_Methyl_sites/GY462_methylC.bed.gz	maize_ZEAMAP/epigenome/dna_methylation/02_sites/AMP_Methyl_sites/GY462_methylC.bed.gz	238.44MB
https://ftp.cngb.org/pub/CNSA/data3/CNP0001565/zeamap/05_Epigenetics/DNA_Methylation/02_Sites/AMP_Methyl_sites/GY462_methylC.bed.gz.tbi	maize_ZEAMAP/epigenome/dna_methylation/02_sites/AMP_Methyl_sites/GY462_methylC.bed.gz.tbi	1.09MB
https://ftp.cngb.org/pub/CNSA/data3/CNP0001565/zeamap/05_Epigenetics/DNA_Methylation/02_Sites/AMP_Methyl_sites/GY798_methylC.bed.gz	maize_ZEAMAP/epigenome/dna_methylation/02_sites/AMP_Methyl_sites/GY798_methylC.bed.gz	354.04MB
https://ftp.cngb.org/pub/CNSA/data3/CNP0001565/zeamap/05_Epigenetics/DNA_Methylation/02_Sites/AMP_Methyl_sites/GY798_methylC.bed.gz.tbi	maize_ZEAMAP/epigenome/dna_methylation/02_sites/AMP_Methyl_sites/GY798_methylC.bed.gz.tbi	1.23MB
https://ftp.cngb.org/pub/CNSA/data3/CNP0001565/zeamap/05_Epigenetics/DNA_Methylation/02_Sites/AMP_Methyl_sites/GY923_methylC.bed.gz	maize_ZEAMAP/epigenome/dna_methylation/02_sites/AMP_Methyl_sites/GY923_methylC.bed.gz	421.21MB
https://ftp.cngb.org/pub/CNSA/data3/CNP0001565/zeamap/05_Epigenetics/DNA_Methylation/02_Sites/AMP_Methyl_sites/GY923_methylC.bed.gz.tbi	maize_ZEAMAP/epigenome/dna_methylation/02_sites/AMP_Methyl_sites/GY923_methylC.bed.gz.tbi	1.27MB
https://ftp.cngb.org/pub/CNSA/data3/CNP0001565/zeamap/05_Epigenetics/DNA_Methylation/02_Sites/AMP_Methyl_sites/HU803_methylC.bed.gz	maize_ZEAMAP/epigenome/dna_methylation/02_sites/AMP_Methyl_sites/HU803_methylC.bed.gz	595.39MB
https://ftp.cngb.org/pub/CNSA/data3/CNP0001565/zeamap/05_Epigenetics/DNA_Methylation/02_Sites/AMP_Methyl_sites/HU803_methylC.bed.gz.tbi	maize_ZEAMAP/epigenome/dna_methylation/02_sites/AMP_Methyl_sites/HU803_methylC.bed.gz.tbi	1.35MB
https://ftp.cngb.org/pub/CNSA/data3/CNP0001565/zeamap/05_Epigenetics/DNA_Methylation/02_Sites/AMP_Methyl_sites/HYS_methylC.bed.gz	maize_ZEAMAP/epigenome/dna_methylation/02_sites/AMP_Methyl_sites/HYS_methylC.bed.gz	398.02MB
https://ftp.cngb.org/pub/CNSA/data3/CNP0001565/zeamap/05_Epigenetics/DNA_Methylation/02_Sites/AMP_Methyl_sites/HYS_methylC.bed.gz.tbi	maize_ZEAMAP/epigenome/dna_methylation/02_sites/AMP_Methyl_sites/HYS_methylC.bed.gz.tbi	1.26MB
https://ftp.cngb.org/pub/CNSA/data3/CNP0001565/zeamap/05_Epigenetics/DNA_Methylation/02_Sites/AMP_Methyl_sites/HZS_methylC.bed.gz	maize_ZEAMAP/epigenome/dna_methylation/02_sites/AMP_Methyl_sites/HZS_methylC.bed.gz	386.25MB
https://ftp.cngb.org/pub/CNSA/data3/CNP0001565/zeamap/05_Epigenetics/DNA_Methylation/02_Sites/AMP_Methyl_sites/HZS_methylC.bed.gz.tbi	maize_ZEAMAP/epigenome/dna_methylation/02_sites/AMP_Methyl_sites/HZS_methylC.bed.gz.tbi	1.25MB
https://ftp.cngb.org/pub/CNSA/data3/CNP0001565/zeamap/05_Epigenetics/DNA_Methylation/02_Sites/AMP_Methyl_sites/IRF314_methylC.bed.gz	maize_ZEAMAP/epigenome/dna_methylation/02_sites/AMP_Methyl_sites/IRF314_methylC.bed.gz	430.19MB
https://ftp.cngb.org/pub/CNSA/data3/CNP0001565/zeamap/05_Epigenetics/DNA_Methylation/02_Sites/AMP_Methyl_sites/IRF314_methylC.bed.gz.tbi	maize_ZEAMAP/epigenome/dna_methylation/02_sites/AMP_Methyl_sites/IRF314_methylC.bed.gz.tbi	1.28MB
https://ftp.cngb.org/pub/CNSA/data3/CNP0001565/zeamap/05_Epigenetics/DNA_Methylation/02_Sites/AMP_Methyl_sites/J4112_methylC.bed.gz	maize_ZEAMAP/epigenome/dna_methylation/02_sites/AMP_Methyl_sites/J4112_methylC.bed.gz	368.51MB
https://ftp.cngb.org/pub/CNSA/data3/CNP0001565/zeamap/05_Epigenetics/DNA_Methylation/02_Sites/AMP_Methyl_sites/J4112_methylC.bed.gz.tbi	maize_ZEAMAP/epigenome/dna_methylation/02_sites/AMP_Methyl_sites/J4112_methylC.bed.gz.tbi	1.22MB
https://ftp.cngb.org/pub/CNSA/data3/CNP0001565/zeamap/05_Epigenetics/DNA_Methylation/02_Sites/AMP_Methyl_sites/JH59_methylC.bed.gz	maize_ZEAMAP/epigenome/dna_methylation/02_sites/AMP_Methyl_sites/JH59_methylC.bed.gz	294.99MB
https://ftp.cngb.org/pub/CNSA/data3/CNP0001565/zeamap/05_Epigenetics/DNA_Methylation/02_Sites/AMP_Methyl_sites/JH59_methylC.bed.gz.tbi	maize_ZEAMAP/epigenome/dna_methylation/02_sites/AMP_Methyl_sites/JH59_methylC.bed.gz.tbi	1.18MB
https://ftp.cngb.org/pub/CNSA/data3/CNP0001565/zeamap/05_Epigenetics/DNA_Methylation/02_Sites/AMP_Methyl_sites/JI63_methylC.bed.gz	maize_ZEAMAP/epigenome/dna_methylation/02_sites/AMP_Methyl_sites/JI63_methylC.bed.gz	366.88MB
https://ftp.cngb.org/pub/CNSA/data3/CNP0001565/zeamap/05_Epigenetics/DNA_Methylation/02_Sites/AMP_Methyl_sites/JI63_methylC.bed.gz.tbi	maize_ZEAMAP/epigenome/dna_methylation/02_sites/AMP_Methyl_sites/JI63_methylC.bed.gz.tbi	1.24MB
https://ftp.cngb.org/pub/CNSA/data3/CNP0001565/zeamap/05_Epigenetics/DNA_Methylation/02_Sites/AMP_Methyl_sites/JI846_methylC.bed.gz	maize_ZEAMAP/epigenome/dna_methylation/02_sites/AMP_Methyl_sites/JI846_methylC.bed.gz	317.55MB
https://ftp.cngb.org/pub/CNSA/data3/CNP0001565/zeamap/05_Epigenetics/DNA_Methylation/02_Sites/AMP_Methyl_sites/JI846_methylC.bed.gz.tbi	maize_ZEAMAP/epigenome/dna_methylation/02_sites/AMP_Methyl_sites/JI846_methylC.bed.gz.tbi	1.20MB
https://ftp.cngb.org/pub/CNSA/data3/CNP0001565/zeamap/05_Epigenetics/DNA_Methylation/02_Sites/AMP_Methyl_sites/JY01_methylC.bed.gz	maize_ZEAMAP/epigenome/dna_methylation/02_sites/AMP_Methyl_sites/JY01_methylC.bed.gz	369.75MB
https://ftp.cngb.org/pub/CNSA/data3/CNP0001565/zeamap/05_Epigenetics/DNA_Methylation/02_Sites/AMP_Methyl_sites/JY01_methylC.bed.gz.tbi	maize_ZEAMAP/epigenome/dna_methylation/02_sites/AMP_Methyl_sites/JY01_methylC.bed.gz.tbi	1.23MB
https://ftp.cngb.org/pub/CNSA/data3/CNP0001565/zeamap/05_Epigenetics/DNA_Methylation/02_Sites/AMP_Methyl_sites/K22_methylC.bed.gz	maize_ZEAMAP/epigenome/dna_methylation/02_sites/AMP_Methyl_sites/K22_methylC.bed.gz	418.50MB
https://ftp.cngb.org/pub/CNSA/data3/CNP0001565/zeamap/05_Epigenetics/DNA_Methylation/02_Sites/AMP_Methyl_sites/K22_methylC.bed.gz.tbi	maize_ZEAMAP/epigenome/dna_methylation/02_sites/AMP_Methyl_sites/K22_methylC.bed.gz.tbi	1.26MB
https://ftp.cngb.org/pub/CNSA/data3/CNP0001565/zeamap/05_Epigenetics/DNA_Methylation/02_Sites/AMP_Methyl_sites/L3180_methylC.bed.gz	maize_ZEAMAP/epigenome/dna_methylation/02_sites/AMP_Methyl_sites/L3180_methylC.bed.gz	511.84MB
https://ftp.cngb.org/pub/CNSA/data3/CNP0001565/zeamap/05_Epigenetics/DNA_Methylation/02_Sites/AMP_Methyl_sites/L3180_methylC.bed.gz.tbi	maize_ZEAMAP/epigenome/dna_methylation/02_sites/AMP_Methyl_sites/L3180_methylC.bed.gz.tbi	1.30MB
https://ftp.cngb.org/pub/CNSA/data3/CNP0001565/zeamap/05_Epigenetics/DNA_Methylation/02_Sites/AMP_Methyl_sites/LG001_methylC.bed.gz	maize_ZEAMAP/epigenome/dna_methylation/02_sites/AMP_Methyl_sites/LG001_methylC.bed.gz	350.81MB
https://ftp.cngb.org/pub/CNSA/data3/CNP0001565/zeamap/05_Epigenetics/DNA_Methylation/02_Sites/AMP_Methyl_sites/LG001_methylC.bed.gz.tbi	maize_ZEAMAP/epigenome/dna_methylation/02_sites/AMP_Methyl_sites/LG001_methylC.bed.gz.tbi	1.22MB
https://ftp.cngb.org/pub/CNSA/data3/CNP0001565/zeamap/05_Epigenetics/DNA_Methylation/02_Sites/AMP_Methyl_sites/LIAO159_methylC.bed.gz	maize_ZEAMAP/epigenome/dna_methylation/02_sites/AMP_Methyl_sites/LIAO159_methylC.bed.gz	301.30MB
https://ftp.cngb.org/pub/CNSA/data3/CNP0001565/zeamap/05_Epigenetics/DNA_Methylation/02_Sites/AMP_Methyl_sites/LIAO159_methylC.bed.gz.tbi	maize_ZEAMAP/epigenome/dna_methylation/02_sites/AMP_Methyl_sites/LIAO159_methylC.bed.gz.tbi	1.17MB
https://ftp.cngb.org/pub/CNSA/data3/CNP0001565/zeamap/05_Epigenetics/DNA_Methylation/02_Sites/AMP_Methyl_sites/LIAO5263_methylC.bed.gz	maize_ZEAMAP/epigenome/dna_methylation/02_sites/AMP_Methyl_sites/LIAO5263_methylC.bed.gz	481.24MB
https://ftp.cngb.org/pub/CNSA/data3/CNP0001565/zeamap/05_Epigenetics/DNA_Methylation/02_Sites/AMP_Methyl_sites/LIAO5263_methylC.bed.gz.tbi	maize_ZEAMAP/epigenome/dna_methylation/02_sites/AMP_Methyl_sites/LIAO5263_methylC.bed.gz.tbi	1.30MB
https://ftp.cngb.org/pub/CNSA/data3/CNP0001565/zeamap/05_Epigenetics/DNA_Methylation/02_Sites/AMP_Methyl_sites/LV28_methylC.bed.gz	maize_ZEAMAP/epigenome/dna_methylation/02_sites/AMP_Methyl_sites/LV28_methylC.bed.gz	341.76MB
https://ftp.cngb.org/pub/CNSA/data3/CNP0001565/zeamap/05_Epigenetics/DNA_Methylation/02_Sites/AMP_Methyl_sites/LV28_methylC.bed.gz.tbi	maize_ZEAMAP/epigenome/dna_methylation/02_sites/AMP_Methyl_sites/LV28_methylC.bed.gz.tbi	1.20MB
https://ftp.cngb.org/pub/CNSA/data3/CNP0001565/zeamap/05_Epigenetics/DNA_Methylation/02_Sites/AMP_Methyl_sites/LX9801_methylC.bed.gz	maize_ZEAMAP/epigenome/dna_methylation/02_sites/AMP_Methyl_sites/LX9801_methylC.bed.gz	317.41MB
https://ftp.cngb.org/pub/CNSA/data3/CNP0001565/zeamap/05_Epigenetics/DNA_Methylation/02_Sites/AMP_Methyl_sites/LX9801_methylC.bed.gz.tbi	maize_ZEAMAP/epigenome/dna_methylation/02_sites/AMP_Methyl_sites/LX9801_methylC.bed.gz.tbi	1.19MB
https://ftp.cngb.org/pub/CNSA/data3/CNP0001565/zeamap/05_Epigenetics/DNA_Methylation/02_Sites/AMP_Methyl_sites/LXN_methylC.bed.gz	maize_ZEAMAP/epigenome/dna_methylation/02_sites/AMP_Methyl_sites/LXN_methylC.bed.gz	445.89MB
https://ftp.cngb.org/pub/CNSA/data3/CNP0001565/zeamap/05_Epigenetics/DNA_Methylation/02_Sites/AMP_Methyl_sites/LXN_methylC.bed.gz.tbi	maize_ZEAMAP/epigenome/dna_methylation/02_sites/AMP_Methyl_sites/LXN_methylC.bed.gz.tbi	1.29MB
https://ftp.cngb.org/pub/CNSA/data3/CNP0001565/zeamap/05_Epigenetics/DNA_Methylation/02_Sites/AMP_Methyl_sites/LY_methylC.bed.gz	maize_ZEAMAP/epigenome/dna_methylation/02_sites/AMP_Methyl_sites/LY_methylC.bed.gz	326.83MB
https://ftp.cngb.org/pub/CNSA/data3/CNP0001565/zeamap/05_Epigenetics/DNA_Methylation/02_Sites/AMP_Methyl_sites/LY_methylC.bed.gz.tbi	maize_ZEAMAP/epigenome/dna_methylation/02_sites/AMP_Methyl_sites/LY_methylC.bed.gz.tbi	1.22MB
https://ftp.cngb.org/pub/CNSA/data3/CNP0001565/zeamap/05_Epigenetics/DNA_Methylation/02_Sites/AMP_Methyl_sites/M97_methylC.bed.gz	maize_ZEAMAP/epigenome/dna_methylation/02_sites/AMP_Methyl_sites/M97_methylC.bed.gz	391.33MB
https://ftp.cngb.org/pub/CNSA/data3/CNP0001565/zeamap/05_Epigenetics/DNA_Methylation/02_Sites/AMP_Methyl_sites/M97_methylC.bed.gz.tbi	maize_ZEAMAP/epigenome/dna_methylation/02_sites/AMP_Methyl_sites/M97_methylC.bed.gz.tbi	1.24MB
https://ftp.cngb.org/pub/CNSA/data3/CNP0001565/zeamap/05_Epigenetics/DNA_Methylation/02_Sites/AMP_Methyl_sites/MO17_methylC.bed.gz	maize_ZEAMAP/epigenome/dna_methylation/02_sites/AMP_Methyl_sites/MO17_methylC.bed.gz	334.24MB
https://ftp.cngb.org/pub/CNSA/data3/CNP0001565/zeamap/05_Epigenetics/DNA_Methylation/02_Sites/AMP_Methyl_sites/MO17_methylC.bed.gz.tbi	maize_ZEAMAP/epigenome/dna_methylation/02_sites/AMP_Methyl_sites/MO17_methylC.bed.gz.tbi	1.19MB
https://ftp.cngb.org/pub/CNSA/data3/CNP0001565/zeamap/05_Epigenetics/DNA_Methylation/02_Sites/AMP_Methyl_sites/P138_methylC.bed.gz	maize_ZEAMAP/epigenome/dna_methylation/02_sites/AMP_Methyl_sites/P138_methylC.bed.gz	445.80MB
https://ftp.cngb.org/pub/CNSA/data3/CNP0001565/zeamap/05_Epigenetics/DNA_Methylation/02_Sites/AMP_Methyl_sites/P138_methylC.bed.gz.tbi	maize_ZEAMAP/epigenome/dna_methylation/02_sites/AMP_Methyl_sites/P138_methylC.bed.gz.tbi	1.29MB
https://ftp.cngb.org/pub/CNSA/data3/CNP0001565/zeamap/05_Epigenetics/DNA_Methylation/02_Sites/AMP_Methyl_sites/P178_methylC.bed.gz	maize_ZEAMAP/epigenome/dna_methylation/02_sites/AMP_Methyl_sites/P178_methylC.bed.gz	547.61MB
https://ftp.cngb.org/pub/CNSA/data3/CNP0001565/zeamap/05_Epigenetics/DNA_Methylation/02_Sites/AMP_Methyl_sites/P178_methylC.bed.gz.tbi	maize_ZEAMAP/epigenome/dna_methylation/02_sites/AMP_Methyl_sites/P178_methylC.bed.gz.tbi	1.34MB
https://ftp.cngb.org/pub/CNSA/data3/CNP0001565/zeamap/05_Epigenetics/DNA_Methylation/02_Sites/AMP_Methyl_sites/Q1261_methylC.bed.gz	maize_ZEAMAP/epigenome/dna_methylation/02_sites/AMP_Methyl_sites/Q1261_methylC.bed.gz	361.15MB
https://ftp.cngb.org/pub/CNSA/data3/CNP0001565/zeamap/05_Epigenetics/DNA_Methylation/02_Sites/AMP_Methyl_sites/Q1261_methylC.bed.gz.tbi	maize_ZEAMAP/epigenome/dna_methylation/02_sites/AMP_Methyl_sites/Q1261_methylC.bed.gz.tbi	1.22MB
https://ftp.cngb.org/pub/CNSA/data3/CNP0001565/zeamap/05_Epigenetics/DNA_Methylation/02_Sites/AMP_Methyl_sites/QI205_methylC.bed.gz	maize_ZEAMAP/epigenome/dna_methylation/02_sites/AMP_Methyl_sites/QI205_methylC.bed.gz	317.77MB
https://ftp.cngb.org/pub/CNSA/data3/CNP0001565/zeamap/05_Epigenetics/DNA_Methylation/02_Sites/AMP_Methyl_sites/QI205_methylC.bed.gz.tbi	maize_ZEAMAP/epigenome/dna_methylation/02_sites/AMP_Methyl_sites/QI205_methylC.bed.gz.tbi	1.19MB
https://ftp.cngb.org/pub/CNSA/data3/CNP0001565/zeamap/05_Epigenetics/DNA_Methylation/02_Sites/AMP_Methyl_sites/QI319_methylC.bed.gz	maize_ZEAMAP/epigenome/dna_methylation/02_sites/AMP_Methyl_sites/QI319_methylC.bed.gz	371.12MB
https://ftp.cngb.org/pub/CNSA/data3/CNP0001565/zeamap/05_Epigenetics/DNA_Methylation/02_Sites/AMP_Methyl_sites/QI319_methylC.bed.gz.tbi	maize_ZEAMAP/epigenome/dna_methylation/02_sites/AMP_Methyl_sites/QI319_methylC.bed.gz.tbi	1.24MB
https://ftp.cngb.org/pub/CNSA/data3/CNP0001565/zeamap/05_Epigenetics/DNA_Methylation/02_Sites/AMP_Methyl_sites/RY697_methylC.bed.gz	maize_ZEAMAP/epigenome/dna_methylation/02_sites/AMP_Methyl_sites/RY697_methylC.bed.gz	472.22MB
https://ftp.cngb.org/pub/CNSA/data3/CNP0001565/zeamap/05_Epigenetics/DNA_Methylation/02_Sites/AMP_Methyl_sites/RY697_methylC.bed.gz.tbi	maize_ZEAMAP/epigenome/dna_methylation/02_sites/AMP_Methyl_sites/RY697_methylC.bed.gz.tbi	1.30MB
https://ftp.cngb.org/pub/CNSA/data3/CNP0001565/zeamap/05_Epigenetics/DNA_Methylation/02_Sites/AMP_Methyl_sites/RY713_methylC.bed.gz	maize_ZEAMAP/epigenome/dna_methylation/02_sites/AMP_Methyl_sites/RY713_methylC.bed.gz	325.06MB
https://ftp.cngb.org/pub/CNSA/data3/CNP0001565/zeamap/05_Epigenetics/DNA_Methylation/02_Sites/AMP_Methyl_sites/RY713_methylC.bed.gz.tbi	maize_ZEAMAP/epigenome/dna_methylation/02_sites/AMP_Methyl_sites/RY713_methylC.bed.gz.tbi	1.20MB
https://ftp.cngb.org/pub/CNSA/data3/CNP0001565/zeamap/05_Epigenetics/DNA_Methylation/02_Sites/AMP_Methyl_sites/RY732_methylC.bed.gz	maize_ZEAMAP/epigenome/dna_methylation/02_sites/AMP_Methyl_sites/RY732_methylC.bed.gz	363.66MB
https://ftp.cngb.org/pub/CNSA/data3/CNP0001565/zeamap/05_Epigenetics/DNA_Methylation/02_Sites/AMP_Methyl_sites/RY732_methylC.bed.gz.tbi	maize_ZEAMAP/epigenome/dna_methylation/02_sites/AMP_Methyl_sites/RY732_methylC.bed.gz.tbi	1.23MB
https://ftp.cngb.org/pub/CNSA/data3/CNP0001565/zeamap/05_Epigenetics/DNA_Methylation/02_Sites/AMP_Methyl_sites/S37_methylC.bed.gz	maize_ZEAMAP/epigenome/dna_methylation/02_sites/AMP_Methyl_sites/S37_methylC.bed.gz	363.31MB
https://ftp.cngb.org/pub/CNSA/data3/CNP0001565/zeamap/05_Epigenetics/DNA_Methylation/02_Sites/AMP_Methyl_sites/S37_methylC.bed.gz.tbi	maize_ZEAMAP/epigenome/dna_methylation/02_sites/AMP_Methyl_sites/S37_methylC.bed.gz.tbi	1.24MB
https://ftp.cngb.org/pub/CNSA/data3/CNP0001565/zeamap/05_Epigenetics/DNA_Methylation/02_Sites/AMP_Methyl_sites/SHEN137_methylC.bed.gz	maize_ZEAMAP/epigenome/dna_methylation/02_sites/AMP_Methyl_sites/SHEN137_methylC.bed.gz	286.80MB
https://ftp.cngb.org/pub/CNSA/data3/CNP0001565/zeamap/05_Epigenetics/DNA_Methylation/02_Sites/AMP_Methyl_sites/SHEN137_methylC.bed.gz.tbi	maize_ZEAMAP/epigenome/dna_methylation/02_sites/AMP_Methyl_sites/SHEN137_methylC.bed.gz.tbi	1.18MB
https://ftp.cngb.org/pub/CNSA/data3/CNP0001565/zeamap/05_Epigenetics/DNA_Methylation/02_Sites/AMP_Methyl_sites/SI273_methylC.bed.gz	maize_ZEAMAP/epigenome/dna_methylation/02_sites/AMP_Methyl_sites/SI273_methylC.bed.gz	327.88MB
https://ftp.cngb.org/pub/CNSA/data3/CNP0001565/zeamap/05_Epigenetics/DNA_Methylation/02_Sites/AMP_Methyl_sites/SI273_methylC.bed.gz.tbi	maize_ZEAMAP/epigenome/dna_methylation/02_sites/AMP_Methyl_sites/SI273_methylC.bed.gz.tbi	1.20MB
https://ftp.cngb.org/pub/CNSA/data3/CNP0001565/zeamap/05_Epigenetics/DNA_Methylation/02_Sites/AMP_Methyl_sites/SW92E114_methylC.bed.gz	maize_ZEAMAP/epigenome/dna_methylation/02_sites/AMP_Methyl_sites/SW92E114_methylC.bed.gz	421.25MB
https://ftp.cngb.org/pub/CNSA/data3/CNP0001565/zeamap/05_Epigenetics/DNA_Methylation/02_Sites/AMP_Methyl_sites/SW92E114_methylC.bed.gz.tbi	maize_ZEAMAP/epigenome/dna_methylation/02_sites/AMP_Methyl_sites/SW92E114_methylC.bed.gz.tbi	1.28MB
https://ftp.cngb.org/pub/CNSA/data3/CNP0001565/zeamap/05_Epigenetics/DNA_Methylation/02_Sites/AMP_Methyl_sites/SY1032_methylC.bed.gz	maize_ZEAMAP/epigenome/dna_methylation/02_sites/AMP_Methyl_sites/SY1032_methylC.bed.gz	290.25MB
https://ftp.cngb.org/pub/CNSA/data3/CNP0001565/zeamap/05_Epigenetics/DNA_Methylation/02_Sites/AMP_Methyl_sites/SY1032_methylC.bed.gz.tbi	maize_ZEAMAP/epigenome/dna_methylation/02_sites/AMP_Methyl_sites/SY1032_methylC.bed.gz.tbi	1.18MB
https://ftp.cngb.org/pub/CNSA/data3/CNP0001565/zeamap/05_Epigenetics/DNA_Methylation/02_Sites/AMP_Methyl_sites/SY1035_methylC.bed.gz	maize_ZEAMAP/epigenome/dna_methylation/02_sites/AMP_Methyl_sites/SY1035_methylC.bed.gz	335.25MB
https://ftp.cngb.org/pub/CNSA/data3/CNP0001565/zeamap/05_Epigenetics/DNA_Methylation/02_Sites/AMP_Methyl_sites/SY1035_methylC.bed.gz.tbi	maize_ZEAMAP/epigenome/dna_methylation/02_sites/AMP_Methyl_sites/SY1035_methylC.bed.gz.tbi	1.21MB
https://ftp.cngb.org/pub/CNSA/data3/CNP0001565/zeamap/05_Epigenetics/DNA_Methylation/02_Sites/AMP_Methyl_sites/SY1052_methylC.bed.gz	maize_ZEAMAP/epigenome/dna_methylation/02_sites/AMP_Methyl_sites/SY1052_methylC.bed.gz	405.54MB
https://ftp.cngb.org/pub/CNSA/data3/CNP0001565/zeamap/05_Epigenetics/DNA_Methylation/02_Sites/AMP_Methyl_sites/SY1052_methylC.bed.gz.tbi	maize_ZEAMAP/epigenome/dna_methylation/02_sites/AMP_Methyl_sites/SY1052_methylC.bed.gz.tbi	1.24MB
https://ftp.cngb.org/pub/CNSA/data3/CNP0001565/zeamap/05_Epigenetics/DNA_Methylation/02_Sites/AMP_Methyl_sites/SY3073_methylC.bed.gz	maize_ZEAMAP/epigenome/dna_methylation/02_sites/AMP_Methyl_sites/SY3073_methylC.bed.gz	492.00MB
https://ftp.cngb.org/pub/CNSA/data3/CNP0001565/zeamap/05_Epigenetics/DNA_Methylation/02_Sites/AMP_Methyl_sites/SY3073_methylC.bed.gz.tbi	maize_ZEAMAP/epigenome/dna_methylation/02_sites/AMP_Methyl_sites/SY3073_methylC.bed.gz.tbi	1.31MB
https://ftp.cngb.org/pub/CNSA/data3/CNP0001565/zeamap/05_Epigenetics/DNA_Methylation/02_Sites/AMP_Methyl_sites/TIAN77_methylC.bed.gz	maize_ZEAMAP/epigenome/dna_methylation/02_sites/AMP_Methyl_sites/TIAN77_methylC.bed.gz	328.81MB
https://ftp.cngb.org/pub/CNSA/data3/CNP0001565/zeamap/05_Epigenetics/DNA_Methylation/02_Sites/AMP_Methyl_sites/TIAN77_methylC.bed.gz.tbi	maize_ZEAMAP/epigenome/dna_methylation/02_sites/AMP_Methyl_sites/TIAN77_methylC.bed.gz.tbi	1.22MB
https://ftp.cngb.org/pub/CNSA/data3/CNP0001565/zeamap/05_Epigenetics/DNA_Methylation/02_Sites/AMP_Methyl_sites/TIE7922_methylC.bed.gz	maize_ZEAMAP/epigenome/dna_methylation/02_sites/AMP_Methyl_sites/TIE7922_methylC.bed.gz	535.31MB
https://ftp.cngb.org/pub/CNSA/data3/CNP0001565/zeamap/05_Epigenetics/DNA_Methylation/02_Sites/AMP_Methyl_sites/TIE7922_methylC.bed.gz.tbi	maize_ZEAMAP/epigenome/dna_methylation/02_sites/AMP_Methyl_sites/TIE7922_methylC.bed.gz.tbi	1.32MB
https://ftp.cngb.org/pub/CNSA/data3/CNP0001565/zeamap/05_Epigenetics/DNA_Methylation/02_Sites/AMP_Methyl_sites/TT16_methylC.bed.gz	maize_ZEAMAP/epigenome/dna_methylation/02_sites/AMP_Methyl_sites/TT16_methylC.bed.gz	476.70MB
https://ftp.cngb.org/pub/CNSA/data3/CNP0001565/zeamap/05_Epigenetics/DNA_Methylation/02_Sites/AMP_Methyl_sites/TT16_methylC.bed.gz.tbi	maize_ZEAMAP/epigenome/dna_methylation/02_sites/AMP_Methyl_sites/TT16_methylC.bed.gz.tbi	1.30MB
https://ftp.cngb.org/pub/CNSA/data3/CNP0001565/zeamap/05_Epigenetics/DNA_Methylation/02_Sites/AMP_Methyl_sites/TX5_methylC.bed.gz	maize_ZEAMAP/epigenome/dna_methylation/02_sites/AMP_Methyl_sites/TX5_methylC.bed.gz	153.72MB
https://ftp.cngb.org/pub/CNSA/data3/CNP0001565/zeamap/05_Epigenetics/DNA_Methylation/02_Sites/AMP_Methyl_sites/TX5_methylC.bed.gz.tbi	maize_ZEAMAP/epigenome/dna_methylation/02_sites/AMP_Methyl_sites/TX5_methylC.bed.gz.tbi	1021.10KB
https://ftp.cngb.org/pub/CNSA/data3/CNP0001565/zeamap/05_Epigenetics/DNA_Methylation/02_Sites/AMP_Methyl_sites/TY10_methylC.bed.gz	maize_ZEAMAP/epigenome/dna_methylation/02_sites/AMP_Methyl_sites/TY10_methylC.bed.gz	368.16MB
https://ftp.cngb.org/pub/CNSA/data3/CNP0001565/zeamap/05_Epigenetics/DNA_Methylation/02_Sites/AMP_Methyl_sites/TY10_methylC.bed.gz.tbi	maize_ZEAMAP/epigenome/dna_methylation/02_sites/AMP_Methyl_sites/TY10_methylC.bed.gz.tbi	1.23MB
https://ftp.cngb.org/pub/CNSA/data3/CNP0001565/zeamap/05_Epigenetics/DNA_Methylation/02_Sites/AMP_Methyl_sites/TY11_methylC.bed.gz	maize_ZEAMAP/epigenome/dna_methylation/02_sites/AMP_Methyl_sites/TY11_methylC.bed.gz	371.44MB
https://ftp.cngb.org/pub/CNSA/data3/CNP0001565/zeamap/05_Epigenetics/DNA_Methylation/02_Sites/AMP_Methyl_sites/TY11_methylC.bed.gz.tbi	maize_ZEAMAP/epigenome/dna_methylation/02_sites/AMP_Methyl_sites/TY11_methylC.bed.gz.tbi	1.24MB
https://ftp.cngb.org/pub/CNSA/data3/CNP0001565/zeamap/05_Epigenetics/DNA_Methylation/02_Sites/AMP_Methyl_sites/TY1_methylC.bed.gz	maize_ZEAMAP/epigenome/dna_methylation/02_sites/AMP_Methyl_sites/TY1_methylC.bed.gz	442.03MB
https://ftp.cngb.org/pub/CNSA/data3/CNP0001565/zeamap/05_Epigenetics/DNA_Methylation/02_Sites/AMP_Methyl_sites/TY1_methylC.bed.gz.tbi	maize_ZEAMAP/epigenome/dna_methylation/02_sites/AMP_Methyl_sites/TY1_methylC.bed.gz.tbi	1.29MB
https://ftp.cngb.org/pub/CNSA/data3/CNP0001565/zeamap/05_Epigenetics/DNA_Methylation/02_Sites/AMP_Methyl_sites/TY2_methylC.bed.gz	maize_ZEAMAP/epigenome/dna_methylation/02_sites/AMP_Methyl_sites/TY2_methylC.bed.gz	259.63MB
https://ftp.cngb.org/pub/CNSA/data3/CNP0001565/zeamap/05_Epigenetics/DNA_Methylation/02_Sites/AMP_Methyl_sites/TY2_methylC.bed.gz.tbi	maize_ZEAMAP/epigenome/dna_methylation/02_sites/AMP_Methyl_sites/TY2_methylC.bed.gz.tbi	1.15MB
https://ftp.cngb.org/pub/CNSA/data3/CNP0001565/zeamap/05_Epigenetics/DNA_Methylation/02_Sites/AMP_Methyl_sites/TY3_methylC.bed.gz	maize_ZEAMAP/epigenome/dna_methylation/02_sites/AMP_Methyl_sites/TY3_methylC.bed.gz	288.04MB
https://ftp.cngb.org/pub/CNSA/data3/CNP0001565/zeamap/05_Epigenetics/DNA_Methylation/02_Sites/AMP_Methyl_sites/TY3_methylC.bed.gz.tbi	maize_ZEAMAP/epigenome/dna_methylation/02_sites/AMP_Methyl_sites/TY3_methylC.bed.gz.tbi	1.17MB
https://ftp.cngb.org/pub/CNSA/data3/CNP0001565/zeamap/05_Epigenetics/DNA_Methylation/02_Sites/AMP_Methyl_sites/TY6_methylC.bed.gz	maize_ZEAMAP/epigenome/dna_methylation/02_sites/AMP_Methyl_sites/TY6_methylC.bed.gz	310.45MB
https://ftp.cngb.org/pub/CNSA/data3/CNP0001565/zeamap/05_Epigenetics/DNA_Methylation/02_Sites/AMP_Methyl_sites/TY6_methylC.bed.gz.tbi	maize_ZEAMAP/epigenome/dna_methylation/02_sites/AMP_Methyl_sites/TY6_methylC.bed.gz.tbi	1.20MB
https://ftp.cngb.org/pub/CNSA/data3/CNP0001565/zeamap/05_Epigenetics/DNA_Methylation/02_Sites/AMP_Methyl_sites/TY7_methylC.bed.gz	maize_ZEAMAP/epigenome/dna_methylation/02_sites/AMP_Methyl_sites/TY7_methylC.bed.gz	250.23MB
https://ftp.cngb.org/pub/CNSA/data3/CNP0001565/zeamap/05_Epigenetics/DNA_Methylation/02_Sites/AMP_Methyl_sites/TY7_methylC.bed.gz.tbi	maize_ZEAMAP/epigenome/dna_methylation/02_sites/AMP_Methyl_sites/TY7_methylC.bed.gz.tbi	1.14MB
https://ftp.cngb.org/pub/CNSA/data3/CNP0001565/zeamap/05_Epigenetics/DNA_Methylation/02_Sites/AMP_Methyl_sites/TY8_methylC.bed.gz	maize_ZEAMAP/epigenome/dna_methylation/02_sites/AMP_Methyl_sites/TY8_methylC.bed.gz	298.58MB
https://ftp.cngb.org/pub/CNSA/data3/CNP0001565/zeamap/05_Epigenetics/DNA_Methylation/02_Sites/AMP_Methyl_sites/TY8_methylC.bed.gz.tbi	maize_ZEAMAP/epigenome/dna_methylation/02_sites/AMP_Methyl_sites/TY8_methylC.bed.gz.tbi	1.18MB
https://ftp.cngb.org/pub/CNSA/data3/CNP0001565/zeamap/05_Epigenetics/DNA_Methylation/02_Sites/AMP_Methyl_sites/W138_methylC.bed.gz	maize_ZEAMAP/epigenome/dna_methylation/02_sites/AMP_Methyl_sites/W138_methylC.bed.gz	291.66MB
https://ftp.cngb.org/pub/CNSA/data3/CNP0001565/zeamap/05_Epigenetics/DNA_Methylation/02_Sites/AMP_Methyl_sites/W138_methylC.bed.gz.tbi	maize_ZEAMAP/epigenome/dna_methylation/02_sites/AMP_Methyl_sites/W138_methylC.bed.gz.tbi	1.18MB
https://ftp.cngb.org/pub/CNSA/data3/CNP0001565/zeamap/05_Epigenetics/DNA_Methylation/02_Sites/AMP_Methyl_sites/WMR_methylC.bed.gz	maize_ZEAMAP/epigenome/dna_methylation/02_sites/AMP_Methyl_sites/WMR_methylC.bed.gz	403.60MB
https://ftp.cngb.org/pub/CNSA/data3/CNP0001565/zeamap/05_Epigenetics/DNA_Methylation/02_Sites/AMP_Methyl_sites/WMR_methylC.bed.gz.tbi	maize_ZEAMAP/epigenome/dna_methylation/02_sites/AMP_Methyl_sites/WMR_methylC.bed.gz.tbi	1.26MB
https://ftp.cngb.org/pub/CNSA/data3/CNP0001565/zeamap/05_Epigenetics/DNA_Methylation/02_Sites/AMP_Methyl_sites/WU109_methylC.bed.gz	maize_ZEAMAP/epigenome/dna_methylation/02_sites/AMP_Methyl_sites/WU109_methylC.bed.gz	425.03MB
https://ftp.cngb.org/pub/CNSA/data3/CNP0001565/zeamap/05_Epigenetics/DNA_Methylation/02_Sites/AMP_Methyl_sites/WU109_methylC.bed.gz.tbi	maize_ZEAMAP/epigenome/dna_methylation/02_sites/AMP_Methyl_sites/WU109_methylC.bed.gz.tbi	1.27MB
https://ftp.cngb.org/pub/CNSA/data3/CNP0001565/zeamap/05_Epigenetics/DNA_Methylation/02_Sites/AMP_Methyl_sites/YE488_methylC.bed.gz	maize_ZEAMAP/epigenome/dna_methylation/02_sites/AMP_Methyl_sites/YE488_methylC.bed.gz	241.75MB
https://ftp.cngb.org/pub/CNSA/data3/CNP0001565/zeamap/05_Epigenetics/DNA_Methylation/02_Sites/AMP_Methyl_sites/YE488_methylC.bed.gz.tbi	maize_ZEAMAP/epigenome/dna_methylation/02_sites/AMP_Methyl_sites/YE488_methylC.bed.gz.tbi	1.14MB
https://ftp.cngb.org/pub/CNSA/data3/CNP0001565/zeamap/05_Epigenetics/DNA_Methylation/02_Sites/AMP_Methyl_sites/YU374_methylC.bed.gz	maize_ZEAMAP/epigenome/dna_methylation/02_sites/AMP_Methyl_sites/YU374_methylC.bed.gz	218.42MB
https://ftp.cngb.org/pub/CNSA/data3/CNP0001565/zeamap/05_Epigenetics/DNA_Methylation/02_Sites/AMP_Methyl_sites/YU374_methylC.bed.gz.tbi	maize_ZEAMAP/epigenome/dna_methylation/02_sites/AMP_Methyl_sites/YU374_methylC.bed.gz.tbi	1.09MB
https://ftp.cngb.org/pub/CNSA/data3/CNP0001565/zeamap/05_Epigenetics/DNA_Methylation/02_Sites/AMP_Methyl_sites/YU87-1_methylC.bed.gz	maize_ZEAMAP/epigenome/dna_methylation/02_sites/AMP_Methyl_sites/YU87-1_methylC.bed.gz	245.35MB
https://ftp.cngb.org/pub/CNSA/data3/CNP0001565/zeamap/05_Epigenetics/DNA_Methylation/02_Sites/AMP_Methyl_sites/YU87-1_methylC.bed.gz.tbi	maize_ZEAMAP/epigenome/dna_methylation/02_sites/AMP_Methyl_sites/YU87-1_methylC.bed.gz.tbi	1.15MB
https://ftp.cngb.org/pub/CNSA/data3/CNP0001565/zeamap/05_Epigenetics/DNA_Methylation/02_Sites/AMP_Methyl_sites/Z2018F_methylC.bed.gz	maize_ZEAMAP/epigenome/dna_methylation/02_sites/AMP_Methyl_sites/Z2018F_methylC.bed.gz	362.58MB
https://ftp.cngb.org/pub/CNSA/data3/CNP0001565/zeamap/05_Epigenetics/DNA_Methylation/02_Sites/AMP_Methyl_sites/Z2018F_methylC.bed.gz.tbi	maize_ZEAMAP/epigenome/dna_methylation/02_sites/AMP_Methyl_sites/Z2018F_methylC.bed.gz.tbi	1.22MB
https://ftp.cngb.org/pub/CNSA/data3/CNP0001565/zeamap/05_Epigenetics/DNA_Methylation/02_Sites/AMP_Methyl_sites/ZB648_methylC.bed.gz	maize_ZEAMAP/epigenome/dna_methylation/02_sites/AMP_Methyl_sites/ZB648_methylC.bed.gz	334.11MB
https://ftp.cngb.org/pub/CNSA/data3/CNP0001565/zeamap/05_Epigenetics/DNA_Methylation/02_Sites/AMP_Methyl_sites/ZB648_methylC.bed.gz.tbi	maize_ZEAMAP/epigenome/dna_methylation/02_sites/AMP_Methyl_sites/ZB648_methylC.bed.gz.tbi	1.21MB
https://ftp.cngb.org/pub/CNSA/data3/CNP0001565/zeamap/05_Epigenetics/DNA_Methylation/02_Sites/AMP_Methyl_sites/ZHENG22_methylC.bed.gz	maize_ZEAMAP/epigenome/dna_methylation/02_sites/AMP_Methyl_sites/ZHENG22_methylC.bed.gz	411.03MB
https://ftp.cngb.org/pub/CNSA/data3/CNP0001565/zeamap/05_Epigenetics/DNA_Methylation/02_Sites/AMP_Methyl_sites/ZHENG22_methylC.bed.gz.tbi	maize_ZEAMAP/epigenome/dna_methylation/02_sites/AMP_Methyl_sites/ZHENG22_methylC.bed.gz.tbi	1.27MB
https://ftp.cngb.org/pub/CNSA/data3/CNP0001565/zeamap/05_Epigenetics/DNA_Methylation/02_Sites/AMP_Methyl_sites/ZHENG29_methylC.bed.gz	maize_ZEAMAP/epigenome/dna_methylation/02_sites/AMP_Methyl_sites/ZHENG29_methylC.bed.gz	511.76MB
https://ftp.cngb.org/pub/CNSA/data3/CNP0001565/zeamap/05_Epigenetics/DNA_Methylation/02_Sites/AMP_Methyl_sites/ZHENG29_methylC.bed.gz.tbi	maize_ZEAMAP/epigenome/dna_methylation/02_sites/AMP_Methyl_sites/ZHENG29_methylC.bed.gz.tbi	1.31MB
https://ftp.cngb.org/pub/CNSA/data3/CNP0001565/zeamap/05_Epigenetics/DNA_Methylation/02_Sites/AMP_Methyl_sites/ZHENG30_methylC.bed.gz	maize_ZEAMAP/epigenome/dna_methylation/02_sites/AMP_Methyl_sites/ZHENG30_methylC.bed.gz	360.51MB
https://ftp.cngb.org/pub/CNSA/data3/CNP0001565/zeamap/05_Epigenetics/DNA_Methylation/02_Sites/AMP_Methyl_sites/ZHENG30_methylC.bed.gz.tbi	maize_ZEAMAP/epigenome/dna_methylation/02_sites/AMP_Methyl_sites/ZHENG30_methylC.bed.gz.tbi	1.22MB
https://ftp.cngb.org/pub/CNSA/data3/CNP0001565/zeamap/05_Epigenetics/DNA_Methylation/02_Sites/AMP_Methyl_sites/ZHENG35_methylC.bed.gz	maize_ZEAMAP/epigenome/dna_methylation/02_sites/AMP_Methyl_sites/ZHENG35_methylC.bed.gz	429.90MB
https://ftp.cngb.org/pub/CNSA/data3/CNP0001565/zeamap/05_Epigenetics/DNA_Methylation/02_Sites/AMP_Methyl_sites/ZHENG35_methylC.bed.gz.tbi	maize_ZEAMAP/epigenome/dna_methylation/02_sites/AMP_Methyl_sites/ZHENG35_methylC.bed.gz.tbi	1.26MB
https://ftp.cngb.org/pub/CNSA/data3/CNP0001565/zeamap/05_Epigenetics/DNA_Methylation/02_Sites/AMP_Methyl_sites/ZHENG58_methylC.bed.gz	maize_ZEAMAP/epigenome/dna_methylation/02_sites/AMP_Methyl_sites/ZHENG58_methylC.bed.gz	379.44MB
https://ftp.cngb.org/pub/CNSA/data3/CNP0001565/zeamap/05_Epigenetics/DNA_Methylation/02_Sites/AMP_Methyl_sites/ZHENG58_methylC.bed.gz.tbi	maize_ZEAMAP/epigenome/dna_methylation/02_sites/AMP_Methyl_sites/ZHENG58_methylC.bed.gz.tbi	1.24MB
https://ftp.cngb.org/pub/CNSA/data3/CNP0001565/zeamap/05_Epigenetics/DNA_Methylation/02_Sites/AMP_Methyl_sites/ZHENG653_methylC.bed.gz	maize_ZEAMAP/epigenome/dna_methylation/02_sites/AMP_Methyl_sites/ZHENG653_methylC.bed.gz	298.96MB
https://ftp.cngb.org/pub/CNSA/data3/CNP0001565/zeamap/05_Epigenetics/DNA_Methylation/02_Sites/AMP_Methyl_sites/ZHENG653_methylC.bed.gz.tbi	maize_ZEAMAP/epigenome/dna_methylation/02_sites/AMP_Methyl_sites/ZHENG653_methylC.bed.gz.tbi	1.16MB
https://ftp.cngb.org/pub/CNSA/data3/CNP0001565/zeamap/05_Epigenetics/DNA_Methylation/02_Sites/AMP_Methyl_sites/ZHI41_methylC.bed.gz	maize_ZEAMAP/epigenome/dna_methylation/02_sites/AMP_Methyl_sites/ZHI41_methylC.bed.gz	481.41MB
https://ftp.cngb.org/pub/CNSA/data3/CNP0001565/zeamap/05_Epigenetics/DNA_Methylation/02_Sites/AMP_Methyl_sites/ZHI41_methylC.bed.gz.tbi	maize_ZEAMAP/epigenome/dna_methylation/02_sites/AMP_Methyl_sites/ZHI41_methylC.bed.gz.tbi	1.31MB
https://ftp.cngb.org/pub/CNSA/data3/CNP0001565/zeamap/05_Epigenetics/DNA_Methylation/02_Sites/AMP_Methyl_sites/ZZ01_methylC.bed.gz	maize_ZEAMAP/epigenome/dna_methylation/02_sites/AMP_Methyl_sites/ZZ01_methylC.bed.gz	367.45MB
https://ftp.cngb.org/pub/CNSA/data3/CNP0001565/zeamap/05_Epigenetics/DNA_Methylation/02_Sites/AMP_Methyl_sites/ZZ01_methylC.bed.gz.tbi	maize_ZEAMAP/epigenome/dna_methylation/02_sites/AMP_Methyl_sites/ZZ01_methylC.bed.gz.tbi	1.22MB
https://ftp.cngb.org/pub/CNSA/data3/CNP0001565/zeamap/05_Epigenetics/DNA_Methylation/02_Sites/AMP_Methyl_sites/md5.txt	maize_ZEAMAP/epigenome/dna_methylation/02_sites/AMP_Methyl_sites/md5.txt	29.70KB
https://ftp.cngb.org/pub/CNSA/data3/CNP0001565/zeamap/05_Epigenetics/Chromatin_Accessibility/MNase_root_heavy.bw	maize_ZEAMAP/epigenome/chromatin_accessibility/MNase_root_heavy.bw	250.08MB
https://ftp.cngb.org/pub/CNSA/data3/CNP0001565/zeamap/05_Epigenetics/Chromatin_Accessibility/MNase_root_light.bw	maize_ZEAMAP/epigenome/chromatin_accessibility/MNase_root_light.bw	35.22MB
https://ftp.cngb.org/pub/CNSA/data3/CNP0001565/zeamap/05_Epigenetics/Chromatin_Accessibility/MNase_shoot_heavy.bw	maize_ZEAMAP/epigenome/chromatin_accessibility/MNase_shoot_heavy.bw	194.89MB
https://ftp.cngb.org/pub/CNSA/data3/CNP0001565/zeamap/05_Epigenetics/Chromatin_Accessibility/MNase_shoot_light.bw	maize_ZEAMAP/epigenome/chromatin_accessibility/MNase_shoot_light.bw	275.58MB
https://ftp.cngb.org/pub/CNSA/data3/CNP0001565/zeamap/05_Epigenetics/Chromatin_Accessibility/md5.txt	maize_ZEAMAP/epigenome/chromatin_accessibility/md5.txt	218B
https://ftp.cngb.org/pub/CNSA/data3/CNP0001565/zeamap/05_Epigenetics/Chromatin_Interaction/B73_H3K4me3.lrgbed.gz	maize_ZEAMAP/epigenome/chromatin_interaction/B73_H3K4me3.lrgbed.gz	8.72MB
https://ftp.cngb.org/pub/CNSA/data3/CNP0001565/zeamap/05_Epigenetics/Chromatin_Interaction/B73_H3K4me3.lrgbed.gz.tbi	maize_ZEAMAP/epigenome/chromatin_interaction/B73_H3K4me3.lrgbed.gz.tbi	579.79KB
https://ftp.cngb.org/pub/CNSA/data3/CNP0001565/zeamap/05_Epigenetics/Chromatin_Interaction/B73_H3K4me3.lrgrefbed.gz	maize_ZEAMAP/epigenome/chromatin_interaction/B73_H3K4me3.lrgrefbed.gz	14.60MB
https://ftp.cngb.org/pub/CNSA/data3/CNP0001565/zeamap/05_Epigenetics/Chromatin_Interaction/B73_H3K4me3.lrgrefbed.gz.tbi	maize_ZEAMAP/epigenome/chromatin_interaction/B73_H3K4me3.lrgrefbed.gz.tbi	625.25KB
https://ftp.cngb.org/pub/CNSA/data3/CNP0001565/zeamap/05_Epigenetics/Chromatin_Interaction/B73_H3K4me3.lrgtsv.gz	maize_ZEAMAP/epigenome/chromatin_interaction/B73_H3K4me3.lrgtsv.gz	5.63MB
https://ftp.cngb.org/pub/CNSA/data3/CNP0001565/zeamap/05_Epigenetics/Chromatin_Interaction/B73_RNAPII.lrgbed.gz	maize_ZEAMAP/epigenome/chromatin_interaction/B73_RNAPII.lrgbed.gz	7.77MB
https://ftp.cngb.org/pub/CNSA/data3/CNP0001565/zeamap/05_Epigenetics/Chromatin_Interaction/B73_RNAPII.lrgbed.gz.tbi	maize_ZEAMAP/epigenome/chromatin_interaction/B73_RNAPII.lrgbed.gz.tbi	582.60KB
https://ftp.cngb.org/pub/CNSA/data3/CNP0001565/zeamap/05_Epigenetics/Chromatin_Interaction/B73_RNAPII.lrgrefbed.gz	maize_ZEAMAP/epigenome/chromatin_interaction/B73_RNAPII.lrgrefbed.gz	13.07MB
https://ftp.cngb.org/pub/CNSA/data3/CNP0001565/zeamap/05_Epigenetics/Chromatin_Interaction/B73_RNAPII.lrgrefbed.gz.tbi	maize_ZEAMAP/epigenome/chromatin_interaction/B73_RNAPII.lrgrefbed.gz.tbi	633.66KB
https://ftp.cngb.org/pub/CNSA/data3/CNP0001565/zeamap/05_Epigenetics/Chromatin_Interaction/B73_RNAPII.lrgtsv.gz	maize_ZEAMAP/epigenome/chromatin_interaction/B73_RNAPII.lrgtsv.gz	4.90MB
https://ftp.cngb.org/pub/CNSA/data3/CNP0001565/zeamap/05_Epigenetics/Chromatin_Interaction/md5.txt	maize_ZEAMAP/epigenome/chromatin_interaction/md5.txt	583B
